naptan,station,day_of_week,time_band,band_start,typical_pct,am_peak_band,pm_peak_band
940GZZLUWLO,Waterloo,SAT,00:00-00:15,00:00,0.18,11:45-13:45,17:15-19:15
940GZZLUWLO,Waterloo,SAT,00:15-00:30,00:15,0.15,11:45-13:45,17:15-19:15
940GZZLUWLO,Waterloo,SAT,00:30-00:45,00:30,0.13,11:45-13:45,17:15-19:15
940GZZLUWLO,Waterloo,SAT,00:45-01:00,00:45,0.11,11:45-13:45,17:15-19:15
940GZZLUWLO,Waterloo,SAT,01:00-01:15,01:00,0.09,11:45-13:45,17:15-19:15
940GZZLUWLO,Waterloo,SAT,01:15-01:30,01:15,0.08,11:45-13:45,17:15-19:15
940GZZLUWLO,Waterloo,SAT,01:30-01:45,01:30,0.07,11:45-13:45,17:15-19:15
940GZZLUWLO,Waterloo,SAT,01:45-02:00,01:45,0.06,11:45-13:45,17:15-19:15
940GZZLUWLO,Waterloo,SAT,02:00-02:15,02:00,0.05,11:45-13:45,17:15-19:15
940GZZLUWLO,Waterloo,SAT,02:15-02:30,02:15,0.04,11:45-13:45,17:15-19:15
940GZZLUWLO,Waterloo,SAT,02:30-02:45,02:30,0.04,11:45-13:45,17:15-19:15
940GZZLUWLO,Waterloo,SAT,02:45-03:00,02:45,0.03,11:45-13:45,17:15-19:15
940GZZLUWLO,Waterloo,SAT,03:00-03:15,03:00,0.03,11:45-13:45,17:15-19:15
940GZZLUWLO,Waterloo,SAT,03:15-03:30,03:15,0.03,11:45-13:45,17:15-19:15
940GZZLUWLO,Waterloo,SAT,03:30-03:45,03:30,0.02,11:45-13:45,17:15-19:15
940GZZLUWLO,Waterloo,SAT,03:45-04:00,03:45,0.02,11:45-13:45,17:15-19:15
940GZZLUWLO,Waterloo,SAT,04:00-04:15,04:00,0.02,11:45-13:45,17:15-19:15
940GZZLUWLO,Waterloo,SAT,04:15-04:30,04:15,0.02,11:45-13:45,17:15-19:15
940GZZLUWLO,Waterloo,SAT,04:30-04:45,04:30,0.02,11:45-13:45,17:15-19:15
940GZZLUWLO,Waterloo,SAT,04:45-05:00,04:45,0.02,11:45-13:45,17:15-19:15
940GZZLUWLO,Waterloo,SAT,05:00-05:15,05:00,0.02,11:45-13:45,17:15-19:15
940GZZLUWLO,Waterloo,SAT,05:15-05:30,05:15,0.02,11:45-13:45,17:15-19:15
940GZZLUWLO,Waterloo,SAT,05:30-05:45,05:30,0.02,11:45-13:45,17:15-19:15
940GZZLUWLO,Waterloo,SAT,05:45-06:00,05:45,0.02,11:45-13:45,17:15-19:15
940GZZLUWLO,Waterloo,SAT,06:00-06:15,06:00,0.03,11:45-13:45,17:15-19:15
940GZZLUWLO,Waterloo,SAT,06:15-06:30,06:15,0.03,11:45-13:45,17:15-19:15
940GZZLUWLO,Waterloo,SAT,06:30-06:45,06:30,0.04,11:45-13:45,17:15-19:15
940GZZLUWLO,Waterloo,SAT,06:45-07:00,06:45,0.05,11:45-13:45,17:15-19:15
940GZZLUWLO,Waterloo,SAT,07:00-07:15,07:00,0.06,11:45-13:45,17:15-19:15
940GZZLUWLO,Waterloo,SAT,07:15-07:30,07:15,0.06,11:45-13:45,17:15-19:15
940GZZLUWLO,Waterloo,SAT,07:30-07:45,07:30,0.08,11:45-13:45,17:15-19:15
940GZZLUWLO,Waterloo,SAT,07:45-08:00,07:45,0.09,11:45-13:45,17:15-19:15
940GZZLUWLO,Waterloo,SAT,08:00-08:15,08:00,0.1,11:45-13:45,17:15-19:15
940GZZLUWLO,Waterloo,SAT,08:15-08:30,08:15,0.11,11:45-13:45,17:15-19:15
940GZZLUWLO,Waterloo,SAT,08:30-08:45,08:30,0.12,11:45-13:45,17:15-19:15
940GZZLUWLO,Waterloo,SAT,08:45-09:00,08:45,0.13,11:45-13:45,17:15-19:15
940GZZLUWLO,Waterloo,SAT,09:00-09:15,09:00,0.14,11:45-13:45,17:15-19:15
940GZZLUWLO,Waterloo,SAT,09:15-09:30,09:15,0.15,11:45-13:45,17:15-19:15
940GZZLUWLO,Waterloo,SAT,09:30-09:45,09:30,0.17,11:45-13:45,17:15-19:15
940GZZLUWLO,Waterloo,SAT,09:45-10:00,09:45,0.18,11:45-13:45,17:15-19:15
940GZZLUWLO,Waterloo,SAT,10:00-10:15,10:00,0.2,11:45-13:45,17:15-19:15
940GZZLUWLO,Waterloo,SAT,10:15-10:30,10:15,0.21,11:45-13:45,17:15-19:15
940GZZLUWLO,Waterloo,SAT,10:30-10:45,10:30,0.22,11:45-13:45,17:15-19:15
940GZZLUWLO,Waterloo,SAT,10:45-11:00,10:45,0.24,11:45-13:45,17:15-19:15
940GZZLUWLO,Waterloo,SAT,11:00-11:15,11:00,0.25,11:45-13:45,17:15-19:15
940GZZLUWLO,Waterloo,SAT,11:15-11:30,11:15,0.26,11:45-13:45,17:15-19:15
940GZZLUWLO,Waterloo,SAT,11:30-11:45,11:30,0.28,11:45-13:45,17:15-19:15
940GZZLUWLO,Waterloo,SAT,11:45-12:00,11:45,0.29,11:45-13:45,17:15-19:15
940GZZLUWLO,Waterloo,SAT,12:00-12:15,12:00,0.3,11:45-13:45,17:15-19:15
940GZZLUWLO,Waterloo,SAT,12:15-12:30,12:15,0.31,11:45-13:45,17:15-19:15
940GZZLUWLO,Waterloo,SAT,12:30-12:45,12:30,0.31,11:45-13:45,17:15-19:15
940GZZLUWLO,Waterloo,SAT,12:45-13:00,12:45,0.32,11:45-13:45,17:15-19:15
940GZZLUWLO,Waterloo,SAT,13:00-13:15,13:00,0.32,11:45-13:45,17:15-19:15
940GZZLUWLO,Waterloo,SAT,13:15-13:30,13:15,0.32,11:45-13:45,17:15-19:15
940GZZLUWLO,Waterloo,SAT,13:30-13:45,13:30,0.32,11:45-13:45,17:15-19:15
940GZZLUWLO,Waterloo,SAT,13:45-14:00,13:45,0.32,11:45-13:45,17:15-19:15
940GZZLUWLO,Waterloo,SAT,14:00-14:15,14:00,0.31,11:45-13:45,17:15-19:15
940GZZLUWLO,Waterloo,SAT,14:15-14:30,14:15,0.31,11:45-13:45,17:15-19:15
940GZZLUWLO,Waterloo,SAT,14:30-14:45,14:30,0.31,11:45-13:45,17:15-19:15
940GZZLUWLO,Waterloo,SAT,14:45-15:00,14:45,0.31,11:45-13:45,17:15-19:15
940GZZLUWLO,Waterloo,SAT,15:00-15:15,15:00,0.3,11:45-13:45,17:15-19:15
940GZZLUWLO,Waterloo,SAT,15:15-15:30,15:15,0.3,11:45-13:45,17:15-19:15
940GZZLUWLO,Waterloo,SAT,15:30-15:45,15:30,0.31,11:45-13:45,17:15-19:15
940GZZLUWLO,Waterloo,SAT,15:45-16:00,15:45,0.31,11:45-13:45,17:15-19:15
940GZZLUWLO,Waterloo,SAT,16:00-16:15,16:00,0.31,11:45-13:45,17:15-19:15
940GZZLUWLO,Waterloo,SAT,16:15-16:30,16:15,0.32,11:45-13:45,17:15-19:15
940GZZLUWLO,Waterloo,SAT,16:30-16:45,16:30,0.32,11:45-13:45,17:15-19:15
940GZZLUWLO,Waterloo,SAT,16:45-17:00,16:45,0.33,11:45-13:45,17:15-19:15
940GZZLUWLO,Waterloo,SAT,17:00-17:15,17:00,0.34,11:45-13:45,17:15-19:15
940GZZLUWLO,Waterloo,SAT,17:15-17:30,17:15,0.34,11:45-13:45,17:15-19:15
940GZZLUWLO,Waterloo,SAT,17:30-17:45,17:30,0.35,11:45-13:45,17:15-19:15
940GZZLUWLO,Waterloo,SAT,17:45-18:00,17:45,0.36,11:45-13:45,17:15-19:15
940GZZLUWLO,Waterloo,SAT,18:00-18:15,18:00,0.36,11:45-13:45,17:15-19:15
940GZZLUWLO,Waterloo,SAT,18:15-18:30,18:15,0.36,11:45-13:45,17:15-19:15
940GZZLUWLO,Waterloo,SAT,18:30-18:45,18:30,0.36,11:45-13:45,17:15-19:15
940GZZLUWLO,Waterloo,SAT,18:45-19:00,18:45,0.35,11:45-13:45,17:15-19:15
940GZZLUWLO,Waterloo,SAT,19:00-19:15,19:00,0.35,11:45-13:45,17:15-19:15
940GZZLUWLO,Waterloo,SAT,19:15-19:30,19:15,0.34,11:45-13:45,17:15-19:15
940GZZLUWLO,Waterloo,SAT,19:30-19:45,19:30,0.33,11:45-13:45,17:15-19:15
940GZZLUWLO,Waterloo,SAT,19:45-20:00,19:45,0.32,11:45-13:45,17:15-19:15
940GZZLUWLO,Waterloo,SAT,20:00-20:15,20:00,0.3,11:45-13:45,17:15-19:15
940GZZLUWLO,Waterloo,SAT,20:15-20:30,20:15,0.29,11:45-13:45,17:15-19:15
940GZZLUWLO,Waterloo,SAT,20:30-20:45,20:30,0.27,11:45-13:45,17:15-19:15
940GZZLUWLO,Waterloo,SAT,20:45-21:00,20:45,0.26,11:45-13:45,17:15-19:15
940GZZLUWLO,Waterloo,SAT,21:00-21:15,21:00,0.26,11:45-13:45,17:15-19:15
940GZZLUWLO,Waterloo,SAT,21:15-21:30,21:15,0.26,11:45-13:45,17:15-19:15
940GZZLUWLO,Waterloo,SAT,21:30-21:45,21:30,0.26,11:45-13:45,17:15-19:15
940GZZLUWLO,Waterloo,SAT,21:45-22:00,21:45,0.26,11:45-13:45,17:15-19:15
940GZZLUWLO,Waterloo,SAT,22:00-22:15,22:00,0.26,11:45-13:45,17:15-19:15
940GZZLUWLO,Waterloo,SAT,22:15-22:30,22:15,0.26,11:45-13:45,17:15-19:15
940GZZLUWLO,Waterloo,SAT,22:30-22:45,22:30,0.26,11:45-13:45,17:15-19:15
940GZZLUWLO,Waterloo,SAT,22:45-23:00,22:45,0.26,11:45-13:45,17:15-19:15
940GZZLUWLO,Waterloo,SAT,23:00-23:15,23:00,0.26,11:45-13:45,17:15-19:15
940GZZLUWLO,Waterloo,SAT,23:15-23:30,23:15,0.25,11:45-13:45,17:15-19:15
940GZZLUWLO,Waterloo,SAT,23:30-23:45,23:30,0.24,11:45-13:45,17:15-19:15
940GZZLUWLO,Waterloo,SAT,23:45-00:00,23:45,0.23,11:45-13:45,17:15-19:15
940GZZLUWLO,Waterloo,MON,00:00-00:15,00:00,0.05,09:45-11:45,15:15-17:15
940GZZLUWLO,Waterloo,MON,00:15-00:30,00:15,0.04,09:45-11:45,15:15-17:15
940GZZLUWLO,Waterloo,MON,00:30-00:45,00:30,0.03,09:45-11:45,15:15-17:15
940GZZLUWLO,Waterloo,MON,00:45-01:00,00:45,0.02,09:45-11:45,15:15-17:15
940GZZLUWLO,Waterloo,MON,01:00-01:15,01:00,0.02,09:45-11:45,15:15-17:15
940GZZLUWLO,Waterloo,MON,01:15-01:30,01:15,0.01,09:45-11:45,15:15-17:15
940GZZLUWLO,Waterloo,MON,01:30-01:45,01:30,0.01,09:45-11:45,15:15-17:15
940GZZLUWLO,Waterloo,MON,01:45-02:00,01:45,0.01,09:45-11:45,15:15-17:15
940GZZLUWLO,Waterloo,MON,02:00-02:15,02:00,0.01,09:45-11:45,15:15-17:15
940GZZLUWLO,Waterloo,MON,02:15-02:30,02:15,0.01,09:45-11:45,15:15-17:15
940GZZLUWLO,Waterloo,MON,02:30-02:45,02:30,0.01,09:45-11:45,15:15-17:15
940GZZLUWLO,Waterloo,MON,02:45-03:00,02:45,0.01,09:45-11:45,15:15-17:15
940GZZLUWLO,Waterloo,MON,03:00-03:15,03:00,0.01,09:45-11:45,15:15-17:15
940GZZLUWLO,Waterloo,MON,03:15-03:30,03:15,0.01,09:45-11:45,15:15-17:15
940GZZLUWLO,Waterloo,MON,03:30-03:45,03:30,0.01,09:45-11:45,15:15-17:15
940GZZLUWLO,Waterloo,MON,03:45-04:00,03:45,0.01,09:45-11:45,15:15-17:15
940GZZLUWLO,Waterloo,MON,04:00-04:15,04:00,0.01,09:45-11:45,15:15-17:15
940GZZLUWLO,Waterloo,MON,04:15-04:30,04:15,0,09:45-11:45,15:15-17:15
940GZZLUWLO,Waterloo,MON,04:30-04:45,04:30,0,09:45-11:45,15:15-17:15
940GZZLUWLO,Waterloo,MON,04:45-05:00,04:45,0,09:45-11:45,15:15-17:15
940GZZLUWLO,Waterloo,MON,05:00-05:15,05:00,0,09:45-11:45,15:15-17:15
940GZZLUWLO,Waterloo,MON,05:15-05:30,05:15,0.01,09:45-11:45,15:15-17:15
940GZZLUWLO,Waterloo,MON,05:30-05:45,05:30,0.01,09:45-11:45,15:15-17:15
940GZZLUWLO,Waterloo,MON,05:45-06:00,05:45,0.02,09:45-11:45,15:15-17:15
940GZZLUWLO,Waterloo,MON,06:00-06:15,06:00,0.04,09:45-11:45,15:15-17:15
940GZZLUWLO,Waterloo,MON,06:15-06:30,06:15,0.06,09:45-11:45,15:15-17:15
940GZZLUWLO,Waterloo,MON,06:30-06:45,06:30,0.08,09:45-11:45,15:15-17:15
940GZZLUWLO,Waterloo,MON,06:45-07:00,06:45,0.11,09:45-11:45,15:15-17:15
940GZZLUWLO,Waterloo,MON,07:00-07:15,07:00,0.14,09:45-11:45,15:15-17:15
940GZZLUWLO,Waterloo,MON,07:15-07:30,07:15,0.18,09:45-11:45,15:15-17:15
940GZZLUWLO,Waterloo,MON,07:30-07:45,07:30,0.22,09:45-11:45,15:15-17:15
940GZZLUWLO,Waterloo,MON,07:45-08:00,07:45,0.23,09:45-11:45,15:15-17:15
940GZZLUWLO,Waterloo,MON,08:00-08:15,08:00,0.22,09:45-11:45,15:15-17:15
940GZZLUWLO,Waterloo,MON,08:15-08:30,08:15,0.2,09:45-11:45,15:15-17:15
940GZZLUWLO,Waterloo,MON,08:30-08:45,08:30,0.17,09:45-11:45,15:15-17:15
940GZZLUWLO,Waterloo,MON,08:45-09:00,08:45,0.14,09:45-11:45,15:15-17:15
940GZZLUWLO,Waterloo,MON,09:00-09:15,09:00,0.13,09:45-11:45,15:15-17:15
940GZZLUWLO,Waterloo,MON,09:15-09:30,09:15,0.15,09:45-11:45,15:15-17:15
940GZZLUWLO,Waterloo,MON,09:30-09:45,09:30,0.18,09:45-11:45,15:15-17:15
940GZZLUWLO,Waterloo,MON,09:45-10:00,09:45,0.2,09:45-11:45,15:15-17:15
940GZZLUWLO,Waterloo,MON,10:00-10:15,10:00,0.22,09:45-11:45,15:15-17:15
940GZZLUWLO,Waterloo,MON,10:15-10:30,10:15,0.23,09:45-11:45,15:15-17:15
940GZZLUWLO,Waterloo,MON,10:30-10:45,10:30,0.23,09:45-11:45,15:15-17:15
940GZZLUWLO,Waterloo,MON,10:45-11:00,10:45,0.22,09:45-11:45,15:15-17:15
940GZZLUWLO,Waterloo,MON,11:00-11:15,11:00,0.21,09:45-11:45,15:15-17:15
940GZZLUWLO,Waterloo,MON,11:15-11:30,11:15,0.21,09:45-11:45,15:15-17:15
940GZZLUWLO,Waterloo,MON,11:30-11:45,11:30,0.2,09:45-11:45,15:15-17:15
940GZZLUWLO,Waterloo,MON,11:45-12:00,11:45,0.2,09:45-11:45,15:15-17:15
940GZZLUWLO,Waterloo,MON,12:00-12:15,12:00,0.2,09:45-11:45,15:15-17:15
940GZZLUWLO,Waterloo,MON,12:15-12:30,12:15,0.21,09:45-11:45,15:15-17:15
940GZZLUWLO,Waterloo,MON,12:30-12:45,12:30,0.21,09:45-11:45,15:15-17:15
940GZZLUWLO,Waterloo,MON,12:45-13:00,12:45,0.22,09:45-11:45,15:15-17:15
940GZZLUWLO,Waterloo,MON,13:00-13:15,13:00,0.22,09:45-11:45,15:15-17:15
940GZZLUWLO,Waterloo,MON,13:15-13:30,13:15,0.22,09:45-11:45,15:15-17:15
940GZZLUWLO,Waterloo,MON,13:30-13:45,13:30,0.22,09:45-11:45,15:15-17:15
940GZZLUWLO,Waterloo,MON,13:45-14:00,13:45,0.22,09:45-11:45,15:15-17:15
940GZZLUWLO,Waterloo,MON,14:00-14:15,14:00,0.22,09:45-11:45,15:15-17:15
940GZZLUWLO,Waterloo,MON,14:15-14:30,14:15,0.22,09:45-11:45,15:15-17:15
940GZZLUWLO,Waterloo,MON,14:30-14:45,14:30,0.22,09:45-11:45,15:15-17:15
940GZZLUWLO,Waterloo,MON,14:45-15:00,14:45,0.22,09:45-11:45,15:15-17:15
940GZZLUWLO,Waterloo,MON,15:00-15:15,15:00,0.22,09:45-11:45,15:15-17:15
940GZZLUWLO,Waterloo,MON,15:15-15:30,15:15,0.23,09:45-11:45,15:15-17:15
940GZZLUWLO,Waterloo,MON,15:30-15:45,15:30,0.24,09:45-11:45,15:15-17:15
940GZZLUWLO,Waterloo,MON,15:45-16:00,15:45,0.25,09:45-11:45,15:15-17:15
940GZZLUWLO,Waterloo,MON,16:00-16:15,16:00,0.25,09:45-11:45,15:15-17:15
940GZZLUWLO,Waterloo,MON,16:15-16:30,16:15,0.25,09:45-11:45,15:15-17:15
940GZZLUWLO,Waterloo,MON,16:30-16:45,16:30,0.26,09:45-11:45,15:15-17:15
940GZZLUWLO,Waterloo,MON,16:45-17:00,16:45,0.26,09:45-11:45,15:15-17:15
940GZZLUWLO,Waterloo,MON,17:00-17:15,17:00,0.24,09:45-11:45,15:15-17:15
940GZZLUWLO,Waterloo,MON,17:15-17:30,17:15,0.21,09:45-11:45,15:15-17:15
940GZZLUWLO,Waterloo,MON,17:30-17:45,17:30,0.19,09:45-11:45,15:15-17:15
940GZZLUWLO,Waterloo,MON,17:45-18:00,17:45,0.16,09:45-11:45,15:15-17:15
940GZZLUWLO,Waterloo,MON,18:00-18:15,18:00,0.14,09:45-11:45,15:15-17:15
940GZZLUWLO,Waterloo,MON,18:15-18:30,18:15,0.14,09:45-11:45,15:15-17:15
940GZZLUWLO,Waterloo,MON,18:30-18:45,18:30,0.16,09:45-11:45,15:15-17:15
940GZZLUWLO,Waterloo,MON,18:45-19:00,18:45,0.19,09:45-11:45,15:15-17:15
940GZZLUWLO,Waterloo,MON,19:00-19:15,19:00,0.2,09:45-11:45,15:15-17:15
940GZZLUWLO,Waterloo,MON,19:15-19:30,19:15,0.22,09:45-11:45,15:15-17:15
940GZZLUWLO,Waterloo,MON,19:30-19:45,19:30,0.22,09:45-11:45,15:15-17:15
940GZZLUWLO,Waterloo,MON,19:45-20:00,19:45,0.21,09:45-11:45,15:15-17:15
940GZZLUWLO,Waterloo,MON,20:00-20:15,20:00,0.2,09:45-11:45,15:15-17:15
940GZZLUWLO,Waterloo,MON,20:15-20:30,20:15,0.19,09:45-11:45,15:15-17:15
940GZZLUWLO,Waterloo,MON,20:30-20:45,20:30,0.18,09:45-11:45,15:15-17:15
940GZZLUWLO,Waterloo,MON,20:45-21:00,20:45,0.18,09:45-11:45,15:15-17:15
940GZZLUWLO,Waterloo,MON,21:00-21:15,21:00,0.17,09:45-11:45,15:15-17:15
940GZZLUWLO,Waterloo,MON,21:15-21:30,21:15,0.16,09:45-11:45,15:15-17:15
940GZZLUWLO,Waterloo,MON,21:30-21:45,21:30,0.16,09:45-11:45,15:15-17:15
940GZZLUWLO,Waterloo,MON,21:45-22:00,21:45,0.15,09:45-11:45,15:15-17:15
940GZZLUWLO,Waterloo,MON,22:00-22:15,22:00,0.15,09:45-11:45,15:15-17:15
940GZZLUWLO,Waterloo,MON,22:15-22:30,22:15,0.15,09:45-11:45,15:15-17:15
940GZZLUWLO,Waterloo,MON,22:30-22:45,22:30,0.15,09:45-11:45,15:15-17:15
940GZZLUWLO,Waterloo,MON,22:45-23:00,22:45,0.14,09:45-11:45,15:15-17:15
940GZZLUWLO,Waterloo,MON,23:00-23:15,23:00,0.13,09:45-11:45,15:15-17:15
940GZZLUWLO,Waterloo,MON,23:15-23:30,23:15,0.11,09:45-11:45,15:15-17:15
940GZZLUWLO,Waterloo,MON,23:30-23:45,23:30,0.09,09:45-11:45,15:15-17:15
940GZZLUWLO,Waterloo,MON,23:45-00:00,23:45,0.06,09:45-11:45,15:15-17:15
940GZZLUWLO,Waterloo,WED,00:00-00:15,00:00,0.07,11:45-13:45,14:30-16:30
940GZZLUWLO,Waterloo,WED,00:15-00:30,00:15,0.06,11:45-13:45,14:30-16:30
940GZZLUWLO,Waterloo,WED,00:30-00:45,00:30,0.04,11:45-13:45,14:30-16:30
940GZZLUWLO,Waterloo,WED,00:45-01:00,00:45,0.03,11:45-13:45,14:30-16:30
940GZZLUWLO,Waterloo,WED,01:00-01:15,01:00,0.03,11:45-13:45,14:30-16:30
940GZZLUWLO,Waterloo,WED,01:15-01:30,01:15,0.02,11:45-13:45,14:30-16:30
940GZZLUWLO,Waterloo,WED,01:30-01:45,01:30,0.02,11:45-13:45,14:30-16:30
940GZZLUWLO,Waterloo,WED,01:45-02:00,01:45,0.02,11:45-13:45,14:30-16:30
940GZZLUWLO,Waterloo,WED,02:00-02:15,02:00,0.02,11:45-13:45,14:30-16:30
940GZZLUWLO,Waterloo,WED,02:15-02:30,02:15,0.01,11:45-13:45,14:30-16:30
940GZZLUWLO,Waterloo,WED,02:30-02:45,02:30,0.01,11:45-13:45,14:30-16:30
940GZZLUWLO,Waterloo,WED,02:45-03:00,02:45,0.01,11:45-13:45,14:30-16:30
940GZZLUWLO,Waterloo,WED,03:00-03:15,03:00,0.01,11:45-13:45,14:30-16:30
940GZZLUWLO,Waterloo,WED,03:15-03:30,03:15,0.01,11:45-13:45,14:30-16:30
940GZZLUWLO,Waterloo,WED,03:30-03:45,03:30,0.01,11:45-13:45,14:30-16:30
940GZZLUWLO,Waterloo,WED,03:45-04:00,03:45,0.01,11:45-13:45,14:30-16:30
940GZZLUWLO,Waterloo,WED,04:00-04:15,04:00,0.01,11:45-13:45,14:30-16:30
940GZZLUWLO,Waterloo,WED,04:15-04:30,04:15,0.01,11:45-13:45,14:30-16:30
940GZZLUWLO,Waterloo,WED,04:30-04:45,04:30,0,11:45-13:45,14:30-16:30
940GZZLUWLO,Waterloo,WED,04:45-05:00,04:45,0,11:45-13:45,14:30-16:30
940GZZLUWLO,Waterloo,WED,05:00-05:15,05:00,0,11:45-13:45,14:30-16:30
940GZZLUWLO,Waterloo,WED,05:15-05:30,05:15,0.01,11:45-13:45,14:30-16:30
940GZZLUWLO,Waterloo,WED,05:30-05:45,05:30,0.01,11:45-13:45,14:30-16:30
940GZZLUWLO,Waterloo,WED,05:45-06:00,05:45,0.02,11:45-13:45,14:30-16:30
940GZZLUWLO,Waterloo,WED,06:00-06:15,06:00,0.04,11:45-13:45,14:30-16:30
940GZZLUWLO,Waterloo,WED,06:15-06:30,06:15,0.07,11:45-13:45,14:30-16:30
940GZZLUWLO,Waterloo,WED,06:30-06:45,06:30,0.1,11:45-13:45,14:30-16:30
940GZZLUWLO,Waterloo,WED,06:45-07:00,06:45,0.13,11:45-13:45,14:30-16:30
940GZZLUWLO,Waterloo,WED,07:00-07:15,07:00,0.18,11:45-13:45,14:30-16:30
940GZZLUWLO,Waterloo,WED,07:15-07:30,07:15,0.24,11:45-13:45,14:30-16:30
940GZZLUWLO,Waterloo,WED,07:30-07:45,07:30,0.27,11:45-13:45,14:30-16:30
940GZZLUWLO,Waterloo,WED,07:45-08:00,07:45,0.27,11:45-13:45,14:30-16:30
940GZZLUWLO,Waterloo,WED,08:00-08:15,08:00,0.23,11:45-13:45,14:30-16:30
940GZZLUWLO,Waterloo,WED,08:15-08:30,08:15,0.17,11:45-13:45,14:30-16:30
940GZZLUWLO,Waterloo,WED,08:30-08:45,08:30,0.1,11:45-13:45,14:30-16:30
940GZZLUWLO,Waterloo,WED,08:45-09:00,08:45,0.04,11:45-13:45,14:30-16:30
940GZZLUWLO,Waterloo,WED,09:00-09:15,09:00,0.01,11:45-13:45,14:30-16:30
940GZZLUWLO,Waterloo,WED,09:15-09:30,09:15,0.02,11:45-13:45,14:30-16:30
940GZZLUWLO,Waterloo,WED,09:30-09:45,09:30,0.06,11:45-13:45,14:30-16:30
940GZZLUWLO,Waterloo,WED,09:45-10:00,09:45,0.11,11:45-13:45,14:30-16:30
940GZZLUWLO,Waterloo,WED,10:00-10:15,10:00,0.16,11:45-13:45,14:30-16:30
940GZZLUWLO,Waterloo,WED,10:15-10:30,10:15,0.21,11:45-13:45,14:30-16:30
940GZZLUWLO,Waterloo,WED,10:30-10:45,10:30,0.24,11:45-13:45,14:30-16:30
940GZZLUWLO,Waterloo,WED,10:45-11:00,10:45,0.25,11:45-13:45,14:30-16:30
940GZZLUWLO,Waterloo,WED,11:00-11:15,11:00,0.25,11:45-13:45,14:30-16:30
940GZZLUWLO,Waterloo,WED,11:15-11:30,11:15,0.24,11:45-13:45,14:30-16:30
940GZZLUWLO,Waterloo,WED,11:30-11:45,11:30,0.24,11:45-13:45,14:30-16:30
940GZZLUWLO,Waterloo,WED,11:45-12:00,11:45,0.24,11:45-13:45,14:30-16:30
940GZZLUWLO,Waterloo,WED,12:00-12:15,12:00,0.25,11:45-13:45,14:30-16:30
940GZZLUWLO,Waterloo,WED,12:15-12:30,12:15,0.25,11:45-13:45,14:30-16:30
940GZZLUWLO,Waterloo,WED,12:30-12:45,12:30,0.25,11:45-13:45,14:30-16:30
940GZZLUWLO,Waterloo,WED,12:45-13:00,12:45,0.26,11:45-13:45,14:30-16:30
940GZZLUWLO,Waterloo,WED,13:00-13:15,13:00,0.26,11:45-13:45,14:30-16:30
940GZZLUWLO,Waterloo,WED,13:15-13:30,13:15,0.27,11:45-13:45,14:30-16:30
940GZZLUWLO,Waterloo,WED,13:30-13:45,13:30,0.27,11:45-13:45,14:30-16:30
940GZZLUWLO,Waterloo,WED,13:45-14:00,13:45,0.28,11:45-13:45,14:30-16:30
940GZZLUWLO,Waterloo,WED,14:00-14:15,14:00,0.28,11:45-13:45,14:30-16:30
940GZZLUWLO,Waterloo,WED,14:15-14:30,14:15,0.27,11:45-13:45,14:30-16:30
940GZZLUWLO,Waterloo,WED,14:30-14:45,14:30,0.26,11:45-13:45,14:30-16:30
940GZZLUWLO,Waterloo,WED,14:45-15:00,14:45,0.26,11:45-13:45,14:30-16:30
940GZZLUWLO,Waterloo,WED,15:00-15:15,15:00,0.26,11:45-13:45,14:30-16:30
940GZZLUWLO,Waterloo,WED,15:15-15:30,15:15,0.26,11:45-13:45,14:30-16:30
940GZZLUWLO,Waterloo,WED,15:30-15:45,15:30,0.27,11:45-13:45,14:30-16:30
940GZZLUWLO,Waterloo,WED,15:45-16:00,15:45,0.29,11:45-13:45,14:30-16:30
940GZZLUWLO,Waterloo,WED,16:00-16:15,16:00,0.29,11:45-13:45,14:30-16:30
940GZZLUWLO,Waterloo,WED,16:15-16:30,16:15,0.28,11:45-13:45,14:30-16:30
940GZZLUWLO,Waterloo,WED,16:30-16:45,16:30,0.26,11:45-13:45,14:30-16:30
940GZZLUWLO,Waterloo,WED,16:45-17:00,16:45,0.22,11:45-13:45,14:30-16:30
940GZZLUWLO,Waterloo,WED,17:00-17:15,17:00,0.19,11:45-13:45,14:30-16:30
940GZZLUWLO,Waterloo,WED,17:15-17:30,17:15,0.17,11:45-13:45,14:30-16:30
940GZZLUWLO,Waterloo,WED,17:30-17:45,17:30,0.15,11:45-13:45,14:30-16:30
940GZZLUWLO,Waterloo,WED,17:45-18:00,17:45,0.15,11:45-13:45,14:30-16:30
940GZZLUWLO,Waterloo,WED,18:00-18:15,18:00,0.14,11:45-13:45,14:30-16:30
940GZZLUWLO,Waterloo,WED,18:15-18:30,18:15,0.13,11:45-13:45,14:30-16:30
940GZZLUWLO,Waterloo,WED,18:30-18:45,18:30,0.11,11:45-13:45,14:30-16:30
940GZZLUWLO,Waterloo,WED,18:45-19:00,18:45,0.08,11:45-13:45,14:30-16:30
940GZZLUWLO,Waterloo,WED,19:00-19:15,19:00,0.09,11:45-13:45,14:30-16:30
940GZZLUWLO,Waterloo,WED,19:15-19:30,19:15,0.12,11:45-13:45,14:30-16:30
940GZZLUWLO,Waterloo,WED,19:30-19:45,19:30,0.15,11:45-13:45,14:30-16:30
940GZZLUWLO,Waterloo,WED,19:45-20:00,19:45,0.19,11:45-13:45,14:30-16:30
940GZZLUWLO,Waterloo,WED,20:00-20:15,20:00,0.23,11:45-13:45,14:30-16:30
940GZZLUWLO,Waterloo,WED,20:15-20:30,20:15,0.24,11:45-13:45,14:30-16:30
940GZZLUWLO,Waterloo,WED,20:30-20:45,20:30,0.23,11:45-13:45,14:30-16:30
940GZZLUWLO,Waterloo,WED,20:45-21:00,20:45,0.22,11:45-13:45,14:30-16:30
940GZZLUWLO,Waterloo,WED,21:00-21:15,21:00,0.22,11:45-13:45,14:30-16:30
940GZZLUWLO,Waterloo,WED,21:15-21:30,21:15,0.21,11:45-13:45,14:30-16:30
940GZZLUWLO,Waterloo,WED,21:30-21:45,21:30,0.21,11:45-13:45,14:30-16:30
940GZZLUWLO,Waterloo,WED,21:45-22:00,21:45,0.22,11:45-13:45,14:30-16:30
940GZZLUWLO,Waterloo,WED,22:00-22:15,22:00,0.23,11:45-13:45,14:30-16:30
940GZZLUWLO,Waterloo,WED,22:15-22:30,22:15,0.23,11:45-13:45,14:30-16:30
940GZZLUWLO,Waterloo,WED,22:30-22:45,22:30,0.22,11:45-13:45,14:30-16:30
940GZZLUWLO,Waterloo,WED,22:45-23:00,22:45,0.21,11:45-13:45,14:30-16:30
940GZZLUWLO,Waterloo,WED,23:00-23:15,23:00,0.19,11:45-13:45,14:30-16:30
940GZZLUWLO,Waterloo,WED,23:15-23:30,23:15,0.17,11:45-13:45,14:30-16:30
940GZZLUWLO,Waterloo,WED,23:30-23:45,23:30,0.14,11:45-13:45,14:30-16:30
940GZZLUWLO,Waterloo,WED,23:45-00:00,23:45,0.1,11:45-13:45,14:30-16:30
940GZZLUWLO,Waterloo,SUN,00:00-00:15,00:00,0,11:45-13:45,16:15-18:15
940GZZLUWLO,Waterloo,SUN,00:15-00:30,00:15,0.02,11:45-13:45,16:15-18:15
940GZZLUWLO,Waterloo,SUN,00:30-00:45,00:30,0.03,11:45-13:45,16:15-18:15
940GZZLUWLO,Waterloo,SUN,00:45-01:00,00:45,0.04,11:45-13:45,16:15-18:15
940GZZLUWLO,Waterloo,SUN,01:00-01:15,01:00,0.05,11:45-13:45,16:15-18:15
940GZZLUWLO,Waterloo,SUN,01:15-01:30,01:15,0.06,11:45-13:45,16:15-18:15
940GZZLUWLO,Waterloo,SUN,01:30-01:45,01:30,0.06,11:45-13:45,16:15-18:15
940GZZLUWLO,Waterloo,SUN,01:45-02:00,01:45,0.06,11:45-13:45,16:15-18:15
940GZZLUWLO,Waterloo,SUN,02:00-02:15,02:00,0.06,11:45-13:45,16:15-18:15
940GZZLUWLO,Waterloo,SUN,02:15-02:30,02:15,0.06,11:45-13:45,16:15-18:15
940GZZLUWLO,Waterloo,SUN,02:30-02:45,02:30,0.06,11:45-13:45,16:15-18:15
940GZZLUWLO,Waterloo,SUN,02:45-03:00,02:45,0.05,11:45-13:45,16:15-18:15
940GZZLUWLO,Waterloo,SUN,03:00-03:15,03:00,0.05,11:45-13:45,16:15-18:15
940GZZLUWLO,Waterloo,SUN,03:15-03:30,03:15,0.04,11:45-13:45,16:15-18:15
940GZZLUWLO,Waterloo,SUN,03:30-03:45,03:30,0.03,11:45-13:45,16:15-18:15
940GZZLUWLO,Waterloo,SUN,03:45-04:00,03:45,0.03,11:45-13:45,16:15-18:15
940GZZLUWLO,Waterloo,SUN,04:00-04:15,04:00,0.02,11:45-13:45,16:15-18:15
940GZZLUWLO,Waterloo,SUN,04:15-04:30,04:15,0.02,11:45-13:45,16:15-18:15
940GZZLUWLO,Waterloo,SUN,04:30-04:45,04:30,0.02,11:45-13:45,16:15-18:15
940GZZLUWLO,Waterloo,SUN,04:45-05:00,04:45,0.02,11:45-13:45,16:15-18:15
940GZZLUWLO,Waterloo,SUN,05:00-05:15,05:00,0.02,11:45-13:45,16:15-18:15
940GZZLUWLO,Waterloo,SUN,05:15-05:30,05:15,0.02,11:45-13:45,16:15-18:15
940GZZLUWLO,Waterloo,SUN,05:30-05:45,05:30,0.02,11:45-13:45,16:15-18:15
940GZZLUWLO,Waterloo,SUN,05:45-06:00,05:45,0.03,11:45-13:45,16:15-18:15
940GZZLUWLO,Waterloo,SUN,06:00-06:15,06:00,0.03,11:45-13:45,16:15-18:15
940GZZLUWLO,Waterloo,SUN,06:15-06:30,06:15,0.03,11:45-13:45,16:15-18:15
940GZZLUWLO,Waterloo,SUN,06:30-06:45,06:30,0.04,11:45-13:45,16:15-18:15
940GZZLUWLO,Waterloo,SUN,06:45-07:00,06:45,0.04,11:45-13:45,16:15-18:15
940GZZLUWLO,Waterloo,SUN,07:00-07:15,07:00,0.05,11:45-13:45,16:15-18:15
940GZZLUWLO,Waterloo,SUN,07:15-07:30,07:15,0.05,11:45-13:45,16:15-18:15
940GZZLUWLO,Waterloo,SUN,07:30-07:45,07:30,0.06,11:45-13:45,16:15-18:15
940GZZLUWLO,Waterloo,SUN,07:45-08:00,07:45,0.06,11:45-13:45,16:15-18:15
940GZZLUWLO,Waterloo,SUN,08:00-08:15,08:00,0.07,11:45-13:45,16:15-18:15
940GZZLUWLO,Waterloo,SUN,08:15-08:30,08:15,0.08,11:45-13:45,16:15-18:15
940GZZLUWLO,Waterloo,SUN,08:30-08:45,08:30,0.08,11:45-13:45,16:15-18:15
940GZZLUWLO,Waterloo,SUN,08:45-09:00,08:45,0.09,11:45-13:45,16:15-18:15
940GZZLUWLO,Waterloo,SUN,09:00-09:15,09:00,0.1,11:45-13:45,16:15-18:15
940GZZLUWLO,Waterloo,SUN,09:15-09:30,09:15,0.11,11:45-13:45,16:15-18:15
940GZZLUWLO,Waterloo,SUN,09:30-09:45,09:30,0.12,11:45-13:45,16:15-18:15
940GZZLUWLO,Waterloo,SUN,09:45-10:00,09:45,0.13,11:45-13:45,16:15-18:15
940GZZLUWLO,Waterloo,SUN,10:00-10:15,10:00,0.14,11:45-13:45,16:15-18:15
940GZZLUWLO,Waterloo,SUN,10:15-10:30,10:15,0.16,11:45-13:45,16:15-18:15
940GZZLUWLO,Waterloo,SUN,10:30-10:45,10:30,0.17,11:45-13:45,16:15-18:15
940GZZLUWLO,Waterloo,SUN,10:45-11:00,10:45,0.18,11:45-13:45,16:15-18:15
940GZZLUWLO,Waterloo,SUN,11:00-11:15,11:00,0.19,11:45-13:45,16:15-18:15
940GZZLUWLO,Waterloo,SUN,11:15-11:30,11:15,0.2,11:45-13:45,16:15-18:15
940GZZLUWLO,Waterloo,SUN,11:30-11:45,11:30,0.21,11:45-13:45,16:15-18:15
940GZZLUWLO,Waterloo,SUN,11:45-12:00,11:45,0.22,11:45-13:45,16:15-18:15
940GZZLUWLO,Waterloo,SUN,12:00-12:15,12:00,0.23,11:45-13:45,16:15-18:15
940GZZLUWLO,Waterloo,SUN,12:15-12:30,12:15,0.23,11:45-13:45,16:15-18:15
940GZZLUWLO,Waterloo,SUN,12:30-12:45,12:30,0.24,11:45-13:45,16:15-18:15
940GZZLUWLO,Waterloo,SUN,12:45-13:00,12:45,0.24,11:45-13:45,16:15-18:15
940GZZLUWLO,Waterloo,SUN,13:00-13:15,13:00,0.24,11:45-13:45,16:15-18:15
940GZZLUWLO,Waterloo,SUN,13:15-13:30,13:15,0.25,11:45-13:45,16:15-18:15
940GZZLUWLO,Waterloo,SUN,13:30-13:45,13:30,0.25,11:45-13:45,16:15-18:15
940GZZLUWLO,Waterloo,SUN,13:45-14:00,13:45,0.25,11:45-13:45,16:15-18:15
940GZZLUWLO,Waterloo,SUN,14:00-14:15,14:00,0.25,11:45-13:45,16:15-18:15
940GZZLUWLO,Waterloo,SUN,14:15-14:30,14:15,0.25,11:45-13:45,16:15-18:15
940GZZLUWLO,Waterloo,SUN,14:30-14:45,14:30,0.25,11:45-13:45,16:15-18:15
940GZZLUWLO,Waterloo,SUN,14:45-15:00,14:45,0.25,11:45-13:45,16:15-18:15
940GZZLUWLO,Waterloo,SUN,15:00-15:15,15:00,0.25,11:45-13:45,16:15-18:15
940GZZLUWLO,Waterloo,SUN,15:15-15:30,15:15,0.26,11:45-13:45,16:15-18:15
940GZZLUWLO,Waterloo,SUN,15:30-15:45,15:30,0.26,11:45-13:45,16:15-18:15
940GZZLUWLO,Waterloo,SUN,15:45-16:00,15:45,0.26,11:45-13:45,16:15-18:15
940GZZLUWLO,Waterloo,SUN,16:00-16:15,16:00,0.26,11:45-13:45,16:15-18:15
940GZZLUWLO,Waterloo,SUN,16:15-16:30,16:15,0.26,11:45-13:45,16:15-18:15
940GZZLUWLO,Waterloo,SUN,16:30-16:45,16:30,0.26,11:45-13:45,16:15-18:15
940GZZLUWLO,Waterloo,SUN,16:45-17:00,16:45,0.27,11:45-13:45,16:15-18:15
940GZZLUWLO,Waterloo,SUN,17:00-17:15,17:00,0.27,11:45-13:45,16:15-18:15
940GZZLUWLO,Waterloo,SUN,17:15-17:30,17:15,0.27,11:45-13:45,16:15-18:15
940GZZLUWLO,Waterloo,SUN,17:30-17:45,17:30,0.27,11:45-13:45,16:15-18:15
940GZZLUWLO,Waterloo,SUN,17:45-18:00,17:45,0.27,11:45-13:45,16:15-18:15
940GZZLUWLO,Waterloo,SUN,18:00-18:15,18:00,0.26,11:45-13:45,16:15-18:15
940GZZLUWLO,Waterloo,SUN,18:15-18:30,18:15,0.26,11:45-13:45,16:15-18:15
940GZZLUWLO,Waterloo,SUN,18:30-18:45,18:30,0.25,11:45-13:45,16:15-18:15
940GZZLUWLO,Waterloo,SUN,18:45-19:00,18:45,0.24,11:45-13:45,16:15-18:15
940GZZLUWLO,Waterloo,SUN,19:00-19:15,19:00,0.23,11:45-13:45,16:15-18:15
940GZZLUWLO,Waterloo,SUN,19:15-19:30,19:15,0.22,11:45-13:45,16:15-18:15
940GZZLUWLO,Waterloo,SUN,19:30-19:45,19:30,0.21,11:45-13:45,16:15-18:15
940GZZLUWLO,Waterloo,SUN,19:45-20:00,19:45,0.2,11:45-13:45,16:15-18:15
940GZZLUWLO,Waterloo,SUN,20:00-20:15,20:00,0.18,11:45-13:45,16:15-18:15
940GZZLUWLO,Waterloo,SUN,20:15-20:30,20:15,0.17,11:45-13:45,16:15-18:15
940GZZLUWLO,Waterloo,SUN,20:30-20:45,20:30,0.16,11:45-13:45,16:15-18:15
940GZZLUWLO,Waterloo,SUN,20:45-21:00,20:45,0.15,11:45-13:45,16:15-18:15
940GZZLUWLO,Waterloo,SUN,21:00-21:15,21:00,0.14,11:45-13:45,16:15-18:15
940GZZLUWLO,Waterloo,SUN,21:15-21:30,21:15,0.14,11:45-13:45,16:15-18:15
940GZZLUWLO,Waterloo,SUN,21:30-21:45,21:30,0.13,11:45-13:45,16:15-18:15
940GZZLUWLO,Waterloo,SUN,21:45-22:00,21:45,0.12,11:45-13:45,16:15-18:15
940GZZLUWLO,Waterloo,SUN,22:00-22:15,22:00,0.12,11:45-13:45,16:15-18:15
940GZZLUWLO,Waterloo,SUN,22:15-22:30,22:15,0.11,11:45-13:45,16:15-18:15
940GZZLUWLO,Waterloo,SUN,22:30-22:45,22:30,0.11,11:45-13:45,16:15-18:15
940GZZLUWLO,Waterloo,SUN,22:45-23:00,22:45,0.1,11:45-13:45,16:15-18:15
940GZZLUWLO,Waterloo,SUN,23:00-23:15,23:00,0.1,11:45-13:45,16:15-18:15
940GZZLUWLO,Waterloo,SUN,23:15-23:30,23:15,0.09,11:45-13:45,16:15-18:15
940GZZLUWLO,Waterloo,SUN,23:30-23:45,23:30,0.08,11:45-13:45,16:15-18:15
940GZZLUWLO,Waterloo,SUN,23:45-00:00,23:45,0.07,11:45-13:45,16:15-18:15
940GZZLUWLO,Waterloo,TUE,00:00-00:15,00:00,0.05,10:30-12:30,15:00-17:00
940GZZLUWLO,Waterloo,TUE,00:15-00:30,00:15,0.04,10:30-12:30,15:00-17:00
940GZZLUWLO,Waterloo,TUE,00:30-00:45,00:30,0.03,10:30-12:30,15:00-17:00
940GZZLUWLO,Waterloo,TUE,00:45-01:00,00:45,0.02,10:30-12:30,15:00-17:00
940GZZLUWLO,Waterloo,TUE,01:00-01:15,01:00,0.02,10:30-12:30,15:00-17:00
940GZZLUWLO,Waterloo,TUE,01:15-01:30,01:15,0.01,10:30-12:30,15:00-17:00
940GZZLUWLO,Waterloo,TUE,01:30-01:45,01:30,0.01,10:30-12:30,15:00-17:00
940GZZLUWLO,Waterloo,TUE,01:45-02:00,01:45,0.01,10:30-12:30,15:00-17:00
940GZZLUWLO,Waterloo,TUE,02:00-02:15,02:00,0.01,10:30-12:30,15:00-17:00
940GZZLUWLO,Waterloo,TUE,02:15-02:30,02:15,0.01,10:30-12:30,15:00-17:00
940GZZLUWLO,Waterloo,TUE,02:30-02:45,02:30,0.01,10:30-12:30,15:00-17:00
940GZZLUWLO,Waterloo,TUE,02:45-03:00,02:45,0.01,10:30-12:30,15:00-17:00
940GZZLUWLO,Waterloo,TUE,03:00-03:15,03:00,0.01,10:30-12:30,15:00-17:00
940GZZLUWLO,Waterloo,TUE,03:15-03:30,03:15,0.01,10:30-12:30,15:00-17:00
940GZZLUWLO,Waterloo,TUE,03:30-03:45,03:30,0.01,10:30-12:30,15:00-17:00
940GZZLUWLO,Waterloo,TUE,03:45-04:00,03:45,0.01,10:30-12:30,15:00-17:00
940GZZLUWLO,Waterloo,TUE,04:00-04:15,04:00,0.01,10:30-12:30,15:00-17:00
940GZZLUWLO,Waterloo,TUE,04:15-04:30,04:15,0.01,10:30-12:30,15:00-17:00
940GZZLUWLO,Waterloo,TUE,04:30-04:45,04:30,0,10:30-12:30,15:00-17:00
940GZZLUWLO,Waterloo,TUE,04:45-05:00,04:45,0,10:30-12:30,15:00-17:00
940GZZLUWLO,Waterloo,TUE,05:00-05:15,05:00,0,10:30-12:30,15:00-17:00
940GZZLUWLO,Waterloo,TUE,05:15-05:30,05:15,0.01,10:30-12:30,15:00-17:00
940GZZLUWLO,Waterloo,TUE,05:30-05:45,05:30,0.01,10:30-12:30,15:00-17:00
940GZZLUWLO,Waterloo,TUE,05:45-06:00,05:45,0.02,10:30-12:30,15:00-17:00
940GZZLUWLO,Waterloo,TUE,06:00-06:15,06:00,0.04,10:30-12:30,15:00-17:00
940GZZLUWLO,Waterloo,TUE,06:15-06:30,06:15,0.06,10:30-12:30,15:00-17:00
940GZZLUWLO,Waterloo,TUE,06:30-06:45,06:30,0.09,10:30-12:30,15:00-17:00
940GZZLUWLO,Waterloo,TUE,06:45-07:00,06:45,0.12,10:30-12:30,15:00-17:00
940GZZLUWLO,Waterloo,TUE,07:00-07:15,07:00,0.17,10:30-12:30,15:00-17:00
940GZZLUWLO,Waterloo,TUE,07:15-07:30,07:15,0.22,10:30-12:30,15:00-17:00
940GZZLUWLO,Waterloo,TUE,07:30-07:45,07:30,0.24,10:30-12:30,15:00-17:00
940GZZLUWLO,Waterloo,TUE,07:45-08:00,07:45,0.23,10:30-12:30,15:00-17:00
940GZZLUWLO,Waterloo,TUE,08:00-08:15,08:00,0.19,10:30-12:30,15:00-17:00
940GZZLUWLO,Waterloo,TUE,08:15-08:30,08:15,0.13,10:30-12:30,15:00-17:00
940GZZLUWLO,Waterloo,TUE,08:30-08:45,08:30,0.07,10:30-12:30,15:00-17:00
940GZZLUWLO,Waterloo,TUE,08:45-09:00,08:45,0.01,10:30-12:30,15:00-17:00
940GZZLUWLO,Waterloo,TUE,09:00-09:15,09:00,0,10:30-12:30,15:00-17:00
940GZZLUWLO,Waterloo,TUE,09:15-09:30,09:15,0,10:30-12:30,15:00-17:00
940GZZLUWLO,Waterloo,TUE,09:30-09:45,09:30,0.03,10:30-12:30,15:00-17:00
940GZZLUWLO,Waterloo,TUE,09:45-10:00,09:45,0.08,10:30-12:30,15:00-17:00
940GZZLUWLO,Waterloo,TUE,10:00-10:15,10:00,0.12,10:30-12:30,15:00-17:00
940GZZLUWLO,Waterloo,TUE,10:15-10:30,10:15,0.16,10:30-12:30,15:00-17:00
940GZZLUWLO,Waterloo,TUE,10:30-10:45,10:30,0.19,10:30-12:30,15:00-17:00
940GZZLUWLO,Waterloo,TUE,10:45-11:00,10:45,0.2,10:30-12:30,15:00-17:00
940GZZLUWLO,Waterloo,TUE,11:00-11:15,11:00,0.18,10:30-12:30,15:00-17:00
940GZZLUWLO,Waterloo,TUE,11:15-11:30,11:15,0.17,10:30-12:30,15:00-17:00
940GZZLUWLO,Waterloo,TUE,11:30-11:45,11:30,0.17,10:30-12:30,15:00-17:00
940GZZLUWLO,Waterloo,TUE,11:45-12:00,11:45,0.17,10:30-12:30,15:00-17:00
940GZZLUWLO,Waterloo,TUE,12:00-12:15,12:00,0.17,10:30-12:30,15:00-17:00
940GZZLUWLO,Waterloo,TUE,12:15-12:30,12:15,0.18,10:30-12:30,15:00-17:00
940GZZLUWLO,Waterloo,TUE,12:30-12:45,12:30,0.18,10:30-12:30,15:00-17:00
940GZZLUWLO,Waterloo,TUE,12:45-13:00,12:45,0.18,10:30-12:30,15:00-17:00
940GZZLUWLO,Waterloo,TUE,13:00-13:15,13:00,0.18,10:30-12:30,15:00-17:00
940GZZLUWLO,Waterloo,TUE,13:15-13:30,13:15,0.18,10:30-12:30,15:00-17:00
940GZZLUWLO,Waterloo,TUE,13:30-13:45,13:30,0.18,10:30-12:30,15:00-17:00
940GZZLUWLO,Waterloo,TUE,13:45-14:00,13:45,0.18,10:30-12:30,15:00-17:00
940GZZLUWLO,Waterloo,TUE,14:00-14:15,14:00,0.18,10:30-12:30,15:00-17:00
940GZZLUWLO,Waterloo,TUE,14:15-14:30,14:15,0.18,10:30-12:30,15:00-17:00
940GZZLUWLO,Waterloo,TUE,14:30-14:45,14:30,0.18,10:30-12:30,15:00-17:00
940GZZLUWLO,Waterloo,TUE,14:45-15:00,14:45,0.18,10:30-12:30,15:00-17:00
940GZZLUWLO,Waterloo,TUE,15:00-15:15,15:00,0.19,10:30-12:30,15:00-17:00
940GZZLUWLO,Waterloo,TUE,15:15-15:30,15:15,0.2,10:30-12:30,15:00-17:00
940GZZLUWLO,Waterloo,TUE,15:30-15:45,15:30,0.21,10:30-12:30,15:00-17:00
940GZZLUWLO,Waterloo,TUE,15:45-16:00,15:45,0.23,10:30-12:30,15:00-17:00
940GZZLUWLO,Waterloo,TUE,16:00-16:15,16:00,0.24,10:30-12:30,15:00-17:00
940GZZLUWLO,Waterloo,TUE,16:15-16:30,16:15,0.24,10:30-12:30,15:00-17:00
940GZZLUWLO,Waterloo,TUE,16:30-16:45,16:30,0.22,10:30-12:30,15:00-17:00
940GZZLUWLO,Waterloo,TUE,16:45-17:00,16:45,0.2,10:30-12:30,15:00-17:00
940GZZLUWLO,Waterloo,TUE,17:00-17:15,17:00,0.15,10:30-12:30,15:00-17:00
940GZZLUWLO,Waterloo,TUE,17:15-17:30,17:15,0.11,10:30-12:30,15:00-17:00
940GZZLUWLO,Waterloo,TUE,17:30-17:45,17:30,0.07,10:30-12:30,15:00-17:00
940GZZLUWLO,Waterloo,TUE,17:45-18:00,17:45,0.05,10:30-12:30,15:00-17:00
940GZZLUWLO,Waterloo,TUE,18:00-18:15,18:00,0.03,10:30-12:30,15:00-17:00
940GZZLUWLO,Waterloo,TUE,18:15-18:30,18:15,0.01,10:30-12:30,15:00-17:00
940GZZLUWLO,Waterloo,TUE,18:30-18:45,18:30,0.02,10:30-12:30,15:00-17:00
940GZZLUWLO,Waterloo,TUE,18:45-19:00,18:45,0.05,10:30-12:30,15:00-17:00
940GZZLUWLO,Waterloo,TUE,19:00-19:15,19:00,0.08,10:30-12:30,15:00-17:00
940GZZLUWLO,Waterloo,TUE,19:15-19:30,19:15,0.12,10:30-12:30,15:00-17:00
940GZZLUWLO,Waterloo,TUE,19:30-19:45,19:30,0.15,10:30-12:30,15:00-17:00
940GZZLUWLO,Waterloo,TUE,19:45-20:00,19:45,0.18,10:30-12:30,15:00-17:00
940GZZLUWLO,Waterloo,TUE,20:00-20:15,20:00,0.2,10:30-12:30,15:00-17:00
940GZZLUWLO,Waterloo,TUE,20:15-20:30,20:15,0.19,10:30-12:30,15:00-17:00
940GZZLUWLO,Waterloo,TUE,20:30-20:45,20:30,0.19,10:30-12:30,15:00-17:00
940GZZLUWLO,Waterloo,TUE,20:45-21:00,20:45,0.18,10:30-12:30,15:00-17:00
940GZZLUWLO,Waterloo,TUE,21:00-21:15,21:00,0.18,10:30-12:30,15:00-17:00
940GZZLUWLO,Waterloo,TUE,21:15-21:30,21:15,0.17,10:30-12:30,15:00-17:00
940GZZLUWLO,Waterloo,TUE,21:30-21:45,21:30,0.17,10:30-12:30,15:00-17:00
940GZZLUWLO,Waterloo,TUE,21:45-22:00,21:45,0.17,10:30-12:30,15:00-17:00
940GZZLUWLO,Waterloo,TUE,22:00-22:15,22:00,0.17,10:30-12:30,15:00-17:00
940GZZLUWLO,Waterloo,TUE,22:15-22:30,22:15,0.17,10:30-12:30,15:00-17:00
940GZZLUWLO,Waterloo,TUE,22:30-22:45,22:30,0.17,10:30-12:30,15:00-17:00
940GZZLUWLO,Waterloo,TUE,22:45-23:00,22:45,0.16,10:30-12:30,15:00-17:00
940GZZLUWLO,Waterloo,TUE,23:00-23:15,23:00,0.14,10:30-12:30,15:00-17:00
940GZZLUWLO,Waterloo,TUE,23:15-23:30,23:15,0.12,10:30-12:30,15:00-17:00
940GZZLUWLO,Waterloo,TUE,23:30-23:45,23:30,0.1,10:30-12:30,15:00-17:00
940GZZLUWLO,Waterloo,TUE,23:45-00:00,23:45,0.07,10:30-12:30,15:00-17:00
940GZZLUWLO,Waterloo,FRI,00:00-00:15,00:00,0.16,08:00-10:00,14:45-16:45
940GZZLUWLO,Waterloo,FRI,00:15-00:30,00:15,0.13,08:00-10:00,14:45-16:45
940GZZLUWLO,Waterloo,FRI,00:30-00:45,00:30,0.11,08:00-10:00,14:45-16:45
940GZZLUWLO,Waterloo,FRI,00:45-01:00,00:45,0.09,08:00-10:00,14:45-16:45
940GZZLUWLO,Waterloo,FRI,01:00-01:15,01:00,0.06,08:00-10:00,14:45-16:45
940GZZLUWLO,Waterloo,FRI,01:15-01:30,01:15,0.04,08:00-10:00,14:45-16:45
940GZZLUWLO,Waterloo,FRI,01:30-01:45,01:30,0.02,08:00-10:00,14:45-16:45
940GZZLUWLO,Waterloo,FRI,01:45-02:00,01:45,0.01,08:00-10:00,14:45-16:45
940GZZLUWLO,Waterloo,FRI,02:00-02:15,02:00,0.01,08:00-10:00,14:45-16:45
940GZZLUWLO,Waterloo,FRI,02:15-02:30,02:15,0.01,08:00-10:00,14:45-16:45
940GZZLUWLO,Waterloo,FRI,02:30-02:45,02:30,0.01,08:00-10:00,14:45-16:45
940GZZLUWLO,Waterloo,FRI,02:45-03:00,02:45,0.01,08:00-10:00,14:45-16:45
940GZZLUWLO,Waterloo,FRI,03:00-03:15,03:00,0.01,08:00-10:00,14:45-16:45
940GZZLUWLO,Waterloo,FRI,03:15-03:30,03:15,0.01,08:00-10:00,14:45-16:45
940GZZLUWLO,Waterloo,FRI,03:30-03:45,03:30,0.01,08:00-10:00,14:45-16:45
940GZZLUWLO,Waterloo,FRI,03:45-04:00,03:45,0.01,08:00-10:00,14:45-16:45
940GZZLUWLO,Waterloo,FRI,04:00-04:15,04:00,0.01,08:00-10:00,14:45-16:45
940GZZLUWLO,Waterloo,FRI,04:15-04:30,04:15,0,08:00-10:00,14:45-16:45
940GZZLUWLO,Waterloo,FRI,04:30-04:45,04:30,0,08:00-10:00,14:45-16:45
940GZZLUWLO,Waterloo,FRI,04:45-05:00,04:45,0,08:00-10:00,14:45-16:45
940GZZLUWLO,Waterloo,FRI,05:00-05:15,05:00,0,08:00-10:00,14:45-16:45
940GZZLUWLO,Waterloo,FRI,05:15-05:30,05:15,0.01,08:00-10:00,14:45-16:45
940GZZLUWLO,Waterloo,FRI,05:30-05:45,05:30,0.01,08:00-10:00,14:45-16:45
940GZZLUWLO,Waterloo,FRI,05:45-06:00,05:45,0.03,08:00-10:00,14:45-16:45
940GZZLUWLO,Waterloo,FRI,06:00-06:15,06:00,0.04,08:00-10:00,14:45-16:45
940GZZLUWLO,Waterloo,FRI,06:15-06:30,06:15,0.06,08:00-10:00,14:45-16:45
940GZZLUWLO,Waterloo,FRI,06:30-06:45,06:30,0.08,08:00-10:00,14:45-16:45
940GZZLUWLO,Waterloo,FRI,06:45-07:00,06:45,0.11,08:00-10:00,14:45-16:45
940GZZLUWLO,Waterloo,FRI,07:00-07:15,07:00,0.14,08:00-10:00,14:45-16:45
940GZZLUWLO,Waterloo,FRI,07:15-07:30,07:15,0.17,08:00-10:00,14:45-16:45
940GZZLUWLO,Waterloo,FRI,07:30-07:45,07:30,0.19,08:00-10:00,14:45-16:45
940GZZLUWLO,Waterloo,FRI,07:45-08:00,07:45,0.22,08:00-10:00,14:45-16:45
940GZZLUWLO,Waterloo,FRI,08:00-08:15,08:00,0.25,08:00-10:00,14:45-16:45
940GZZLUWLO,Waterloo,FRI,08:15-08:30,08:15,0.26,08:00-10:00,14:45-16:45
940GZZLUWLO,Waterloo,FRI,08:30-08:45,08:30,0.26,08:00-10:00,14:45-16:45
940GZZLUWLO,Waterloo,FRI,08:45-09:00,08:45,0.26,08:00-10:00,14:45-16:45
940GZZLUWLO,Waterloo,FRI,09:00-09:15,09:00,0.25,08:00-10:00,14:45-16:45
940GZZLUWLO,Waterloo,FRI,09:15-09:30,09:15,0.25,08:00-10:00,14:45-16:45
940GZZLUWLO,Waterloo,FRI,09:30-09:45,09:30,0.24,08:00-10:00,14:45-16:45
940GZZLUWLO,Waterloo,FRI,09:45-10:00,09:45,0.24,08:00-10:00,14:45-16:45
940GZZLUWLO,Waterloo,FRI,10:00-10:15,10:00,0.24,08:00-10:00,14:45-16:45
940GZZLUWLO,Waterloo,FRI,10:15-10:30,10:15,0.24,08:00-10:00,14:45-16:45
940GZZLUWLO,Waterloo,FRI,10:30-10:45,10:30,0.23,08:00-10:00,14:45-16:45
940GZZLUWLO,Waterloo,FRI,10:45-11:00,10:45,0.23,08:00-10:00,14:45-16:45
940GZZLUWLO,Waterloo,FRI,11:00-11:15,11:00,0.23,08:00-10:00,14:45-16:45
940GZZLUWLO,Waterloo,FRI,11:15-11:30,11:15,0.23,08:00-10:00,14:45-16:45
940GZZLUWLO,Waterloo,FRI,11:30-11:45,11:30,0.23,08:00-10:00,14:45-16:45
940GZZLUWLO,Waterloo,FRI,11:45-12:00,11:45,0.24,08:00-10:00,14:45-16:45
940GZZLUWLO,Waterloo,FRI,12:00-12:15,12:00,0.24,08:00-10:00,14:45-16:45
940GZZLUWLO,Waterloo,FRI,12:15-12:30,12:15,0.24,08:00-10:00,14:45-16:45
940GZZLUWLO,Waterloo,FRI,12:30-12:45,12:30,0.25,08:00-10:00,14:45-16:45
940GZZLUWLO,Waterloo,FRI,12:45-13:00,12:45,0.25,08:00-10:00,14:45-16:45
940GZZLUWLO,Waterloo,FRI,13:00-13:15,13:00,0.25,08:00-10:00,14:45-16:45
940GZZLUWLO,Waterloo,FRI,13:15-13:30,13:15,0.25,08:00-10:00,14:45-16:45
940GZZLUWLO,Waterloo,FRI,13:30-13:45,13:30,0.25,08:00-10:00,14:45-16:45
940GZZLUWLO,Waterloo,FRI,13:45-14:00,13:45,0.25,08:00-10:00,14:45-16:45
940GZZLUWLO,Waterloo,FRI,14:00-14:15,14:00,0.25,08:00-10:00,14:45-16:45
940GZZLUWLO,Waterloo,FRI,14:15-14:30,14:15,0.25,08:00-10:00,14:45-16:45
940GZZLUWLO,Waterloo,FRI,14:30-14:45,14:30,0.25,08:00-10:00,14:45-16:45
940GZZLUWLO,Waterloo,FRI,14:45-15:00,14:45,0.26,08:00-10:00,14:45-16:45
940GZZLUWLO,Waterloo,FRI,15:00-15:15,15:00,0.26,08:00-10:00,14:45-16:45
940GZZLUWLO,Waterloo,FRI,15:15-15:30,15:15,0.27,08:00-10:00,14:45-16:45
940GZZLUWLO,Waterloo,FRI,15:30-15:45,15:30,0.27,08:00-10:00,14:45-16:45
940GZZLUWLO,Waterloo,FRI,15:45-16:00,15:45,0.27,08:00-10:00,14:45-16:45
940GZZLUWLO,Waterloo,FRI,16:00-16:15,16:00,0.27,08:00-10:00,14:45-16:45
940GZZLUWLO,Waterloo,FRI,16:15-16:30,16:15,0.27,08:00-10:00,14:45-16:45
940GZZLUWLO,Waterloo,FRI,16:30-16:45,16:30,0.27,08:00-10:00,14:45-16:45
940GZZLUWLO,Waterloo,FRI,16:45-17:00,16:45,0.26,08:00-10:00,14:45-16:45
940GZZLUWLO,Waterloo,FRI,17:00-17:15,17:00,0.22,08:00-10:00,14:45-16:45
940GZZLUWLO,Waterloo,FRI,17:15-17:30,17:15,0.19,08:00-10:00,14:45-16:45
940GZZLUWLO,Waterloo,FRI,17:30-17:45,17:30,0.17,08:00-10:00,14:45-16:45
940GZZLUWLO,Waterloo,FRI,17:45-18:00,17:45,0.14,08:00-10:00,14:45-16:45
940GZZLUWLO,Waterloo,FRI,18:00-18:15,18:00,0.13,08:00-10:00,14:45-16:45
940GZZLUWLO,Waterloo,FRI,18:15-18:30,18:15,0.13,08:00-10:00,14:45-16:45
940GZZLUWLO,Waterloo,FRI,18:30-18:45,18:30,0.14,08:00-10:00,14:45-16:45
940GZZLUWLO,Waterloo,FRI,18:45-19:00,18:45,0.17,08:00-10:00,14:45-16:45
940GZZLUWLO,Waterloo,FRI,19:00-19:15,19:00,0.19,08:00-10:00,14:45-16:45
940GZZLUWLO,Waterloo,FRI,19:15-19:30,19:15,0.22,08:00-10:00,14:45-16:45
940GZZLUWLO,Waterloo,FRI,19:30-19:45,19:30,0.25,08:00-10:00,14:45-16:45
940GZZLUWLO,Waterloo,FRI,19:45-20:00,19:45,0.26,08:00-10:00,14:45-16:45
940GZZLUWLO,Waterloo,FRI,20:00-20:15,20:00,0.26,08:00-10:00,14:45-16:45
940GZZLUWLO,Waterloo,FRI,20:15-20:30,20:15,0.25,08:00-10:00,14:45-16:45
940GZZLUWLO,Waterloo,FRI,20:30-20:45,20:30,0.23,08:00-10:00,14:45-16:45
940GZZLUWLO,Waterloo,FRI,20:45-21:00,20:45,0.22,08:00-10:00,14:45-16:45
940GZZLUWLO,Waterloo,FRI,21:00-21:15,21:00,0.21,08:00-10:00,14:45-16:45
940GZZLUWLO,Waterloo,FRI,21:15-21:30,21:15,0.2,08:00-10:00,14:45-16:45
940GZZLUWLO,Waterloo,FRI,21:30-21:45,21:30,0.2,08:00-10:00,14:45-16:45
940GZZLUWLO,Waterloo,FRI,21:45-22:00,21:45,0.22,08:00-10:00,14:45-16:45
940GZZLUWLO,Waterloo,FRI,22:00-22:15,22:00,0.24,08:00-10:00,14:45-16:45
940GZZLUWLO,Waterloo,FRI,22:15-22:30,22:15,0.25,08:00-10:00,14:45-16:45
940GZZLUWLO,Waterloo,FRI,22:30-22:45,22:30,0.26,08:00-10:00,14:45-16:45
940GZZLUWLO,Waterloo,FRI,22:45-23:00,22:45,0.27,08:00-10:00,14:45-16:45
940GZZLUWLO,Waterloo,FRI,23:00-23:15,23:00,0.27,08:00-10:00,14:45-16:45
940GZZLUWLO,Waterloo,FRI,23:15-23:30,23:15,0.26,08:00-10:00,14:45-16:45
940GZZLUWLO,Waterloo,FRI,23:30-23:45,23:30,0.24,08:00-10:00,14:45-16:45
940GZZLUWLO,Waterloo,FRI,23:45-00:00,23:45,0.21,08:00-10:00,14:45-16:45
940GZZLUWLO,Waterloo,THU,00:00-00:15,00:00,0.1,11:45-13:45,14:45-16:45
940GZZLUWLO,Waterloo,THU,00:15-00:30,00:15,0.08,11:45-13:45,14:45-16:45
940GZZLUWLO,Waterloo,THU,00:30-00:45,00:30,0.06,11:45-13:45,14:45-16:45
940GZZLUWLO,Waterloo,THU,00:45-01:00,00:45,0.04,11:45-13:45,14:45-16:45
940GZZLUWLO,Waterloo,THU,01:00-01:15,01:00,0.03,11:45-13:45,14:45-16:45
940GZZLUWLO,Waterloo,THU,01:15-01:30,01:15,0.02,11:45-13:45,14:45-16:45
940GZZLUWLO,Waterloo,THU,01:30-01:45,01:30,0.01,11:45-13:45,14:45-16:45
940GZZLUWLO,Waterloo,THU,01:45-02:00,01:45,0.01,11:45-13:45,14:45-16:45
940GZZLUWLO,Waterloo,THU,02:00-02:15,02:00,0.01,11:45-13:45,14:45-16:45
940GZZLUWLO,Waterloo,THU,02:15-02:30,02:15,0.01,11:45-13:45,14:45-16:45
940GZZLUWLO,Waterloo,THU,02:30-02:45,02:30,0.01,11:45-13:45,14:45-16:45
940GZZLUWLO,Waterloo,THU,02:45-03:00,02:45,0.01,11:45-13:45,14:45-16:45
940GZZLUWLO,Waterloo,THU,03:00-03:15,03:00,0.01,11:45-13:45,14:45-16:45
940GZZLUWLO,Waterloo,THU,03:15-03:30,03:15,0.01,11:45-13:45,14:45-16:45
940GZZLUWLO,Waterloo,THU,03:30-03:45,03:30,0.01,11:45-13:45,14:45-16:45
940GZZLUWLO,Waterloo,THU,03:45-04:00,03:45,0.01,11:45-13:45,14:45-16:45
940GZZLUWLO,Waterloo,THU,04:00-04:15,04:00,0.01,11:45-13:45,14:45-16:45
940GZZLUWLO,Waterloo,THU,04:15-04:30,04:15,0,11:45-13:45,14:45-16:45
940GZZLUWLO,Waterloo,THU,04:30-04:45,04:30,0,11:45-13:45,14:45-16:45
940GZZLUWLO,Waterloo,THU,04:45-05:00,04:45,0,11:45-13:45,14:45-16:45
940GZZLUWLO,Waterloo,THU,05:00-05:15,05:00,0,11:45-13:45,14:45-16:45
940GZZLUWLO,Waterloo,THU,05:15-05:30,05:15,0.01,11:45-13:45,14:45-16:45
940GZZLUWLO,Waterloo,THU,05:30-05:45,05:30,0.01,11:45-13:45,14:45-16:45
940GZZLUWLO,Waterloo,THU,05:45-06:00,05:45,0.02,11:45-13:45,14:45-16:45
940GZZLUWLO,Waterloo,THU,06:00-06:15,06:00,0.05,11:45-13:45,14:45-16:45
940GZZLUWLO,Waterloo,THU,06:15-06:30,06:15,0.07,11:45-13:45,14:45-16:45
940GZZLUWLO,Waterloo,THU,06:30-06:45,06:30,0.1,11:45-13:45,14:45-16:45
940GZZLUWLO,Waterloo,THU,06:45-07:00,06:45,0.12,11:45-13:45,14:45-16:45
940GZZLUWLO,Waterloo,THU,07:00-07:15,07:00,0.17,11:45-13:45,14:45-16:45
940GZZLUWLO,Waterloo,THU,07:15-07:30,07:15,0.22,11:45-13:45,14:45-16:45
940GZZLUWLO,Waterloo,THU,07:30-07:45,07:30,0.25,11:45-13:45,14:45-16:45
940GZZLUWLO,Waterloo,THU,07:45-08:00,07:45,0.23,11:45-13:45,14:45-16:45
940GZZLUWLO,Waterloo,THU,08:00-08:15,08:00,0.19,11:45-13:45,14:45-16:45
940GZZLUWLO,Waterloo,THU,08:15-08:30,08:15,0.13,11:45-13:45,14:45-16:45
940GZZLUWLO,Waterloo,THU,08:30-08:45,08:30,0.08,11:45-13:45,14:45-16:45
940GZZLUWLO,Waterloo,THU,08:45-09:00,08:45,0.03,11:45-13:45,14:45-16:45
940GZZLUWLO,Waterloo,THU,09:00-09:15,09:00,0.02,11:45-13:45,14:45-16:45
940GZZLUWLO,Waterloo,THU,09:15-09:30,09:15,0.05,11:45-13:45,14:45-16:45
940GZZLUWLO,Waterloo,THU,09:30-09:45,09:30,0.09,11:45-13:45,14:45-16:45
940GZZLUWLO,Waterloo,THU,09:45-10:00,09:45,0.14,11:45-13:45,14:45-16:45
940GZZLUWLO,Waterloo,THU,10:00-10:15,10:00,0.18,11:45-13:45,14:45-16:45
940GZZLUWLO,Waterloo,THU,10:15-10:30,10:15,0.23,11:45-13:45,14:45-16:45
940GZZLUWLO,Waterloo,THU,10:30-10:45,10:30,0.26,11:45-13:45,14:45-16:45
940GZZLUWLO,Waterloo,THU,10:45-11:00,10:45,0.27,11:45-13:45,14:45-16:45
940GZZLUWLO,Waterloo,THU,11:00-11:15,11:00,0.26,11:45-13:45,14:45-16:45
940GZZLUWLO,Waterloo,THU,11:15-11:30,11:15,0.25,11:45-13:45,14:45-16:45
940GZZLUWLO,Waterloo,THU,11:30-11:45,11:30,0.24,11:45-13:45,14:45-16:45
940GZZLUWLO,Waterloo,THU,11:45-12:00,11:45,0.24,11:45-13:45,14:45-16:45
940GZZLUWLO,Waterloo,THU,12:00-12:15,12:00,0.25,11:45-13:45,14:45-16:45
940GZZLUWLO,Waterloo,THU,12:15-12:30,12:15,0.25,11:45-13:45,14:45-16:45
940GZZLUWLO,Waterloo,THU,12:30-12:45,12:30,0.25,11:45-13:45,14:45-16:45
940GZZLUWLO,Waterloo,THU,12:45-13:00,12:45,0.26,11:45-13:45,14:45-16:45
940GZZLUWLO,Waterloo,THU,13:00-13:15,13:00,0.26,11:45-13:45,14:45-16:45
940GZZLUWLO,Waterloo,THU,13:15-13:30,13:15,0.26,11:45-13:45,14:45-16:45
940GZZLUWLO,Waterloo,THU,13:30-13:45,13:30,0.27,11:45-13:45,14:45-16:45
940GZZLUWLO,Waterloo,THU,13:45-14:00,13:45,0.27,11:45-13:45,14:45-16:45
940GZZLUWLO,Waterloo,THU,14:00-14:15,14:00,0.27,11:45-13:45,14:45-16:45
940GZZLUWLO,Waterloo,THU,14:15-14:30,14:15,0.26,11:45-13:45,14:45-16:45
940GZZLUWLO,Waterloo,THU,14:30-14:45,14:30,0.26,11:45-13:45,14:45-16:45
940GZZLUWLO,Waterloo,THU,14:45-15:00,14:45,0.26,11:45-13:45,14:45-16:45
940GZZLUWLO,Waterloo,THU,15:00-15:15,15:00,0.26,11:45-13:45,14:45-16:45
940GZZLUWLO,Waterloo,THU,15:15-15:30,15:15,0.26,11:45-13:45,14:45-16:45
940GZZLUWLO,Waterloo,THU,15:30-15:45,15:30,0.27,11:45-13:45,14:45-16:45
940GZZLUWLO,Waterloo,THU,15:45-16:00,15:45,0.29,11:45-13:45,14:45-16:45
940GZZLUWLO,Waterloo,THU,16:00-16:15,16:00,0.3,11:45-13:45,14:45-16:45
940GZZLUWLO,Waterloo,THU,16:15-16:30,16:15,0.29,11:45-13:45,14:45-16:45
940GZZLUWLO,Waterloo,THU,16:30-16:45,16:30,0.27,11:45-13:45,14:45-16:45
940GZZLUWLO,Waterloo,THU,16:45-17:00,16:45,0.23,11:45-13:45,14:45-16:45
940GZZLUWLO,Waterloo,THU,17:00-17:15,17:00,0.19,11:45-13:45,14:45-16:45
940GZZLUWLO,Waterloo,THU,17:15-17:30,17:15,0.16,11:45-13:45,14:45-16:45
940GZZLUWLO,Waterloo,THU,17:30-17:45,17:30,0.14,11:45-13:45,14:45-16:45
940GZZLUWLO,Waterloo,THU,17:45-18:00,17:45,0.13,11:45-13:45,14:45-16:45
940GZZLUWLO,Waterloo,THU,18:00-18:15,18:00,0.13,11:45-13:45,14:45-16:45
940GZZLUWLO,Waterloo,THU,18:15-18:30,18:15,0.12,11:45-13:45,14:45-16:45
940GZZLUWLO,Waterloo,THU,18:30-18:45,18:30,0.12,11:45-13:45,14:45-16:45
940GZZLUWLO,Waterloo,THU,18:45-19:00,18:45,0.12,11:45-13:45,14:45-16:45
940GZZLUWLO,Waterloo,THU,19:00-19:15,19:00,0.14,11:45-13:45,14:45-16:45
940GZZLUWLO,Waterloo,THU,19:15-19:30,19:15,0.17,11:45-13:45,14:45-16:45
940GZZLUWLO,Waterloo,THU,19:30-19:45,19:30,0.2,11:45-13:45,14:45-16:45
940GZZLUWLO,Waterloo,THU,19:45-20:00,19:45,0.23,11:45-13:45,14:45-16:45
940GZZLUWLO,Waterloo,THU,20:00-20:15,20:00,0.25,11:45-13:45,14:45-16:45
940GZZLUWLO,Waterloo,THU,20:15-20:30,20:15,0.26,11:45-13:45,14:45-16:45
940GZZLUWLO,Waterloo,THU,20:30-20:45,20:30,0.25,11:45-13:45,14:45-16:45
940GZZLUWLO,Waterloo,THU,20:45-21:00,20:45,0.25,11:45-13:45,14:45-16:45
940GZZLUWLO,Waterloo,THU,21:00-21:15,21:00,0.25,11:45-13:45,14:45-16:45
940GZZLUWLO,Waterloo,THU,21:15-21:30,21:15,0.24,11:45-13:45,14:45-16:45
940GZZLUWLO,Waterloo,THU,21:30-21:45,21:30,0.24,11:45-13:45,14:45-16:45
940GZZLUWLO,Waterloo,THU,21:45-22:00,21:45,0.25,11:45-13:45,14:45-16:45
940GZZLUWLO,Waterloo,THU,22:00-22:15,22:00,0.26,11:45-13:45,14:45-16:45
940GZZLUWLO,Waterloo,THU,22:15-22:30,22:15,0.26,11:45-13:45,14:45-16:45
940GZZLUWLO,Waterloo,THU,22:30-22:45,22:30,0.26,11:45-13:45,14:45-16:45
940GZZLUWLO,Waterloo,THU,22:45-23:00,22:45,0.26,11:45-13:45,14:45-16:45
940GZZLUWLO,Waterloo,THU,23:00-23:15,23:00,0.24,11:45-13:45,14:45-16:45
940GZZLUWLO,Waterloo,THU,23:15-23:30,23:15,0.21,11:45-13:45,14:45-16:45
940GZZLUWLO,Waterloo,THU,23:30-23:45,23:30,0.18,11:45-13:45,14:45-16:45
940GZZLUWLO,Waterloo,THU,23:45-00:00,23:45,0.13,11:45-13:45,14:45-16:45
940GZZLULVT,Liverpool Street,SAT,00:00-00:15,00:00,0.14,11:45-13:45,13:45-15:45
940GZZLULVT,Liverpool Street,SAT,00:15-00:30,00:15,0.11,11:45-13:45,13:45-15:45
940GZZLULVT,Liverpool Street,SAT,00:30-00:45,00:30,0.09,11:45-13:45,13:45-15:45
940GZZLULVT,Liverpool Street,SAT,00:45-01:00,00:45,0.07,11:45-13:45,13:45-15:45
940GZZLULVT,Liverpool Street,SAT,01:00-01:15,01:00,0.05,11:45-13:45,13:45-15:45
940GZZLULVT,Liverpool Street,SAT,01:15-01:30,01:15,0.04,11:45-13:45,13:45-15:45
940GZZLULVT,Liverpool Street,SAT,01:30-01:45,01:30,0.03,11:45-13:45,13:45-15:45
940GZZLULVT,Liverpool Street,SAT,01:45-02:00,01:45,0.02,11:45-13:45,13:45-15:45
940GZZLULVT,Liverpool Street,SAT,02:00-02:15,02:00,0.02,11:45-13:45,13:45-15:45
940GZZLULVT,Liverpool Street,SAT,02:15-02:30,02:15,0.01,11:45-13:45,13:45-15:45
940GZZLULVT,Liverpool Street,SAT,02:30-02:45,02:30,0.01,11:45-13:45,13:45-15:45
940GZZLULVT,Liverpool Street,SAT,02:45-03:00,02:45,0.01,11:45-13:45,13:45-15:45
940GZZLULVT,Liverpool Street,SAT,03:00-03:15,03:00,0.01,11:45-13:45,13:45-15:45
940GZZLULVT,Liverpool Street,SAT,03:15-03:30,03:15,0.01,11:45-13:45,13:45-15:45
940GZZLULVT,Liverpool Street,SAT,03:30-03:45,03:30,0.01,11:45-13:45,13:45-15:45
940GZZLULVT,Liverpool Street,SAT,03:45-04:00,03:45,0.01,11:45-13:45,13:45-15:45
940GZZLULVT,Liverpool Street,SAT,04:00-04:15,04:00,0.01,11:45-13:45,13:45-15:45
940GZZLULVT,Liverpool Street,SAT,04:15-04:30,04:15,0.01,11:45-13:45,13:45-15:45
940GZZLULVT,Liverpool Street,SAT,04:30-04:45,04:30,0.01,11:45-13:45,13:45-15:45
940GZZLULVT,Liverpool Street,SAT,04:45-05:00,04:45,0.01,11:45-13:45,13:45-15:45
940GZZLULVT,Liverpool Street,SAT,05:00-05:15,05:00,0.01,11:45-13:45,13:45-15:45
940GZZLULVT,Liverpool Street,SAT,05:15-05:30,05:15,0.01,11:45-13:45,13:45-15:45
940GZZLULVT,Liverpool Street,SAT,05:30-05:45,05:30,0.02,11:45-13:45,13:45-15:45
940GZZLULVT,Liverpool Street,SAT,05:45-06:00,05:45,0.02,11:45-13:45,13:45-15:45
940GZZLULVT,Liverpool Street,SAT,06:00-06:15,06:00,0.03,11:45-13:45,13:45-15:45
940GZZLULVT,Liverpool Street,SAT,06:15-06:30,06:15,0.03,11:45-13:45,13:45-15:45
940GZZLULVT,Liverpool Street,SAT,06:30-06:45,06:30,0.04,11:45-13:45,13:45-15:45
940GZZLULVT,Liverpool Street,SAT,06:45-07:00,06:45,0.05,11:45-13:45,13:45-15:45
940GZZLULVT,Liverpool Street,SAT,07:00-07:15,07:00,0.05,11:45-13:45,13:45-15:45
940GZZLULVT,Liverpool Street,SAT,07:15-07:30,07:15,0.06,11:45-13:45,13:45-15:45
940GZZLULVT,Liverpool Street,SAT,07:30-07:45,07:30,0.06,11:45-13:45,13:45-15:45
940GZZLULVT,Liverpool Street,SAT,07:45-08:00,07:45,0.07,11:45-13:45,13:45-15:45
940GZZLULVT,Liverpool Street,SAT,08:00-08:15,08:00,0.07,11:45-13:45,13:45-15:45
940GZZLULVT,Liverpool Street,SAT,08:15-08:30,08:15,0.08,11:45-13:45,13:45-15:45
940GZZLULVT,Liverpool Street,SAT,08:30-08:45,08:30,0.08,11:45-13:45,13:45-15:45
940GZZLULVT,Liverpool Street,SAT,08:45-09:00,08:45,0.09,11:45-13:45,13:45-15:45
940GZZLULVT,Liverpool Street,SAT,09:00-09:15,09:00,0.09,11:45-13:45,13:45-15:45
940GZZLULVT,Liverpool Street,SAT,09:15-09:30,09:15,0.1,11:45-13:45,13:45-15:45
940GZZLULVT,Liverpool Street,SAT,09:30-09:45,09:30,0.11,11:45-13:45,13:45-15:45
940GZZLULVT,Liverpool Street,SAT,09:45-10:00,09:45,0.11,11:45-13:45,13:45-15:45
940GZZLULVT,Liverpool Street,SAT,10:00-10:15,10:00,0.12,11:45-13:45,13:45-15:45
940GZZLULVT,Liverpool Street,SAT,10:15-10:30,10:15,0.13,11:45-13:45,13:45-15:45
940GZZLULVT,Liverpool Street,SAT,10:30-10:45,10:30,0.14,11:45-13:45,13:45-15:45
940GZZLULVT,Liverpool Street,SAT,10:45-11:00,10:45,0.15,11:45-13:45,13:45-15:45
940GZZLULVT,Liverpool Street,SAT,11:00-11:15,11:00,0.16,11:45-13:45,13:45-15:45
940GZZLULVT,Liverpool Street,SAT,11:15-11:30,11:15,0.17,11:45-13:45,13:45-15:45
940GZZLULVT,Liverpool Street,SAT,11:30-11:45,11:30,0.17,11:45-13:45,13:45-15:45
940GZZLULVT,Liverpool Street,SAT,11:45-12:00,11:45,0.18,11:45-13:45,13:45-15:45
940GZZLULVT,Liverpool Street,SAT,12:00-12:15,12:00,0.19,11:45-13:45,13:45-15:45
940GZZLULVT,Liverpool Street,SAT,12:15-12:30,12:15,0.19,11:45-13:45,13:45-15:45
940GZZLULVT,Liverpool Street,SAT,12:30-12:45,12:30,0.2,11:45-13:45,13:45-15:45
940GZZLULVT,Liverpool Street,SAT,12:45-13:00,12:45,0.2,11:45-13:45,13:45-15:45
940GZZLULVT,Liverpool Street,SAT,13:00-13:15,13:00,0.21,11:45-13:45,13:45-15:45
940GZZLULVT,Liverpool Street,SAT,13:15-13:30,13:15,0.21,11:45-13:45,13:45-15:45
940GZZLULVT,Liverpool Street,SAT,13:30-13:45,13:30,0.21,11:45-13:45,13:45-15:45
940GZZLULVT,Liverpool Street,SAT,13:45-14:00,13:45,0.21,11:45-13:45,13:45-15:45
940GZZLULVT,Liverpool Street,SAT,14:00-14:15,14:00,0.21,11:45-13:45,13:45-15:45
940GZZLULVT,Liverpool Street,SAT,14:15-14:30,14:15,0.21,11:45-13:45,13:45-15:45
940GZZLULVT,Liverpool Street,SAT,14:30-14:45,14:30,0.21,11:45-13:45,13:45-15:45
940GZZLULVT,Liverpool Street,SAT,14:45-15:00,14:45,0.21,11:45-13:45,13:45-15:45
940GZZLULVT,Liverpool Street,SAT,15:00-15:15,15:00,0.21,11:45-13:45,13:45-15:45
940GZZLULVT,Liverpool Street,SAT,15:15-15:30,15:15,0.21,11:45-13:45,13:45-15:45
940GZZLULVT,Liverpool Street,SAT,15:30-15:45,15:30,0.21,11:45-13:45,13:45-15:45
940GZZLULVT,Liverpool Street,SAT,15:45-16:00,15:45,0.21,11:45-13:45,13:45-15:45
940GZZLULVT,Liverpool Street,SAT,16:00-16:15,16:00,0.21,11:45-13:45,13:45-15:45
940GZZLULVT,Liverpool Street,SAT,16:15-16:30,16:15,0.22,11:45-13:45,13:45-15:45
940GZZLULVT,Liverpool Street,SAT,16:30-16:45,16:30,0.22,11:45-13:45,13:45-15:45
940GZZLULVT,Liverpool Street,SAT,16:45-17:00,16:45,0.23,11:45-13:45,13:45-15:45
940GZZLULVT,Liverpool Street,SAT,17:00-17:15,17:00,0.24,11:45-13:45,13:45-15:45
940GZZLULVT,Liverpool Street,SAT,17:15-17:30,17:15,0.24,11:45-13:45,13:45-15:45
940GZZLULVT,Liverpool Street,SAT,17:30-17:45,17:30,0.24,11:45-13:45,13:45-15:45
940GZZLULVT,Liverpool Street,SAT,17:45-18:00,17:45,0.25,11:45-13:45,13:45-15:45
940GZZLULVT,Liverpool Street,SAT,18:00-18:15,18:00,0.25,11:45-13:45,13:45-15:45
940GZZLULVT,Liverpool Street,SAT,18:15-18:30,18:15,0.25,11:45-13:45,13:45-15:45
940GZZLULVT,Liverpool Street,SAT,18:30-18:45,18:30,0.24,11:45-13:45,13:45-15:45
940GZZLULVT,Liverpool Street,SAT,18:45-19:00,18:45,0.24,11:45-13:45,13:45-15:45
940GZZLULVT,Liverpool Street,SAT,19:00-19:15,19:00,0.23,11:45-13:45,13:45-15:45
940GZZLULVT,Liverpool Street,SAT,19:15-19:30,19:15,0.22,11:45-13:45,13:45-15:45
940GZZLULVT,Liverpool Street,SAT,19:30-19:45,19:30,0.21,11:45-13:45,13:45-15:45
940GZZLULVT,Liverpool Street,SAT,19:45-20:00,19:45,0.2,11:45-13:45,13:45-15:45
940GZZLULVT,Liverpool Street,SAT,20:00-20:15,20:00,0.19,11:45-13:45,13:45-15:45
940GZZLULVT,Liverpool Street,SAT,20:15-20:30,20:15,0.18,11:45-13:45,13:45-15:45
940GZZLULVT,Liverpool Street,SAT,20:30-20:45,20:30,0.17,11:45-13:45,13:45-15:45
940GZZLULVT,Liverpool Street,SAT,20:45-21:00,20:45,0.17,11:45-13:45,13:45-15:45
940GZZLULVT,Liverpool Street,SAT,21:00-21:15,21:00,0.16,11:45-13:45,13:45-15:45
940GZZLULVT,Liverpool Street,SAT,21:15-21:30,21:15,0.16,11:45-13:45,13:45-15:45
940GZZLULVT,Liverpool Street,SAT,21:30-21:45,21:30,0.16,11:45-13:45,13:45-15:45
940GZZLULVT,Liverpool Street,SAT,21:45-22:00,21:45,0.16,11:45-13:45,13:45-15:45
940GZZLULVT,Liverpool Street,SAT,22:00-22:15,22:00,0.16,11:45-13:45,13:45-15:45
940GZZLULVT,Liverpool Street,SAT,22:15-22:30,22:15,0.16,11:45-13:45,13:45-15:45
940GZZLULVT,Liverpool Street,SAT,22:30-22:45,22:30,0.16,11:45-13:45,13:45-15:45
940GZZLULVT,Liverpool Street,SAT,22:45-23:00,22:45,0.16,11:45-13:45,13:45-15:45
940GZZLULVT,Liverpool Street,SAT,23:00-23:15,23:00,0.17,11:45-13:45,13:45-15:45
940GZZLULVT,Liverpool Street,SAT,23:15-23:30,23:15,0.17,11:45-13:45,13:45-15:45
940GZZLULVT,Liverpool Street,SAT,23:30-23:45,23:30,0.17,11:45-13:45,13:45-15:45
940GZZLULVT,Liverpool Street,SAT,23:45-00:00,23:45,0.17,11:45-13:45,13:45-15:45
940GZZLULVT,Liverpool Street,WED,00:00-00:15,00:00,0.06,08:00-10:00,17:15-19:15
940GZZLULVT,Liverpool Street,WED,00:15-00:30,00:15,0.04,08:00-10:00,17:15-19:15
940GZZLULVT,Liverpool Street,WED,00:30-00:45,00:30,0.03,08:00-10:00,17:15-19:15
940GZZLULVT,Liverpool Street,WED,00:45-01:00,00:45,0.02,08:00-10:00,17:15-19:15
940GZZLULVT,Liverpool Street,WED,01:00-01:15,01:00,0.01,08:00-10:00,17:15-19:15
940GZZLULVT,Liverpool Street,WED,01:15-01:30,01:15,0.01,08:00-10:00,17:15-19:15
940GZZLULVT,Liverpool Street,WED,01:30-01:45,01:30,0,08:00-10:00,17:15-19:15
940GZZLULVT,Liverpool Street,WED,01:45-02:00,01:45,0,08:00-10:00,17:15-19:15
940GZZLULVT,Liverpool Street,WED,02:00-02:15,02:00,0,08:00-10:00,17:15-19:15
940GZZLULVT,Liverpool Street,WED,02:15-02:30,02:15,0,08:00-10:00,17:15-19:15
940GZZLULVT,Liverpool Street,WED,02:30-02:45,02:30,0,08:00-10:00,17:15-19:15
940GZZLULVT,Liverpool Street,WED,02:45-03:00,02:45,0,08:00-10:00,17:15-19:15
940GZZLULVT,Liverpool Street,WED,03:00-03:15,03:00,0,08:00-10:00,17:15-19:15
940GZZLULVT,Liverpool Street,WED,03:15-03:30,03:15,0,08:00-10:00,17:15-19:15
940GZZLULVT,Liverpool Street,WED,03:30-03:45,03:30,0,08:00-10:00,17:15-19:15
940GZZLULVT,Liverpool Street,WED,03:45-04:00,03:45,0,08:00-10:00,17:15-19:15
940GZZLULVT,Liverpool Street,WED,04:00-04:15,04:00,0,08:00-10:00,17:15-19:15
940GZZLULVT,Liverpool Street,WED,04:15-04:30,04:15,0,08:00-10:00,17:15-19:15
940GZZLULVT,Liverpool Street,WED,04:30-04:45,04:30,0,08:00-10:00,17:15-19:15
940GZZLULVT,Liverpool Street,WED,04:45-05:00,04:45,0,08:00-10:00,17:15-19:15
940GZZLULVT,Liverpool Street,WED,05:00-05:15,05:00,0,08:00-10:00,17:15-19:15
940GZZLULVT,Liverpool Street,WED,05:15-05:30,05:15,0.01,08:00-10:00,17:15-19:15
940GZZLULVT,Liverpool Street,WED,05:30-05:45,05:30,0.01,08:00-10:00,17:15-19:15
940GZZLULVT,Liverpool Street,WED,05:45-06:00,05:45,0.03,08:00-10:00,17:15-19:15
940GZZLULVT,Liverpool Street,WED,06:00-06:15,06:00,0.05,08:00-10:00,17:15-19:15
940GZZLULVT,Liverpool Street,WED,06:15-06:30,06:15,0.07,08:00-10:00,17:15-19:15
940GZZLULVT,Liverpool Street,WED,06:30-06:45,06:30,0.11,08:00-10:00,17:15-19:15
940GZZLULVT,Liverpool Street,WED,06:45-07:00,06:45,0.14,08:00-10:00,17:15-19:15
940GZZLULVT,Liverpool Street,WED,07:00-07:15,07:00,0.18,08:00-10:00,17:15-19:15
940GZZLULVT,Liverpool Street,WED,07:15-07:30,07:15,0.23,08:00-10:00,17:15-19:15
940GZZLULVT,Liverpool Street,WED,07:30-07:45,07:30,0.27,08:00-10:00,17:15-19:15
940GZZLULVT,Liverpool Street,WED,07:45-08:00,07:45,0.28,08:00-10:00,17:15-19:15
940GZZLULVT,Liverpool Street,WED,08:00-08:15,08:00,0.28,08:00-10:00,17:15-19:15
940GZZLULVT,Liverpool Street,WED,08:15-08:30,08:15,0.26,08:00-10:00,17:15-19:15
940GZZLULVT,Liverpool Street,WED,08:30-08:45,08:30,0.24,08:00-10:00,17:15-19:15
940GZZLULVT,Liverpool Street,WED,08:45-09:00,08:45,0.24,08:00-10:00,17:15-19:15
940GZZLULVT,Liverpool Street,WED,09:00-09:15,09:00,0.26,08:00-10:00,17:15-19:15
940GZZLULVT,Liverpool Street,WED,09:15-09:30,09:15,0.29,08:00-10:00,17:15-19:15
940GZZLULVT,Liverpool Street,WED,09:30-09:45,09:30,0.31,08:00-10:00,17:15-19:15
940GZZLULVT,Liverpool Street,WED,09:45-10:00,09:45,0.3,08:00-10:00,17:15-19:15
940GZZLULVT,Liverpool Street,WED,10:00-10:15,10:00,0.28,08:00-10:00,17:15-19:15
940GZZLULVT,Liverpool Street,WED,10:15-10:30,10:15,0.25,08:00-10:00,17:15-19:15
940GZZLULVT,Liverpool Street,WED,10:30-10:45,10:30,0.21,08:00-10:00,17:15-19:15
940GZZLULVT,Liverpool Street,WED,10:45-11:00,10:45,0.2,08:00-10:00,17:15-19:15
940GZZLULVT,Liverpool Street,WED,11:00-11:15,11:00,0.19,08:00-10:00,17:15-19:15
940GZZLULVT,Liverpool Street,WED,11:15-11:30,11:15,0.19,08:00-10:00,17:15-19:15
940GZZLULVT,Liverpool Street,WED,11:30-11:45,11:30,0.19,08:00-10:00,17:15-19:15
940GZZLULVT,Liverpool Street,WED,11:45-12:00,11:45,0.19,08:00-10:00,17:15-19:15
940GZZLULVT,Liverpool Street,WED,12:00-12:15,12:00,0.19,08:00-10:00,17:15-19:15
940GZZLULVT,Liverpool Street,WED,12:15-12:30,12:15,0.19,08:00-10:00,17:15-19:15
940GZZLULVT,Liverpool Street,WED,12:30-12:45,12:30,0.19,08:00-10:00,17:15-19:15
940GZZLULVT,Liverpool Street,WED,12:45-13:00,12:45,0.2,08:00-10:00,17:15-19:15
940GZZLULVT,Liverpool Street,WED,13:00-13:15,13:00,0.2,08:00-10:00,17:15-19:15
940GZZLULVT,Liverpool Street,WED,13:15-13:30,13:15,0.19,08:00-10:00,17:15-19:15
940GZZLULVT,Liverpool Street,WED,13:30-13:45,13:30,0.19,08:00-10:00,17:15-19:15
940GZZLULVT,Liverpool Street,WED,13:45-14:00,13:45,0.19,08:00-10:00,17:15-19:15
940GZZLULVT,Liverpool Street,WED,14:00-14:15,14:00,0.19,08:00-10:00,17:15-19:15
940GZZLULVT,Liverpool Street,WED,14:15-14:30,14:15,0.19,08:00-10:00,17:15-19:15
940GZZLULVT,Liverpool Street,WED,14:30-14:45,14:30,0.2,08:00-10:00,17:15-19:15
940GZZLULVT,Liverpool Street,WED,14:45-15:00,14:45,0.2,08:00-10:00,17:15-19:15
940GZZLULVT,Liverpool Street,WED,15:00-15:15,15:00,0.21,08:00-10:00,17:15-19:15
940GZZLULVT,Liverpool Street,WED,15:15-15:30,15:15,0.21,08:00-10:00,17:15-19:15
940GZZLULVT,Liverpool Street,WED,15:30-15:45,15:30,0.23,08:00-10:00,17:15-19:15
940GZZLULVT,Liverpool Street,WED,15:45-16:00,15:45,0.25,08:00-10:00,17:15-19:15
940GZZLULVT,Liverpool Street,WED,16:00-16:15,16:00,0.27,08:00-10:00,17:15-19:15
940GZZLULVT,Liverpool Street,WED,16:15-16:30,16:15,0.29,08:00-10:00,17:15-19:15
940GZZLULVT,Liverpool Street,WED,16:30-16:45,16:30,0.32,08:00-10:00,17:15-19:15
940GZZLULVT,Liverpool Street,WED,16:45-17:00,16:45,0.33,08:00-10:00,17:15-19:15
940GZZLULVT,Liverpool Street,WED,17:00-17:15,17:00,0.33,08:00-10:00,17:15-19:15
940GZZLULVT,Liverpool Street,WED,17:15-17:30,17:15,0.32,08:00-10:00,17:15-19:15
940GZZLULVT,Liverpool Street,WED,17:30-17:45,17:30,0.31,08:00-10:00,17:15-19:15
940GZZLULVT,Liverpool Street,WED,17:45-18:00,17:45,0.3,08:00-10:00,17:15-19:15
940GZZLULVT,Liverpool Street,WED,18:00-18:15,18:00,0.27,08:00-10:00,17:15-19:15
940GZZLULVT,Liverpool Street,WED,18:15-18:30,18:15,0.27,08:00-10:00,17:15-19:15
940GZZLULVT,Liverpool Street,WED,18:30-18:45,18:30,0.28,08:00-10:00,17:15-19:15
940GZZLULVT,Liverpool Street,WED,18:45-19:00,18:45,0.28,08:00-10:00,17:15-19:15
940GZZLULVT,Liverpool Street,WED,19:00-19:15,19:00,0.28,08:00-10:00,17:15-19:15
940GZZLULVT,Liverpool Street,WED,19:15-19:30,19:15,0.28,08:00-10:00,17:15-19:15
940GZZLULVT,Liverpool Street,WED,19:30-19:45,19:30,0.27,08:00-10:00,17:15-19:15
940GZZLULVT,Liverpool Street,WED,19:45-20:00,19:45,0.24,08:00-10:00,17:15-19:15
940GZZLULVT,Liverpool Street,WED,20:00-20:15,20:00,0.22,08:00-10:00,17:15-19:15
940GZZLULVT,Liverpool Street,WED,20:15-20:30,20:15,0.2,08:00-10:00,17:15-19:15
940GZZLULVT,Liverpool Street,WED,20:30-20:45,20:30,0.19,08:00-10:00,17:15-19:15
940GZZLULVT,Liverpool Street,WED,20:45-21:00,20:45,0.18,08:00-10:00,17:15-19:15
940GZZLULVT,Liverpool Street,WED,21:00-21:15,21:00,0.17,08:00-10:00,17:15-19:15
940GZZLULVT,Liverpool Street,WED,21:15-21:30,21:15,0.16,08:00-10:00,17:15-19:15
940GZZLULVT,Liverpool Street,WED,21:30-21:45,21:30,0.16,08:00-10:00,17:15-19:15
940GZZLULVT,Liverpool Street,WED,21:45-22:00,21:45,0.15,08:00-10:00,17:15-19:15
940GZZLULVT,Liverpool Street,WED,22:00-22:15,22:00,0.15,08:00-10:00,17:15-19:15
940GZZLULVT,Liverpool Street,WED,22:15-22:30,22:15,0.14,08:00-10:00,17:15-19:15
940GZZLULVT,Liverpool Street,WED,22:30-22:45,22:30,0.14,08:00-10:00,17:15-19:15
940GZZLULVT,Liverpool Street,WED,22:45-23:00,22:45,0.13,08:00-10:00,17:15-19:15
940GZZLULVT,Liverpool Street,WED,23:00-23:15,23:00,0.12,08:00-10:00,17:15-19:15
940GZZLULVT,Liverpool Street,WED,23:15-23:30,23:15,0.11,08:00-10:00,17:15-19:15
940GZZLULVT,Liverpool Street,WED,23:30-23:45,23:30,0.09,08:00-10:00,17:15-19:15
940GZZLULVT,Liverpool Street,WED,23:45-00:00,23:45,0.08,08:00-10:00,17:15-19:15
940GZZLULVT,Liverpool Street,FRI,00:00-00:15,00:00,0.12,07:45-09:45,17:00-19:00
940GZZLULVT,Liverpool Street,FRI,00:15-00:30,00:15,0.09,07:45-09:45,17:00-19:00
940GZZLULVT,Liverpool Street,FRI,00:30-00:45,00:30,0.07,07:45-09:45,17:00-19:00
940GZZLULVT,Liverpool Street,FRI,00:45-01:00,00:45,0.05,07:45-09:45,17:00-19:00
940GZZLULVT,Liverpool Street,FRI,01:00-01:15,01:00,0.04,07:45-09:45,17:00-19:00
940GZZLULVT,Liverpool Street,FRI,01:15-01:30,01:15,0.02,07:45-09:45,17:00-19:00
940GZZLULVT,Liverpool Street,FRI,01:30-01:45,01:30,0.01,07:45-09:45,17:00-19:00
940GZZLULVT,Liverpool Street,FRI,01:45-02:00,01:45,0,07:45-09:45,17:00-19:00
940GZZLULVT,Liverpool Street,FRI,02:00-02:15,02:00,0,07:45-09:45,17:00-19:00
940GZZLULVT,Liverpool Street,FRI,02:15-02:30,02:15,0,07:45-09:45,17:00-19:00
940GZZLULVT,Liverpool Street,FRI,02:30-02:45,02:30,0,07:45-09:45,17:00-19:00
940GZZLULVT,Liverpool Street,FRI,02:45-03:00,02:45,0,07:45-09:45,17:00-19:00
940GZZLULVT,Liverpool Street,FRI,03:00-03:15,03:00,0,07:45-09:45,17:00-19:00
940GZZLULVT,Liverpool Street,FRI,03:15-03:30,03:15,0,07:45-09:45,17:00-19:00
940GZZLULVT,Liverpool Street,FRI,03:30-03:45,03:30,0,07:45-09:45,17:00-19:00
940GZZLULVT,Liverpool Street,FRI,03:45-04:00,03:45,0,07:45-09:45,17:00-19:00
940GZZLULVT,Liverpool Street,FRI,04:00-04:15,04:00,0,07:45-09:45,17:00-19:00
940GZZLULVT,Liverpool Street,FRI,04:15-04:30,04:15,0,07:45-09:45,17:00-19:00
940GZZLULVT,Liverpool Street,FRI,04:30-04:45,04:30,0,07:45-09:45,17:00-19:00
940GZZLULVT,Liverpool Street,FRI,04:45-05:00,04:45,0,07:45-09:45,17:00-19:00
940GZZLULVT,Liverpool Street,FRI,05:00-05:15,05:00,0,07:45-09:45,17:00-19:00
940GZZLULVT,Liverpool Street,FRI,05:15-05:30,05:15,0.01,07:45-09:45,17:00-19:00
940GZZLULVT,Liverpool Street,FRI,05:30-05:45,05:30,0.02,07:45-09:45,17:00-19:00
940GZZLULVT,Liverpool Street,FRI,05:45-06:00,05:45,0.03,07:45-09:45,17:00-19:00
940GZZLULVT,Liverpool Street,FRI,06:00-06:15,06:00,0.05,07:45-09:45,17:00-19:00
940GZZLULVT,Liverpool Street,FRI,06:15-06:30,06:15,0.07,07:45-09:45,17:00-19:00
940GZZLULVT,Liverpool Street,FRI,06:30-06:45,06:30,0.09,07:45-09:45,17:00-19:00
940GZZLULVT,Liverpool Street,FRI,06:45-07:00,06:45,0.12,07:45-09:45,17:00-19:00
940GZZLULVT,Liverpool Street,FRI,07:00-07:15,07:00,0.15,07:45-09:45,17:00-19:00
940GZZLULVT,Liverpool Street,FRI,07:15-07:30,07:15,0.17,07:45-09:45,17:00-19:00
940GZZLULVT,Liverpool Street,FRI,07:30-07:45,07:30,0.19,07:45-09:45,17:00-19:00
940GZZLULVT,Liverpool Street,FRI,07:45-08:00,07:45,0.2,07:45-09:45,17:00-19:00
940GZZLULVT,Liverpool Street,FRI,08:00-08:15,08:00,0.23,07:45-09:45,17:00-19:00
940GZZLULVT,Liverpool Street,FRI,08:15-08:30,08:15,0.25,07:45-09:45,17:00-19:00
940GZZLULVT,Liverpool Street,FRI,08:30-08:45,08:30,0.27,07:45-09:45,17:00-19:00
940GZZLULVT,Liverpool Street,FRI,08:45-09:00,08:45,0.28,07:45-09:45,17:00-19:00
940GZZLULVT,Liverpool Street,FRI,09:00-09:15,09:00,0.28,07:45-09:45,17:00-19:00
940GZZLULVT,Liverpool Street,FRI,09:15-09:30,09:15,0.26,07:45-09:45,17:00-19:00
940GZZLULVT,Liverpool Street,FRI,09:30-09:45,09:30,0.23,07:45-09:45,17:00-19:00
940GZZLULVT,Liverpool Street,FRI,09:45-10:00,09:45,0.2,07:45-09:45,17:00-19:00
940GZZLULVT,Liverpool Street,FRI,10:00-10:15,10:00,0.19,07:45-09:45,17:00-19:00
940GZZLULVT,Liverpool Street,FRI,10:15-10:30,10:15,0.18,07:45-09:45,17:00-19:00
940GZZLULVT,Liverpool Street,FRI,10:30-10:45,10:30,0.17,07:45-09:45,17:00-19:00
940GZZLULVT,Liverpool Street,FRI,10:45-11:00,10:45,0.16,07:45-09:45,17:00-19:00
940GZZLULVT,Liverpool Street,FRI,11:00-11:15,11:00,0.16,07:45-09:45,17:00-19:00
940GZZLULVT,Liverpool Street,FRI,11:15-11:30,11:15,0.16,07:45-09:45,17:00-19:00
940GZZLULVT,Liverpool Street,FRI,11:30-11:45,11:30,0.16,07:45-09:45,17:00-19:00
940GZZLULVT,Liverpool Street,FRI,11:45-12:00,11:45,0.16,07:45-09:45,17:00-19:00
940GZZLULVT,Liverpool Street,FRI,12:00-12:15,12:00,0.17,07:45-09:45,17:00-19:00
940GZZLULVT,Liverpool Street,FRI,12:15-12:30,12:15,0.17,07:45-09:45,17:00-19:00
940GZZLULVT,Liverpool Street,FRI,12:30-12:45,12:30,0.17,07:45-09:45,17:00-19:00
940GZZLULVT,Liverpool Street,FRI,12:45-13:00,12:45,0.17,07:45-09:45,17:00-19:00
940GZZLULVT,Liverpool Street,FRI,13:00-13:15,13:00,0.17,07:45-09:45,17:00-19:00
940GZZLULVT,Liverpool Street,FRI,13:15-13:30,13:15,0.18,07:45-09:45,17:00-19:00
940GZZLULVT,Liverpool Street,FRI,13:30-13:45,13:30,0.18,07:45-09:45,17:00-19:00
940GZZLULVT,Liverpool Street,FRI,13:45-14:00,13:45,0.18,07:45-09:45,17:00-19:00
940GZZLULVT,Liverpool Street,FRI,14:00-14:15,14:00,0.18,07:45-09:45,17:00-19:00
940GZZLULVT,Liverpool Street,FRI,14:15-14:30,14:15,0.18,07:45-09:45,17:00-19:00
940GZZLULVT,Liverpool Street,FRI,14:30-14:45,14:30,0.19,07:45-09:45,17:00-19:00
940GZZLULVT,Liverpool Street,FRI,14:45-15:00,14:45,0.19,07:45-09:45,17:00-19:00
940GZZLULVT,Liverpool Street,FRI,15:00-15:15,15:00,0.2,07:45-09:45,17:00-19:00
940GZZLULVT,Liverpool Street,FRI,15:15-15:30,15:15,0.21,07:45-09:45,17:00-19:00
940GZZLULVT,Liverpool Street,FRI,15:30-15:45,15:30,0.22,07:45-09:45,17:00-19:00
940GZZLULVT,Liverpool Street,FRI,15:45-16:00,15:45,0.24,07:45-09:45,17:00-19:00
940GZZLULVT,Liverpool Street,FRI,16:00-16:15,16:00,0.25,07:45-09:45,17:00-19:00
940GZZLULVT,Liverpool Street,FRI,16:15-16:30,16:15,0.26,07:45-09:45,17:00-19:00
940GZZLULVT,Liverpool Street,FRI,16:30-16:45,16:30,0.28,07:45-09:45,17:00-19:00
940GZZLULVT,Liverpool Street,FRI,16:45-17:00,16:45,0.3,07:45-09:45,17:00-19:00
940GZZLULVT,Liverpool Street,FRI,17:00-17:15,17:00,0.3,07:45-09:45,17:00-19:00
940GZZLULVT,Liverpool Street,FRI,17:15-17:30,17:15,0.31,07:45-09:45,17:00-19:00
940GZZLULVT,Liverpool Street,FRI,17:30-17:45,17:30,0.32,07:45-09:45,17:00-19:00
940GZZLULVT,Liverpool Street,FRI,17:45-18:00,17:45,0.33,07:45-09:45,17:00-19:00
940GZZLULVT,Liverpool Street,FRI,18:00-18:15,18:00,0.34,07:45-09:45,17:00-19:00
940GZZLULVT,Liverpool Street,FRI,18:15-18:30,18:15,0.33,07:45-09:45,17:00-19:00
940GZZLULVT,Liverpool Street,FRI,18:30-18:45,18:30,0.33,07:45-09:45,17:00-19:00
940GZZLULVT,Liverpool Street,FRI,18:45-19:00,18:45,0.31,07:45-09:45,17:00-19:00
940GZZLULVT,Liverpool Street,FRI,19:00-19:15,19:00,0.28,07:45-09:45,17:00-19:00
940GZZLULVT,Liverpool Street,FRI,19:15-19:30,19:15,0.25,07:45-09:45,17:00-19:00
940GZZLULVT,Liverpool Street,FRI,19:30-19:45,19:30,0.23,07:45-09:45,17:00-19:00
940GZZLULVT,Liverpool Street,FRI,19:45-20:00,19:45,0.21,07:45-09:45,17:00-19:00
940GZZLULVT,Liverpool Street,FRI,20:00-20:15,20:00,0.19,07:45-09:45,17:00-19:00
940GZZLULVT,Liverpool Street,FRI,20:15-20:30,20:15,0.17,07:45-09:45,17:00-19:00
940GZZLULVT,Liverpool Street,FRI,20:30-20:45,20:30,0.16,07:45-09:45,17:00-19:00
940GZZLULVT,Liverpool Street,FRI,20:45-21:00,20:45,0.15,07:45-09:45,17:00-19:00
940GZZLULVT,Liverpool Street,FRI,21:00-21:15,21:00,0.14,07:45-09:45,17:00-19:00
940GZZLULVT,Liverpool Street,FRI,21:15-21:30,21:15,0.14,07:45-09:45,17:00-19:00
940GZZLULVT,Liverpool Street,FRI,21:30-21:45,21:30,0.13,07:45-09:45,17:00-19:00
940GZZLULVT,Liverpool Street,FRI,21:45-22:00,21:45,0.13,07:45-09:45,17:00-19:00
940GZZLULVT,Liverpool Street,FRI,22:00-22:15,22:00,0.14,07:45-09:45,17:00-19:00
940GZZLULVT,Liverpool Street,FRI,22:15-22:30,22:15,0.14,07:45-09:45,17:00-19:00
940GZZLULVT,Liverpool Street,FRI,22:30-22:45,22:30,0.15,07:45-09:45,17:00-19:00
940GZZLULVT,Liverpool Street,FRI,22:45-23:00,22:45,0.15,07:45-09:45,17:00-19:00
940GZZLULVT,Liverpool Street,FRI,23:00-23:15,23:00,0.15,07:45-09:45,17:00-19:00
940GZZLULVT,Liverpool Street,FRI,23:15-23:30,23:15,0.15,07:45-09:45,17:00-19:00
940GZZLULVT,Liverpool Street,FRI,23:30-23:45,23:30,0.14,07:45-09:45,17:00-19:00
940GZZLULVT,Liverpool Street,FRI,23:45-00:00,23:45,0.13,07:45-09:45,17:00-19:00
940GZZLULVT,Liverpool Street,MON,00:00-00:15,00:00,0.03,08:00-10:00,17:00-19:00
940GZZLULVT,Liverpool Street,MON,00:15-00:30,00:15,0.03,08:00-10:00,17:00-19:00
940GZZLULVT,Liverpool Street,MON,00:30-00:45,00:30,0.02,08:00-10:00,17:00-19:00
940GZZLULVT,Liverpool Street,MON,00:45-01:00,00:45,0.01,08:00-10:00,17:00-19:00
940GZZLULVT,Liverpool Street,MON,01:00-01:15,01:00,0.01,08:00-10:00,17:00-19:00
940GZZLULVT,Liverpool Street,MON,01:15-01:30,01:15,0.01,08:00-10:00,17:00-19:00
940GZZLULVT,Liverpool Street,MON,01:30-01:45,01:30,0,08:00-10:00,17:00-19:00
940GZZLULVT,Liverpool Street,MON,01:45-02:00,01:45,0,08:00-10:00,17:00-19:00
940GZZLULVT,Liverpool Street,MON,02:00-02:15,02:00,0,08:00-10:00,17:00-19:00
940GZZLULVT,Liverpool Street,MON,02:15-02:30,02:15,0,08:00-10:00,17:00-19:00
940GZZLULVT,Liverpool Street,MON,02:30-02:45,02:30,0,08:00-10:00,17:00-19:00
940GZZLULVT,Liverpool Street,MON,02:45-03:00,02:45,0,08:00-10:00,17:00-19:00
940GZZLULVT,Liverpool Street,MON,03:00-03:15,03:00,0,08:00-10:00,17:00-19:00
940GZZLULVT,Liverpool Street,MON,03:15-03:30,03:15,0,08:00-10:00,17:00-19:00
940GZZLULVT,Liverpool Street,MON,03:30-03:45,03:30,0,08:00-10:00,17:00-19:00
940GZZLULVT,Liverpool Street,MON,03:45-04:00,03:45,0,08:00-10:00,17:00-19:00
940GZZLULVT,Liverpool Street,MON,04:00-04:15,04:00,0,08:00-10:00,17:00-19:00
940GZZLULVT,Liverpool Street,MON,04:15-04:30,04:15,0,08:00-10:00,17:00-19:00
940GZZLULVT,Liverpool Street,MON,04:30-04:45,04:30,0,08:00-10:00,17:00-19:00
940GZZLULVT,Liverpool Street,MON,04:45-05:00,04:45,0,08:00-10:00,17:00-19:00
940GZZLULVT,Liverpool Street,MON,05:00-05:15,05:00,0,08:00-10:00,17:00-19:00
940GZZLULVT,Liverpool Street,MON,05:15-05:30,05:15,0.01,08:00-10:00,17:00-19:00
940GZZLULVT,Liverpool Street,MON,05:30-05:45,05:30,0.01,08:00-10:00,17:00-19:00
940GZZLULVT,Liverpool Street,MON,05:45-06:00,05:45,0.02,08:00-10:00,17:00-19:00
940GZZLULVT,Liverpool Street,MON,06:00-06:15,06:00,0.04,08:00-10:00,17:00-19:00
940GZZLULVT,Liverpool Street,MON,06:15-06:30,06:15,0.07,08:00-10:00,17:00-19:00
940GZZLULVT,Liverpool Street,MON,06:30-06:45,06:30,0.09,08:00-10:00,17:00-19:00
940GZZLULVT,Liverpool Street,MON,06:45-07:00,06:45,0.12,08:00-10:00,17:00-19:00
940GZZLULVT,Liverpool Street,MON,07:00-07:15,07:00,0.15,08:00-10:00,17:00-19:00
940GZZLULVT,Liverpool Street,MON,07:15-07:30,07:15,0.17,08:00-10:00,17:00-19:00
940GZZLULVT,Liverpool Street,MON,07:30-07:45,07:30,0.2,08:00-10:00,17:00-19:00
940GZZLULVT,Liverpool Street,MON,07:45-08:00,07:45,0.22,08:00-10:00,17:00-19:00
940GZZLULVT,Liverpool Street,MON,08:00-08:15,08:00,0.24,08:00-10:00,17:00-19:00
940GZZLULVT,Liverpool Street,MON,08:15-08:30,08:15,0.26,08:00-10:00,17:00-19:00
940GZZLULVT,Liverpool Street,MON,08:30-08:45,08:30,0.27,08:00-10:00,17:00-19:00
940GZZLULVT,Liverpool Street,MON,08:45-09:00,08:45,0.28,08:00-10:00,17:00-19:00
940GZZLULVT,Liverpool Street,MON,09:00-09:15,09:00,0.28,08:00-10:00,17:00-19:00
940GZZLULVT,Liverpool Street,MON,09:15-09:30,09:15,0.27,08:00-10:00,17:00-19:00
940GZZLULVT,Liverpool Street,MON,09:30-09:45,09:30,0.25,08:00-10:00,17:00-19:00
940GZZLULVT,Liverpool Street,MON,09:45-10:00,09:45,0.22,08:00-10:00,17:00-19:00
940GZZLULVT,Liverpool Street,MON,10:00-10:15,10:00,0.2,08:00-10:00,17:00-19:00
940GZZLULVT,Liverpool Street,MON,10:15-10:30,10:15,0.18,08:00-10:00,17:00-19:00
940GZZLULVT,Liverpool Street,MON,10:30-10:45,10:30,0.16,08:00-10:00,17:00-19:00
940GZZLULVT,Liverpool Street,MON,10:45-11:00,10:45,0.16,08:00-10:00,17:00-19:00
940GZZLULVT,Liverpool Street,MON,11:00-11:15,11:00,0.15,08:00-10:00,17:00-19:00
940GZZLULVT,Liverpool Street,MON,11:15-11:30,11:15,0.15,08:00-10:00,17:00-19:00
940GZZLULVT,Liverpool Street,MON,11:30-11:45,11:30,0.15,08:00-10:00,17:00-19:00
940GZZLULVT,Liverpool Street,MON,11:45-12:00,11:45,0.15,08:00-10:00,17:00-19:00
940GZZLULVT,Liverpool Street,MON,12:00-12:15,12:00,0.16,08:00-10:00,17:00-19:00
940GZZLULVT,Liverpool Street,MON,12:15-12:30,12:15,0.16,08:00-10:00,17:00-19:00
940GZZLULVT,Liverpool Street,MON,12:30-12:45,12:30,0.16,08:00-10:00,17:00-19:00
940GZZLULVT,Liverpool Street,MON,12:45-13:00,12:45,0.17,08:00-10:00,17:00-19:00
940GZZLULVT,Liverpool Street,MON,13:00-13:15,13:00,0.17,08:00-10:00,17:00-19:00
940GZZLULVT,Liverpool Street,MON,13:15-13:30,13:15,0.17,08:00-10:00,17:00-19:00
940GZZLULVT,Liverpool Street,MON,13:30-13:45,13:30,0.17,08:00-10:00,17:00-19:00
940GZZLULVT,Liverpool Street,MON,13:45-14:00,13:45,0.17,08:00-10:00,17:00-19:00
940GZZLULVT,Liverpool Street,MON,14:00-14:15,14:00,0.17,08:00-10:00,17:00-19:00
940GZZLULVT,Liverpool Street,MON,14:15-14:30,14:15,0.17,08:00-10:00,17:00-19:00
940GZZLULVT,Liverpool Street,MON,14:30-14:45,14:30,0.17,08:00-10:00,17:00-19:00
940GZZLULVT,Liverpool Street,MON,14:45-15:00,14:45,0.17,08:00-10:00,17:00-19:00
940GZZLULVT,Liverpool Street,MON,15:00-15:15,15:00,0.18,08:00-10:00,17:00-19:00
940GZZLULVT,Liverpool Street,MON,15:15-15:30,15:15,0.18,08:00-10:00,17:00-19:00
940GZZLULVT,Liverpool Street,MON,15:30-15:45,15:30,0.19,08:00-10:00,17:00-19:00
940GZZLULVT,Liverpool Street,MON,15:45-16:00,15:45,0.21,08:00-10:00,17:00-19:00
940GZZLULVT,Liverpool Street,MON,16:00-16:15,16:00,0.22,08:00-10:00,17:00-19:00
940GZZLULVT,Liverpool Street,MON,16:15-16:30,16:15,0.23,08:00-10:00,17:00-19:00
940GZZLULVT,Liverpool Street,MON,16:30-16:45,16:30,0.26,08:00-10:00,17:00-19:00
940GZZLULVT,Liverpool Street,MON,16:45-17:00,16:45,0.29,08:00-10:00,17:00-19:00
940GZZLULVT,Liverpool Street,MON,17:00-17:15,17:00,0.31,08:00-10:00,17:00-19:00
940GZZLULVT,Liverpool Street,MON,17:15-17:30,17:15,0.32,08:00-10:00,17:00-19:00
940GZZLULVT,Liverpool Street,MON,17:30-17:45,17:30,0.32,08:00-10:00,17:00-19:00
940GZZLULVT,Liverpool Street,MON,17:45-18:00,17:45,0.3,08:00-10:00,17:00-19:00
940GZZLULVT,Liverpool Street,MON,18:00-18:15,18:00,0.29,08:00-10:00,17:00-19:00
940GZZLULVT,Liverpool Street,MON,18:15-18:30,18:15,0.27,08:00-10:00,17:00-19:00
940GZZLULVT,Liverpool Street,MON,18:30-18:45,18:30,0.26,08:00-10:00,17:00-19:00
940GZZLULVT,Liverpool Street,MON,18:45-19:00,18:45,0.25,08:00-10:00,17:00-19:00
940GZZLULVT,Liverpool Street,MON,19:00-19:15,19:00,0.24,08:00-10:00,17:00-19:00
940GZZLULVT,Liverpool Street,MON,19:15-19:30,19:15,0.22,08:00-10:00,17:00-19:00
940GZZLULVT,Liverpool Street,MON,19:30-19:45,19:30,0.19,08:00-10:00,17:00-19:00
940GZZLULVT,Liverpool Street,MON,19:45-20:00,19:45,0.17,08:00-10:00,17:00-19:00
940GZZLULVT,Liverpool Street,MON,20:00-20:15,20:00,0.16,08:00-10:00,17:00-19:00
940GZZLULVT,Liverpool Street,MON,20:15-20:30,20:15,0.14,08:00-10:00,17:00-19:00
940GZZLULVT,Liverpool Street,MON,20:30-20:45,20:30,0.13,08:00-10:00,17:00-19:00
940GZZLULVT,Liverpool Street,MON,20:45-21:00,20:45,0.13,08:00-10:00,17:00-19:00
940GZZLULVT,Liverpool Street,MON,21:00-21:15,21:00,0.12,08:00-10:00,17:00-19:00
940GZZLULVT,Liverpool Street,MON,21:15-21:30,21:15,0.11,08:00-10:00,17:00-19:00
940GZZLULVT,Liverpool Street,MON,21:30-21:45,21:30,0.11,08:00-10:00,17:00-19:00
940GZZLULVT,Liverpool Street,MON,21:45-22:00,21:45,0.1,08:00-10:00,17:00-19:00
940GZZLULVT,Liverpool Street,MON,22:00-22:15,22:00,0.1,08:00-10:00,17:00-19:00
940GZZLULVT,Liverpool Street,MON,22:15-22:30,22:15,0.09,08:00-10:00,17:00-19:00
940GZZLULVT,Liverpool Street,MON,22:30-22:45,22:30,0.09,08:00-10:00,17:00-19:00
940GZZLULVT,Liverpool Street,MON,22:45-23:00,22:45,0.09,08:00-10:00,17:00-19:00
940GZZLULVT,Liverpool Street,MON,23:00-23:15,23:00,0.08,08:00-10:00,17:00-19:00
940GZZLULVT,Liverpool Street,MON,23:15-23:30,23:15,0.07,08:00-10:00,17:00-19:00
940GZZLULVT,Liverpool Street,MON,23:30-23:45,23:30,0.06,08:00-10:00,17:00-19:00
940GZZLULVT,Liverpool Street,MON,23:45-00:00,23:45,0.05,08:00-10:00,17:00-19:00
940GZZLULVT,Liverpool Street,THU,00:00-00:15,00:00,0.08,07:45-09:45,17:00-19:00
940GZZLULVT,Liverpool Street,THU,00:15-00:30,00:15,0.06,07:45-09:45,17:00-19:00
940GZZLULVT,Liverpool Street,THU,00:30-00:45,00:30,0.04,07:45-09:45,17:00-19:00
940GZZLULVT,Liverpool Street,THU,00:45-01:00,00:45,0.03,07:45-09:45,17:00-19:00
940GZZLULVT,Liverpool Street,THU,01:00-01:15,01:00,0.02,07:45-09:45,17:00-19:00
940GZZLULVT,Liverpool Street,THU,01:15-01:30,01:15,0.01,07:45-09:45,17:00-19:00
940GZZLULVT,Liverpool Street,THU,01:30-01:45,01:30,0,07:45-09:45,17:00-19:00
940GZZLULVT,Liverpool Street,THU,01:45-02:00,01:45,0,07:45-09:45,17:00-19:00
940GZZLULVT,Liverpool Street,THU,02:00-02:15,02:00,0,07:45-09:45,17:00-19:00
940GZZLULVT,Liverpool Street,THU,02:15-02:30,02:15,0,07:45-09:45,17:00-19:00
940GZZLULVT,Liverpool Street,THU,02:30-02:45,02:30,0,07:45-09:45,17:00-19:00
940GZZLULVT,Liverpool Street,THU,02:45-03:00,02:45,0,07:45-09:45,17:00-19:00
940GZZLULVT,Liverpool Street,THU,03:00-03:15,03:00,0,07:45-09:45,17:00-19:00
940GZZLULVT,Liverpool Street,THU,03:15-03:30,03:15,0,07:45-09:45,17:00-19:00
940GZZLULVT,Liverpool Street,THU,03:30-03:45,03:30,0,07:45-09:45,17:00-19:00
940GZZLULVT,Liverpool Street,THU,03:45-04:00,03:45,0,07:45-09:45,17:00-19:00
940GZZLULVT,Liverpool Street,THU,04:00-04:15,04:00,0,07:45-09:45,17:00-19:00
940GZZLULVT,Liverpool Street,THU,04:15-04:30,04:15,0,07:45-09:45,17:00-19:00
940GZZLULVT,Liverpool Street,THU,04:30-04:45,04:30,0,07:45-09:45,17:00-19:00
940GZZLULVT,Liverpool Street,THU,04:45-05:00,04:45,0,07:45-09:45,17:00-19:00
940GZZLULVT,Liverpool Street,THU,05:00-05:15,05:00,0,07:45-09:45,17:00-19:00
940GZZLULVT,Liverpool Street,THU,05:15-05:30,05:15,0.01,07:45-09:45,17:00-19:00
940GZZLULVT,Liverpool Street,THU,05:30-05:45,05:30,0.01,07:45-09:45,17:00-19:00
940GZZLULVT,Liverpool Street,THU,05:45-06:00,05:45,0.03,07:45-09:45,17:00-19:00
940GZZLULVT,Liverpool Street,THU,06:00-06:15,06:00,0.05,07:45-09:45,17:00-19:00
940GZZLULVT,Liverpool Street,THU,06:15-06:30,06:15,0.08,07:45-09:45,17:00-19:00
940GZZLULVT,Liverpool Street,THU,06:30-06:45,06:30,0.11,07:45-09:45,17:00-19:00
940GZZLULVT,Liverpool Street,THU,06:45-07:00,06:45,0.14,07:45-09:45,17:00-19:00
940GZZLULVT,Liverpool Street,THU,07:00-07:15,07:00,0.18,07:45-09:45,17:00-19:00
940GZZLULVT,Liverpool Street,THU,07:15-07:30,07:15,0.22,07:45-09:45,17:00-19:00
940GZZLULVT,Liverpool Street,THU,07:30-07:45,07:30,0.25,07:45-09:45,17:00-19:00
940GZZLULVT,Liverpool Street,THU,07:45-08:00,07:45,0.28,07:45-09:45,17:00-19:00
940GZZLULVT,Liverpool Street,THU,08:00-08:15,08:00,0.29,07:45-09:45,17:00-19:00
940GZZLULVT,Liverpool Street,THU,08:15-08:30,08:15,0.3,07:45-09:45,17:00-19:00
940GZZLULVT,Liverpool Street,THU,08:30-08:45,08:30,0.3,07:45-09:45,17:00-19:00
940GZZLULVT,Liverpool Street,THU,08:45-09:00,08:45,0.29,07:45-09:45,17:00-19:00
940GZZLULVT,Liverpool Street,THU,09:00-09:15,09:00,0.29,07:45-09:45,17:00-19:00
940GZZLULVT,Liverpool Street,THU,09:15-09:30,09:15,0.29,07:45-09:45,17:00-19:00
940GZZLULVT,Liverpool Street,THU,09:30-09:45,09:30,0.28,07:45-09:45,17:00-19:00
940GZZLULVT,Liverpool Street,THU,09:45-10:00,09:45,0.27,07:45-09:45,17:00-19:00
940GZZLULVT,Liverpool Street,THU,10:00-10:15,10:00,0.26,07:45-09:45,17:00-19:00
940GZZLULVT,Liverpool Street,THU,10:15-10:30,10:15,0.24,07:45-09:45,17:00-19:00
940GZZLULVT,Liverpool Street,THU,10:30-10:45,10:30,0.22,07:45-09:45,17:00-19:00
940GZZLULVT,Liverpool Street,THU,10:45-11:00,10:45,0.2,07:45-09:45,17:00-19:00
940GZZLULVT,Liverpool Street,THU,11:00-11:15,11:00,0.18,07:45-09:45,17:00-19:00
940GZZLULVT,Liverpool Street,THU,11:15-11:30,11:15,0.18,07:45-09:45,17:00-19:00
940GZZLULVT,Liverpool Street,THU,11:30-11:45,11:30,0.17,07:45-09:45,17:00-19:00
940GZZLULVT,Liverpool Street,THU,11:45-12:00,11:45,0.17,07:45-09:45,17:00-19:00
940GZZLULVT,Liverpool Street,THU,12:00-12:15,12:00,0.18,07:45-09:45,17:00-19:00
940GZZLULVT,Liverpool Street,THU,12:15-12:30,12:15,0.18,07:45-09:45,17:00-19:00
940GZZLULVT,Liverpool Street,THU,12:30-12:45,12:30,0.19,07:45-09:45,17:00-19:00
940GZZLULVT,Liverpool Street,THU,12:45-13:00,12:45,0.19,07:45-09:45,17:00-19:00
940GZZLULVT,Liverpool Street,THU,13:00-13:15,13:00,0.19,07:45-09:45,17:00-19:00
940GZZLULVT,Liverpool Street,THU,13:15-13:30,13:15,0.19,07:45-09:45,17:00-19:00
940GZZLULVT,Liverpool Street,THU,13:30-13:45,13:30,0.19,07:45-09:45,17:00-19:00
940GZZLULVT,Liverpool Street,THU,13:45-14:00,13:45,0.19,07:45-09:45,17:00-19:00
940GZZLULVT,Liverpool Street,THU,14:00-14:15,14:00,0.19,07:45-09:45,17:00-19:00
940GZZLULVT,Liverpool Street,THU,14:15-14:30,14:15,0.19,07:45-09:45,17:00-19:00
940GZZLULVT,Liverpool Street,THU,14:30-14:45,14:30,0.19,07:45-09:45,17:00-19:00
940GZZLULVT,Liverpool Street,THU,14:45-15:00,14:45,0.2,07:45-09:45,17:00-19:00
940GZZLULVT,Liverpool Street,THU,15:00-15:15,15:00,0.21,07:45-09:45,17:00-19:00
940GZZLULVT,Liverpool Street,THU,15:15-15:30,15:15,0.22,07:45-09:45,17:00-19:00
940GZZLULVT,Liverpool Street,THU,15:30-15:45,15:30,0.23,07:45-09:45,17:00-19:00
940GZZLULVT,Liverpool Street,THU,15:45-16:00,15:45,0.25,07:45-09:45,17:00-19:00
940GZZLULVT,Liverpool Street,THU,16:00-16:15,16:00,0.26,07:45-09:45,17:00-19:00
940GZZLULVT,Liverpool Street,THU,16:15-16:30,16:15,0.28,07:45-09:45,17:00-19:00
940GZZLULVT,Liverpool Street,THU,16:30-16:45,16:30,0.31,07:45-09:45,17:00-19:00
940GZZLULVT,Liverpool Street,THU,16:45-17:00,16:45,0.34,07:45-09:45,17:00-19:00
940GZZLULVT,Liverpool Street,THU,17:00-17:15,17:00,0.34,07:45-09:45,17:00-19:00
940GZZLULVT,Liverpool Street,THU,17:15-17:30,17:15,0.31,07:45-09:45,17:00-19:00
940GZZLULVT,Liverpool Street,THU,17:30-17:45,17:30,0.27,07:45-09:45,17:00-19:00
940GZZLULVT,Liverpool Street,THU,17:45-18:00,17:45,0.24,07:45-09:45,17:00-19:00
940GZZLULVT,Liverpool Street,THU,18:00-18:15,18:00,0.22,07:45-09:45,17:00-19:00
940GZZLULVT,Liverpool Street,THU,18:15-18:30,18:15,0.23,07:45-09:45,17:00-19:00
940GZZLULVT,Liverpool Street,THU,18:30-18:45,18:30,0.26,07:45-09:45,17:00-19:00
940GZZLULVT,Liverpool Street,THU,18:45-19:00,18:45,0.29,07:45-09:45,17:00-19:00
940GZZLULVT,Liverpool Street,THU,19:00-19:15,19:00,0.31,07:45-09:45,17:00-19:00
940GZZLULVT,Liverpool Street,THU,19:15-19:30,19:15,0.29,07:45-09:45,17:00-19:00
940GZZLULVT,Liverpool Street,THU,19:30-19:45,19:30,0.27,07:45-09:45,17:00-19:00
940GZZLULVT,Liverpool Street,THU,19:45-20:00,19:45,0.25,07:45-09:45,17:00-19:00
940GZZLULVT,Liverpool Street,THU,20:00-20:15,20:00,0.23,07:45-09:45,17:00-19:00
940GZZLULVT,Liverpool Street,THU,20:15-20:30,20:15,0.22,07:45-09:45,17:00-19:00
940GZZLULVT,Liverpool Street,THU,20:30-20:45,20:30,0.21,07:45-09:45,17:00-19:00
940GZZLULVT,Liverpool Street,THU,20:45-21:00,20:45,0.2,07:45-09:45,17:00-19:00
940GZZLULVT,Liverpool Street,THU,21:00-21:15,21:00,0.2,07:45-09:45,17:00-19:00
940GZZLULVT,Liverpool Street,THU,21:15-21:30,21:15,0.19,07:45-09:45,17:00-19:00
940GZZLULVT,Liverpool Street,THU,21:30-21:45,21:30,0.19,07:45-09:45,17:00-19:00
940GZZLULVT,Liverpool Street,THU,21:45-22:00,21:45,0.18,07:45-09:45,17:00-19:00
940GZZLULVT,Liverpool Street,THU,22:00-22:15,22:00,0.18,07:45-09:45,17:00-19:00
940GZZLULVT,Liverpool Street,THU,22:15-22:30,22:15,0.18,07:45-09:45,17:00-19:00
940GZZLULVT,Liverpool Street,THU,22:30-22:45,22:30,0.17,07:45-09:45,17:00-19:00
940GZZLULVT,Liverpool Street,THU,22:45-23:00,22:45,0.17,07:45-09:45,17:00-19:00
940GZZLULVT,Liverpool Street,THU,23:00-23:15,23:00,0.16,07:45-09:45,17:00-19:00
940GZZLULVT,Liverpool Street,THU,23:15-23:30,23:15,0.14,07:45-09:45,17:00-19:00
940GZZLULVT,Liverpool Street,THU,23:30-23:45,23:30,0.13,07:45-09:45,17:00-19:00
940GZZLULVT,Liverpool Street,THU,23:45-00:00,23:45,0.11,07:45-09:45,17:00-19:00
940GZZLULVT,Liverpool Street,SUN,00:00-00:15,00:00,0.02,11:45-13:45,13:45-15:45
940GZZLULVT,Liverpool Street,SUN,00:15-00:30,00:15,0.02,11:45-13:45,13:45-15:45
940GZZLULVT,Liverpool Street,SUN,00:30-00:45,00:30,0.02,11:45-13:45,13:45-15:45
940GZZLULVT,Liverpool Street,SUN,00:45-01:00,00:45,0.02,11:45-13:45,13:45-15:45
940GZZLULVT,Liverpool Street,SUN,01:00-01:15,01:00,0.02,11:45-13:45,13:45-15:45
940GZZLULVT,Liverpool Street,SUN,01:15-01:30,01:15,0.02,11:45-13:45,13:45-15:45
940GZZLULVT,Liverpool Street,SUN,01:30-01:45,01:30,0.02,11:45-13:45,13:45-15:45
940GZZLULVT,Liverpool Street,SUN,01:45-02:00,01:45,0.02,11:45-13:45,13:45-15:45
940GZZLULVT,Liverpool Street,SUN,02:00-02:15,02:00,0.02,11:45-13:45,13:45-15:45
940GZZLULVT,Liverpool Street,SUN,02:15-02:30,02:15,0.02,11:45-13:45,13:45-15:45
940GZZLULVT,Liverpool Street,SUN,02:30-02:45,02:30,0.02,11:45-13:45,13:45-15:45
940GZZLULVT,Liverpool Street,SUN,02:45-03:00,02:45,0.02,11:45-13:45,13:45-15:45
940GZZLULVT,Liverpool Street,SUN,03:00-03:15,03:00,0.02,11:45-13:45,13:45-15:45
940GZZLULVT,Liverpool Street,SUN,03:15-03:30,03:15,0.02,11:45-13:45,13:45-15:45
940GZZLULVT,Liverpool Street,SUN,03:30-03:45,03:30,0.01,11:45-13:45,13:45-15:45
940GZZLULVT,Liverpool Street,SUN,03:45-04:00,03:45,0.01,11:45-13:45,13:45-15:45
940GZZLULVT,Liverpool Street,SUN,04:00-04:15,04:00,0.01,11:45-13:45,13:45-15:45
940GZZLULVT,Liverpool Street,SUN,04:15-04:30,04:15,0.01,11:45-13:45,13:45-15:45
940GZZLULVT,Liverpool Street,SUN,04:30-04:45,04:30,0.01,11:45-13:45,13:45-15:45
940GZZLULVT,Liverpool Street,SUN,04:45-05:00,04:45,0.01,11:45-13:45,13:45-15:45
940GZZLULVT,Liverpool Street,SUN,05:00-05:15,05:00,0.01,11:45-13:45,13:45-15:45
940GZZLULVT,Liverpool Street,SUN,05:15-05:30,05:15,0.01,11:45-13:45,13:45-15:45
940GZZLULVT,Liverpool Street,SUN,05:30-05:45,05:30,0.01,11:45-13:45,13:45-15:45
940GZZLULVT,Liverpool Street,SUN,05:45-06:00,05:45,0.02,11:45-13:45,13:45-15:45
940GZZLULVT,Liverpool Street,SUN,06:00-06:15,06:00,0.02,11:45-13:45,13:45-15:45
940GZZLULVT,Liverpool Street,SUN,06:15-06:30,06:15,0.03,11:45-13:45,13:45-15:45
940GZZLULVT,Liverpool Street,SUN,06:30-06:45,06:30,0.03,11:45-13:45,13:45-15:45
940GZZLULVT,Liverpool Street,SUN,06:45-07:00,06:45,0.04,11:45-13:45,13:45-15:45
940GZZLULVT,Liverpool Street,SUN,07:00-07:15,07:00,0.05,11:45-13:45,13:45-15:45
940GZZLULVT,Liverpool Street,SUN,07:15-07:30,07:15,0.05,11:45-13:45,13:45-15:45
940GZZLULVT,Liverpool Street,SUN,07:30-07:45,07:30,0.06,11:45-13:45,13:45-15:45
940GZZLULVT,Liverpool Street,SUN,07:45-08:00,07:45,0.06,11:45-13:45,13:45-15:45
940GZZLULVT,Liverpool Street,SUN,08:00-08:15,08:00,0.07,11:45-13:45,13:45-15:45
940GZZLULVT,Liverpool Street,SUN,08:15-08:30,08:15,0.07,11:45-13:45,13:45-15:45
940GZZLULVT,Liverpool Street,SUN,08:30-08:45,08:30,0.07,11:45-13:45,13:45-15:45
940GZZLULVT,Liverpool Street,SUN,08:45-09:00,08:45,0.07,11:45-13:45,13:45-15:45
940GZZLULVT,Liverpool Street,SUN,09:00-09:15,09:00,0.07,11:45-13:45,13:45-15:45
940GZZLULVT,Liverpool Street,SUN,09:15-09:30,09:15,0.08,11:45-13:45,13:45-15:45
940GZZLULVT,Liverpool Street,SUN,09:30-09:45,09:30,0.08,11:45-13:45,13:45-15:45
940GZZLULVT,Liverpool Street,SUN,09:45-10:00,09:45,0.09,11:45-13:45,13:45-15:45
940GZZLULVT,Liverpool Street,SUN,10:00-10:15,10:00,0.09,11:45-13:45,13:45-15:45
940GZZLULVT,Liverpool Street,SUN,10:15-10:30,10:15,0.1,11:45-13:45,13:45-15:45
940GZZLULVT,Liverpool Street,SUN,10:30-10:45,10:30,0.11,11:45-13:45,13:45-15:45
940GZZLULVT,Liverpool Street,SUN,10:45-11:00,10:45,0.12,11:45-13:45,13:45-15:45
940GZZLULVT,Liverpool Street,SUN,11:00-11:15,11:00,0.13,11:45-13:45,13:45-15:45
940GZZLULVT,Liverpool Street,SUN,11:15-11:30,11:15,0.13,11:45-13:45,13:45-15:45
940GZZLULVT,Liverpool Street,SUN,11:30-11:45,11:30,0.14,11:45-13:45,13:45-15:45
940GZZLULVT,Liverpool Street,SUN,11:45-12:00,11:45,0.15,11:45-13:45,13:45-15:45
940GZZLULVT,Liverpool Street,SUN,12:00-12:15,12:00,0.15,11:45-13:45,13:45-15:45
940GZZLULVT,Liverpool Street,SUN,12:15-12:30,12:15,0.16,11:45-13:45,13:45-15:45
940GZZLULVT,Liverpool Street,SUN,12:30-12:45,12:30,0.16,11:45-13:45,13:45-15:45
940GZZLULVT,Liverpool Street,SUN,12:45-13:00,12:45,0.16,11:45-13:45,13:45-15:45
940GZZLULVT,Liverpool Street,SUN,13:00-13:15,13:00,0.17,11:45-13:45,13:45-15:45
940GZZLULVT,Liverpool Street,SUN,13:15-13:30,13:15,0.17,11:45-13:45,13:45-15:45
940GZZLULVT,Liverpool Street,SUN,13:30-13:45,13:30,0.17,11:45-13:45,13:45-15:45
940GZZLULVT,Liverpool Street,SUN,13:45-14:00,13:45,0.17,11:45-13:45,13:45-15:45
940GZZLULVT,Liverpool Street,SUN,14:00-14:15,14:00,0.17,11:45-13:45,13:45-15:45
940GZZLULVT,Liverpool Street,SUN,14:15-14:30,14:15,0.17,11:45-13:45,13:45-15:45
940GZZLULVT,Liverpool Street,SUN,14:30-14:45,14:30,0.17,11:45-13:45,13:45-15:45
940GZZLULVT,Liverpool Street,SUN,14:45-15:00,14:45,0.17,11:45-13:45,13:45-15:45
940GZZLULVT,Liverpool Street,SUN,15:00-15:15,15:00,0.17,11:45-13:45,13:45-15:45
940GZZLULVT,Liverpool Street,SUN,15:15-15:30,15:15,0.17,11:45-13:45,13:45-15:45
940GZZLULVT,Liverpool Street,SUN,15:30-15:45,15:30,0.17,11:45-13:45,13:45-15:45
940GZZLULVT,Liverpool Street,SUN,15:45-16:00,15:45,0.17,11:45-13:45,13:45-15:45
940GZZLULVT,Liverpool Street,SUN,16:00-16:15,16:00,0.17,11:45-13:45,13:45-15:45
940GZZLULVT,Liverpool Street,SUN,16:15-16:30,16:15,0.17,11:45-13:45,13:45-15:45
940GZZLULVT,Liverpool Street,SUN,16:30-16:45,16:30,0.17,11:45-13:45,13:45-15:45
940GZZLULVT,Liverpool Street,SUN,16:45-17:00,16:45,0.17,11:45-13:45,13:45-15:45
940GZZLULVT,Liverpool Street,SUN,17:00-17:15,17:00,0.17,11:45-13:45,13:45-15:45
940GZZLULVT,Liverpool Street,SUN,17:15-17:30,17:15,0.17,11:45-13:45,13:45-15:45
940GZZLULVT,Liverpool Street,SUN,17:30-17:45,17:30,0.17,11:45-13:45,13:45-15:45
940GZZLULVT,Liverpool Street,SUN,17:45-18:00,17:45,0.17,11:45-13:45,13:45-15:45
940GZZLULVT,Liverpool Street,SUN,18:00-18:15,18:00,0.17,11:45-13:45,13:45-15:45
940GZZLULVT,Liverpool Street,SUN,18:15-18:30,18:15,0.17,11:45-13:45,13:45-15:45
940GZZLULVT,Liverpool Street,SUN,18:30-18:45,18:30,0.16,11:45-13:45,13:45-15:45
940GZZLULVT,Liverpool Street,SUN,18:45-19:00,18:45,0.16,11:45-13:45,13:45-15:45
940GZZLULVT,Liverpool Street,SUN,19:00-19:15,19:00,0.15,11:45-13:45,13:45-15:45
940GZZLULVT,Liverpool Street,SUN,19:15-19:30,19:15,0.14,11:45-13:45,13:45-15:45
940GZZLULVT,Liverpool Street,SUN,19:30-19:45,19:30,0.14,11:45-13:45,13:45-15:45
940GZZLULVT,Liverpool Street,SUN,19:45-20:00,19:45,0.13,11:45-13:45,13:45-15:45
940GZZLULVT,Liverpool Street,SUN,20:00-20:15,20:00,0.12,11:45-13:45,13:45-15:45
940GZZLULVT,Liverpool Street,SUN,20:15-20:30,20:15,0.11,11:45-13:45,13:45-15:45
940GZZLULVT,Liverpool Street,SUN,20:30-20:45,20:30,0.1,11:45-13:45,13:45-15:45
940GZZLULVT,Liverpool Street,SUN,20:45-21:00,20:45,0.09,11:45-13:45,13:45-15:45
940GZZLULVT,Liverpool Street,SUN,21:00-21:15,21:00,0.09,11:45-13:45,13:45-15:45
940GZZLULVT,Liverpool Street,SUN,21:15-21:30,21:15,0.08,11:45-13:45,13:45-15:45
940GZZLULVT,Liverpool Street,SUN,21:30-21:45,21:30,0.08,11:45-13:45,13:45-15:45
940GZZLULVT,Liverpool Street,SUN,21:45-22:00,21:45,0.08,11:45-13:45,13:45-15:45
940GZZLULVT,Liverpool Street,SUN,22:00-22:15,22:00,0.07,11:45-13:45,13:45-15:45
940GZZLULVT,Liverpool Street,SUN,22:15-22:30,22:15,0.07,11:45-13:45,13:45-15:45
940GZZLULVT,Liverpool Street,SUN,22:30-22:45,22:30,0.07,11:45-13:45,13:45-15:45
940GZZLULVT,Liverpool Street,SUN,22:45-23:00,22:45,0.08,11:45-13:45,13:45-15:45
940GZZLULVT,Liverpool Street,SUN,23:00-23:15,23:00,0.08,11:45-13:45,13:45-15:45
940GZZLULVT,Liverpool Street,SUN,23:15-23:30,23:15,0.08,11:45-13:45,13:45-15:45
940GZZLULVT,Liverpool Street,SUN,23:30-23:45,23:30,0.08,11:45-13:45,13:45-15:45
940GZZLULVT,Liverpool Street,SUN,23:45-00:00,23:45,0.09,11:45-13:45,13:45-15:45
940GZZLULVT,Liverpool Street,TUE,00:00-00:15,00:00,0.03,08:00-10:00,17:00-19:00
940GZZLULVT,Liverpool Street,TUE,00:15-00:30,00:15,0.03,08:00-10:00,17:00-19:00
940GZZLULVT,Liverpool Street,TUE,00:30-00:45,00:30,0.02,08:00-10:00,17:00-19:00
940GZZLULVT,Liverpool Street,TUE,00:45-01:00,00:45,0.01,08:00-10:00,17:00-19:00
940GZZLULVT,Liverpool Street,TUE,01:00-01:15,01:00,0.01,08:00-10:00,17:00-19:00
940GZZLULVT,Liverpool Street,TUE,01:15-01:30,01:15,0.01,08:00-10:00,17:00-19:00
940GZZLULVT,Liverpool Street,TUE,01:30-01:45,01:30,0,08:00-10:00,17:00-19:00
940GZZLULVT,Liverpool Street,TUE,01:45-02:00,01:45,0,08:00-10:00,17:00-19:00
940GZZLULVT,Liverpool Street,TUE,02:00-02:15,02:00,0,08:00-10:00,17:00-19:00
940GZZLULVT,Liverpool Street,TUE,02:15-02:30,02:15,0,08:00-10:00,17:00-19:00
940GZZLULVT,Liverpool Street,TUE,02:30-02:45,02:30,0,08:00-10:00,17:00-19:00
940GZZLULVT,Liverpool Street,TUE,02:45-03:00,02:45,0,08:00-10:00,17:00-19:00
940GZZLULVT,Liverpool Street,TUE,03:00-03:15,03:00,0,08:00-10:00,17:00-19:00
940GZZLULVT,Liverpool Street,TUE,03:15-03:30,03:15,0,08:00-10:00,17:00-19:00
940GZZLULVT,Liverpool Street,TUE,03:30-03:45,03:30,0,08:00-10:00,17:00-19:00
940GZZLULVT,Liverpool Street,TUE,03:45-04:00,03:45,0,08:00-10:00,17:00-19:00
940GZZLULVT,Liverpool Street,TUE,04:00-04:15,04:00,0,08:00-10:00,17:00-19:00
940GZZLULVT,Liverpool Street,TUE,04:15-04:30,04:15,0,08:00-10:00,17:00-19:00
940GZZLULVT,Liverpool Street,TUE,04:30-04:45,04:30,0,08:00-10:00,17:00-19:00
940GZZLULVT,Liverpool Street,TUE,04:45-05:00,04:45,0,08:00-10:00,17:00-19:00
940GZZLULVT,Liverpool Street,TUE,05:00-05:15,05:00,0,08:00-10:00,17:00-19:00
940GZZLULVT,Liverpool Street,TUE,05:15-05:30,05:15,0.01,08:00-10:00,17:00-19:00
940GZZLULVT,Liverpool Street,TUE,05:30-05:45,05:30,0.01,08:00-10:00,17:00-19:00
940GZZLULVT,Liverpool Street,TUE,05:45-06:00,05:45,0.02,08:00-10:00,17:00-19:00
940GZZLULVT,Liverpool Street,TUE,06:00-06:15,06:00,0.04,08:00-10:00,17:00-19:00
940GZZLULVT,Liverpool Street,TUE,06:15-06:30,06:15,0.06,08:00-10:00,17:00-19:00
940GZZLULVT,Liverpool Street,TUE,06:30-06:45,06:30,0.09,08:00-10:00,17:00-19:00
940GZZLULVT,Liverpool Street,TUE,06:45-07:00,06:45,0.11,08:00-10:00,17:00-19:00
940GZZLULVT,Liverpool Street,TUE,07:00-07:15,07:00,0.15,08:00-10:00,17:00-19:00
940GZZLULVT,Liverpool Street,TUE,07:15-07:30,07:15,0.19,08:00-10:00,17:00-19:00
940GZZLULVT,Liverpool Street,TUE,07:30-07:45,07:30,0.22,08:00-10:00,17:00-19:00
940GZZLULVT,Liverpool Street,TUE,07:45-08:00,07:45,0.22,08:00-10:00,17:00-19:00
940GZZLULVT,Liverpool Street,TUE,08:00-08:15,08:00,0.2,08:00-10:00,17:00-19:00
940GZZLULVT,Liverpool Street,TUE,08:15-08:30,08:15,0.17,08:00-10:00,17:00-19:00
940GZZLULVT,Liverpool Street,TUE,08:30-08:45,08:30,0.12,08:00-10:00,17:00-19:00
940GZZLULVT,Liverpool Street,TUE,08:45-09:00,08:45,0.09,08:00-10:00,17:00-19:00
940GZZLULVT,Liverpool Street,TUE,09:00-09:15,09:00,0.11,08:00-10:00,17:00-19:00
940GZZLULVT,Liverpool Street,TUE,09:15-09:30,09:15,0.15,08:00-10:00,17:00-19:00
940GZZLULVT,Liverpool Street,TUE,09:30-09:45,09:30,0.19,08:00-10:00,17:00-19:00
940GZZLULVT,Liverpool Street,TUE,09:45-10:00,09:45,0.21,08:00-10:00,17:00-19:00
940GZZLULVT,Liverpool Street,TUE,10:00-10:15,10:00,0.22,08:00-10:00,17:00-19:00
940GZZLULVT,Liverpool Street,TUE,10:15-10:30,10:15,0.21,08:00-10:00,17:00-19:00
940GZZLULVT,Liverpool Street,TUE,10:30-10:45,10:30,0.17,08:00-10:00,17:00-19:00
940GZZLULVT,Liverpool Street,TUE,10:45-11:00,10:45,0.15,08:00-10:00,17:00-19:00
940GZZLULVT,Liverpool Street,TUE,11:00-11:15,11:00,0.14,08:00-10:00,17:00-19:00
940GZZLULVT,Liverpool Street,TUE,11:15-11:30,11:15,0.14,08:00-10:00,17:00-19:00
940GZZLULVT,Liverpool Street,TUE,11:30-11:45,11:30,0.14,08:00-10:00,17:00-19:00
940GZZLULVT,Liverpool Street,TUE,11:45-12:00,11:45,0.14,08:00-10:00,17:00-19:00
940GZZLULVT,Liverpool Street,TUE,12:00-12:15,12:00,0.14,08:00-10:00,17:00-19:00
940GZZLULVT,Liverpool Street,TUE,12:15-12:30,12:15,0.14,08:00-10:00,17:00-19:00
940GZZLULVT,Liverpool Street,TUE,12:30-12:45,12:30,0.14,08:00-10:00,17:00-19:00
940GZZLULVT,Liverpool Street,TUE,12:45-13:00,12:45,0.14,08:00-10:00,17:00-19:00
940GZZLULVT,Liverpool Street,TUE,13:00-13:15,13:00,0.14,08:00-10:00,17:00-19:00
940GZZLULVT,Liverpool Street,TUE,13:15-13:30,13:15,0.15,08:00-10:00,17:00-19:00
940GZZLULVT,Liverpool Street,TUE,13:30-13:45,13:30,0.15,08:00-10:00,17:00-19:00
940GZZLULVT,Liverpool Street,TUE,13:45-14:00,13:45,0.15,08:00-10:00,17:00-19:00
940GZZLULVT,Liverpool Street,TUE,14:00-14:15,14:00,0.15,08:00-10:00,17:00-19:00
940GZZLULVT,Liverpool Street,TUE,14:15-14:30,14:15,0.15,08:00-10:00,17:00-19:00
940GZZLULVT,Liverpool Street,TUE,14:30-14:45,14:30,0.15,08:00-10:00,17:00-19:00
940GZZLULVT,Liverpool Street,TUE,14:45-15:00,14:45,0.15,08:00-10:00,17:00-19:00
940GZZLULVT,Liverpool Street,TUE,15:00-15:15,15:00,0.16,08:00-10:00,17:00-19:00
940GZZLULVT,Liverpool Street,TUE,15:15-15:30,15:15,0.17,08:00-10:00,17:00-19:00
940GZZLULVT,Liverpool Street,TUE,15:30-15:45,15:30,0.18,08:00-10:00,17:00-19:00
940GZZLULVT,Liverpool Street,TUE,15:45-16:00,15:45,0.2,08:00-10:00,17:00-19:00
940GZZLULVT,Liverpool Street,TUE,16:00-16:15,16:00,0.21,08:00-10:00,17:00-19:00
940GZZLULVT,Liverpool Street,TUE,16:15-16:30,16:15,0.23,08:00-10:00,17:00-19:00
940GZZLULVT,Liverpool Street,TUE,16:30-16:45,16:30,0.25,08:00-10:00,17:00-19:00
940GZZLULVT,Liverpool Street,TUE,16:45-17:00,16:45,0.28,08:00-10:00,17:00-19:00
940GZZLULVT,Liverpool Street,TUE,17:00-17:15,17:00,0.31,08:00-10:00,17:00-19:00
940GZZLULVT,Liverpool Street,TUE,17:15-17:30,17:15,0.33,08:00-10:00,17:00-19:00
940GZZLULVT,Liverpool Street,TUE,17:30-17:45,17:30,0.34,08:00-10:00,17:00-19:00
940GZZLULVT,Liverpool Street,TUE,17:45-18:00,17:45,0.35,08:00-10:00,17:00-19:00
940GZZLULVT,Liverpool Street,TUE,18:00-18:15,18:00,0.34,08:00-10:00,17:00-19:00
940GZZLULVT,Liverpool Street,TUE,18:15-18:30,18:15,0.32,08:00-10:00,17:00-19:00
940GZZLULVT,Liverpool Street,TUE,18:30-18:45,18:30,0.29,08:00-10:00,17:00-19:00
940GZZLULVT,Liverpool Street,TUE,18:45-19:00,18:45,0.26,08:00-10:00,17:00-19:00
940GZZLULVT,Liverpool Street,TUE,19:00-19:15,19:00,0.24,08:00-10:00,17:00-19:00
940GZZLULVT,Liverpool Street,TUE,19:15-19:30,19:15,0.22,08:00-10:00,17:00-19:00
940GZZLULVT,Liverpool Street,TUE,19:30-19:45,19:30,0.2,08:00-10:00,17:00-19:00
940GZZLULVT,Liverpool Street,TUE,19:45-20:00,19:45,0.18,08:00-10:00,17:00-19:00
940GZZLULVT,Liverpool Street,TUE,20:00-20:15,20:00,0.17,08:00-10:00,17:00-19:00
940GZZLULVT,Liverpool Street,TUE,20:15-20:30,20:15,0.15,08:00-10:00,17:00-19:00
940GZZLULVT,Liverpool Street,TUE,20:30-20:45,20:30,0.14,08:00-10:00,17:00-19:00
940GZZLULVT,Liverpool Street,TUE,20:45-21:00,20:45,0.14,08:00-10:00,17:00-19:00
940GZZLULVT,Liverpool Street,TUE,21:00-21:15,21:00,0.13,08:00-10:00,17:00-19:00
940GZZLULVT,Liverpool Street,TUE,21:15-21:30,21:15,0.12,08:00-10:00,17:00-19:00
940GZZLULVT,Liverpool Street,TUE,21:30-21:45,21:30,0.11,08:00-10:00,17:00-19:00
940GZZLULVT,Liverpool Street,TUE,21:45-22:00,21:45,0.11,08:00-10:00,17:00-19:00
940GZZLULVT,Liverpool Street,TUE,22:00-22:15,22:00,0.11,08:00-10:00,17:00-19:00
940GZZLULVT,Liverpool Street,TUE,22:15-22:30,22:15,0.1,08:00-10:00,17:00-19:00
940GZZLULVT,Liverpool Street,TUE,22:30-22:45,22:30,0.1,08:00-10:00,17:00-19:00
940GZZLULVT,Liverpool Street,TUE,22:45-23:00,22:45,0.09,08:00-10:00,17:00-19:00
940GZZLULVT,Liverpool Street,TUE,23:00-23:15,23:00,0.08,08:00-10:00,17:00-19:00
940GZZLULVT,Liverpool Street,TUE,23:15-23:30,23:15,0.07,08:00-10:00,17:00-19:00
940GZZLULVT,Liverpool Street,TUE,23:30-23:45,23:30,0.06,08:00-10:00,17:00-19:00
940GZZLULVT,Liverpool Street,TUE,23:45-00:00,23:45,0.05,08:00-10:00,17:00-19:00
940GZZLUBNK,Bank,MON,00:00-00:15,00:00,0.01,07:45-09:45,16:45-18:45
940GZZLUBNK,Bank,MON,00:15-00:30,00:15,0.01,07:45-09:45,16:45-18:45
940GZZLUBNK,Bank,MON,00:30-00:45,00:30,0.01,07:45-09:45,16:45-18:45
940GZZLUBNK,Bank,MON,00:45-01:00,00:45,0.01,07:45-09:45,16:45-18:45
940GZZLUBNK,Bank,MON,01:00-01:15,01:00,0,07:45-09:45,16:45-18:45
940GZZLUBNK,Bank,MON,01:15-01:30,01:15,0,07:45-09:45,16:45-18:45
940GZZLUBNK,Bank,MON,01:30-01:45,01:30,0,07:45-09:45,16:45-18:45
940GZZLUBNK,Bank,MON,01:45-02:00,01:45,0,07:45-09:45,16:45-18:45
940GZZLUBNK,Bank,MON,02:00-02:15,02:00,0,07:45-09:45,16:45-18:45
940GZZLUBNK,Bank,MON,02:15-02:30,02:15,0,07:45-09:45,16:45-18:45
940GZZLUBNK,Bank,MON,02:30-02:45,02:30,0,07:45-09:45,16:45-18:45
940GZZLUBNK,Bank,MON,02:45-03:00,02:45,0,07:45-09:45,16:45-18:45
940GZZLUBNK,Bank,MON,03:00-03:15,03:00,0,07:45-09:45,16:45-18:45
940GZZLUBNK,Bank,MON,03:15-03:30,03:15,0,07:45-09:45,16:45-18:45
940GZZLUBNK,Bank,MON,03:30-03:45,03:30,0,07:45-09:45,16:45-18:45
940GZZLUBNK,Bank,MON,03:45-04:00,03:45,0,07:45-09:45,16:45-18:45
940GZZLUBNK,Bank,MON,04:00-04:15,04:00,0,07:45-09:45,16:45-18:45
940GZZLUBNK,Bank,MON,04:15-04:30,04:15,0,07:45-09:45,16:45-18:45
940GZZLUBNK,Bank,MON,04:30-04:45,04:30,0,07:45-09:45,16:45-18:45
940GZZLUBNK,Bank,MON,04:45-05:00,04:45,0,07:45-09:45,16:45-18:45
940GZZLUBNK,Bank,MON,05:00-05:15,05:00,0,07:45-09:45,16:45-18:45
940GZZLUBNK,Bank,MON,05:15-05:30,05:15,0,07:45-09:45,16:45-18:45
940GZZLUBNK,Bank,MON,05:30-05:45,05:30,0,07:45-09:45,16:45-18:45
940GZZLUBNK,Bank,MON,05:45-06:00,05:45,0.01,07:45-09:45,16:45-18:45
940GZZLUBNK,Bank,MON,06:00-06:15,06:00,0.02,07:45-09:45,16:45-18:45
940GZZLUBNK,Bank,MON,06:15-06:30,06:15,0.03,07:45-09:45,16:45-18:45
940GZZLUBNK,Bank,MON,06:30-06:45,06:30,0.05,07:45-09:45,16:45-18:45
940GZZLUBNK,Bank,MON,06:45-07:00,06:45,0.06,07:45-09:45,16:45-18:45
940GZZLUBNK,Bank,MON,07:00-07:15,07:00,0.08,07:45-09:45,16:45-18:45
940GZZLUBNK,Bank,MON,07:15-07:30,07:15,0.11,07:45-09:45,16:45-18:45
940GZZLUBNK,Bank,MON,07:30-07:45,07:30,0.15,07:45-09:45,16:45-18:45
940GZZLUBNK,Bank,MON,07:45-08:00,07:45,0.17,07:45-09:45,16:45-18:45
940GZZLUBNK,Bank,MON,08:00-08:15,08:00,0.21,07:45-09:45,16:45-18:45
940GZZLUBNK,Bank,MON,08:15-08:30,08:15,0.23,07:45-09:45,16:45-18:45
940GZZLUBNK,Bank,MON,08:30-08:45,08:30,0.24,07:45-09:45,16:45-18:45
940GZZLUBNK,Bank,MON,08:45-09:00,08:45,0.23,07:45-09:45,16:45-18:45
940GZZLUBNK,Bank,MON,09:00-09:15,09:00,0.21,07:45-09:45,16:45-18:45
940GZZLUBNK,Bank,MON,09:15-09:30,09:15,0.19,07:45-09:45,16:45-18:45
940GZZLUBNK,Bank,MON,09:30-09:45,09:30,0.16,07:45-09:45,16:45-18:45
940GZZLUBNK,Bank,MON,09:45-10:00,09:45,0.12,07:45-09:45,16:45-18:45
940GZZLUBNK,Bank,MON,10:00-10:15,10:00,0.1,07:45-09:45,16:45-18:45
940GZZLUBNK,Bank,MON,10:15-10:30,10:15,0.09,07:45-09:45,16:45-18:45
940GZZLUBNK,Bank,MON,10:30-10:45,10:30,0.08,07:45-09:45,16:45-18:45
940GZZLUBNK,Bank,MON,10:45-11:00,10:45,0.07,07:45-09:45,16:45-18:45
940GZZLUBNK,Bank,MON,11:00-11:15,11:00,0.07,07:45-09:45,16:45-18:45
940GZZLUBNK,Bank,MON,11:15-11:30,11:15,0.07,07:45-09:45,16:45-18:45
940GZZLUBNK,Bank,MON,11:30-11:45,11:30,0.07,07:45-09:45,16:45-18:45
940GZZLUBNK,Bank,MON,11:45-12:00,11:45,0.07,07:45-09:45,16:45-18:45
940GZZLUBNK,Bank,MON,12:00-12:15,12:00,0.07,07:45-09:45,16:45-18:45
940GZZLUBNK,Bank,MON,12:15-12:30,12:15,0.07,07:45-09:45,16:45-18:45
940GZZLUBNK,Bank,MON,12:30-12:45,12:30,0.08,07:45-09:45,16:45-18:45
940GZZLUBNK,Bank,MON,12:45-13:00,12:45,0.08,07:45-09:45,16:45-18:45
940GZZLUBNK,Bank,MON,13:00-13:15,13:00,0.08,07:45-09:45,16:45-18:45
940GZZLUBNK,Bank,MON,13:15-13:30,13:15,0.08,07:45-09:45,16:45-18:45
940GZZLUBNK,Bank,MON,13:30-13:45,13:30,0.08,07:45-09:45,16:45-18:45
940GZZLUBNK,Bank,MON,13:45-14:00,13:45,0.08,07:45-09:45,16:45-18:45
940GZZLUBNK,Bank,MON,14:00-14:15,14:00,0.08,07:45-09:45,16:45-18:45
940GZZLUBNK,Bank,MON,14:15-14:30,14:15,0.08,07:45-09:45,16:45-18:45
940GZZLUBNK,Bank,MON,14:30-14:45,14:30,0.08,07:45-09:45,16:45-18:45
940GZZLUBNK,Bank,MON,14:45-15:00,14:45,0.08,07:45-09:45,16:45-18:45
940GZZLUBNK,Bank,MON,15:00-15:15,15:00,0.08,07:45-09:45,16:45-18:45
940GZZLUBNK,Bank,MON,15:15-15:30,15:15,0.09,07:45-09:45,16:45-18:45
940GZZLUBNK,Bank,MON,15:30-15:45,15:30,0.09,07:45-09:45,16:45-18:45
940GZZLUBNK,Bank,MON,15:45-16:00,15:45,0.1,07:45-09:45,16:45-18:45
940GZZLUBNK,Bank,MON,16:00-16:15,16:00,0.11,07:45-09:45,16:45-18:45
940GZZLUBNK,Bank,MON,16:15-16:30,16:15,0.12,07:45-09:45,16:45-18:45
940GZZLUBNK,Bank,MON,16:30-16:45,16:30,0.14,07:45-09:45,16:45-18:45
940GZZLUBNK,Bank,MON,16:45-17:00,16:45,0.18,07:45-09:45,16:45-18:45
940GZZLUBNK,Bank,MON,17:00-17:15,17:00,0.21,07:45-09:45,16:45-18:45
940GZZLUBNK,Bank,MON,17:15-17:30,17:15,0.23,07:45-09:45,16:45-18:45
940GZZLUBNK,Bank,MON,17:30-17:45,17:30,0.24,07:45-09:45,16:45-18:45
940GZZLUBNK,Bank,MON,17:45-18:00,17:45,0.23,07:45-09:45,16:45-18:45
940GZZLUBNK,Bank,MON,18:00-18:15,18:00,0.22,07:45-09:45,16:45-18:45
940GZZLUBNK,Bank,MON,18:15-18:30,18:15,0.19,07:45-09:45,16:45-18:45
940GZZLUBNK,Bank,MON,18:30-18:45,18:30,0.17,07:45-09:45,16:45-18:45
940GZZLUBNK,Bank,MON,18:45-19:00,18:45,0.15,07:45-09:45,16:45-18:45
940GZZLUBNK,Bank,MON,19:00-19:15,19:00,0.14,07:45-09:45,16:45-18:45
940GZZLUBNK,Bank,MON,19:15-19:30,19:15,0.12,07:45-09:45,16:45-18:45
940GZZLUBNK,Bank,MON,19:30-19:45,19:30,0.1,07:45-09:45,16:45-18:45
940GZZLUBNK,Bank,MON,19:45-20:00,19:45,0.09,07:45-09:45,16:45-18:45
940GZZLUBNK,Bank,MON,20:00-20:15,20:00,0.08,07:45-09:45,16:45-18:45
940GZZLUBNK,Bank,MON,20:15-20:30,20:15,0.07,07:45-09:45,16:45-18:45
940GZZLUBNK,Bank,MON,20:30-20:45,20:30,0.07,07:45-09:45,16:45-18:45
940GZZLUBNK,Bank,MON,20:45-21:00,20:45,0.06,07:45-09:45,16:45-18:45
940GZZLUBNK,Bank,MON,21:00-21:15,21:00,0.06,07:45-09:45,16:45-18:45
940GZZLUBNK,Bank,MON,21:15-21:30,21:15,0.05,07:45-09:45,16:45-18:45
940GZZLUBNK,Bank,MON,21:30-21:45,21:30,0.05,07:45-09:45,16:45-18:45
940GZZLUBNK,Bank,MON,21:45-22:00,21:45,0.05,07:45-09:45,16:45-18:45
940GZZLUBNK,Bank,MON,22:00-22:15,22:00,0.04,07:45-09:45,16:45-18:45
940GZZLUBNK,Bank,MON,22:15-22:30,22:15,0.04,07:45-09:45,16:45-18:45
940GZZLUBNK,Bank,MON,22:30-22:45,22:30,0.04,07:45-09:45,16:45-18:45
940GZZLUBNK,Bank,MON,22:45-23:00,22:45,0.03,07:45-09:45,16:45-18:45
940GZZLUBNK,Bank,MON,23:00-23:15,23:00,0.03,07:45-09:45,16:45-18:45
940GZZLUBNK,Bank,MON,23:15-23:30,23:15,0.03,07:45-09:45,16:45-18:45
940GZZLUBNK,Bank,MON,23:30-23:45,23:30,0.02,07:45-09:45,16:45-18:45
940GZZLUBNK,Bank,MON,23:45-00:00,23:45,0.02,07:45-09:45,16:45-18:45
940GZZLUBNK,Bank,SAT,00:00-00:15,00:00,0.04,11:45-13:45,16:45-18:45
940GZZLUBNK,Bank,SAT,00:15-00:30,00:15,0.04,11:45-13:45,16:45-18:45
940GZZLUBNK,Bank,SAT,00:30-00:45,00:30,0.03,11:45-13:45,16:45-18:45
940GZZLUBNK,Bank,SAT,00:45-01:00,00:45,0.02,11:45-13:45,16:45-18:45
940GZZLUBNK,Bank,SAT,01:00-01:15,01:00,0.02,11:45-13:45,16:45-18:45
940GZZLUBNK,Bank,SAT,01:15-01:30,01:15,0.01,11:45-13:45,16:45-18:45
940GZZLUBNK,Bank,SAT,01:30-01:45,01:30,0.01,11:45-13:45,16:45-18:45
940GZZLUBNK,Bank,SAT,01:45-02:00,01:45,0.01,11:45-13:45,16:45-18:45
940GZZLUBNK,Bank,SAT,02:00-02:15,02:00,0.01,11:45-13:45,16:45-18:45
940GZZLUBNK,Bank,SAT,02:15-02:30,02:15,0.01,11:45-13:45,16:45-18:45
940GZZLUBNK,Bank,SAT,02:30-02:45,02:30,0,11:45-13:45,16:45-18:45
940GZZLUBNK,Bank,SAT,02:45-03:00,02:45,0,11:45-13:45,16:45-18:45
940GZZLUBNK,Bank,SAT,03:00-03:15,03:00,0,11:45-13:45,16:45-18:45
940GZZLUBNK,Bank,SAT,03:15-03:30,03:15,0,11:45-13:45,16:45-18:45
940GZZLUBNK,Bank,SAT,03:30-03:45,03:30,0,11:45-13:45,16:45-18:45
940GZZLUBNK,Bank,SAT,03:45-04:00,03:45,0,11:45-13:45,16:45-18:45
940GZZLUBNK,Bank,SAT,04:00-04:15,04:00,0,11:45-13:45,16:45-18:45
940GZZLUBNK,Bank,SAT,04:15-04:30,04:15,0,11:45-13:45,16:45-18:45
940GZZLUBNK,Bank,SAT,04:30-04:45,04:30,0,11:45-13:45,16:45-18:45
940GZZLUBNK,Bank,SAT,04:45-05:00,04:45,0,11:45-13:45,16:45-18:45
940GZZLUBNK,Bank,SAT,05:00-05:15,05:00,0,11:45-13:45,16:45-18:45
940GZZLUBNK,Bank,SAT,05:15-05:30,05:15,0,11:45-13:45,16:45-18:45
940GZZLUBNK,Bank,SAT,05:30-05:45,05:30,0,11:45-13:45,16:45-18:45
940GZZLUBNK,Bank,SAT,05:45-06:00,05:45,0.01,11:45-13:45,16:45-18:45
940GZZLUBNK,Bank,SAT,06:00-06:15,06:00,0.01,11:45-13:45,16:45-18:45
940GZZLUBNK,Bank,SAT,06:15-06:30,06:15,0.01,11:45-13:45,16:45-18:45
940GZZLUBNK,Bank,SAT,06:30-06:45,06:30,0.01,11:45-13:45,16:45-18:45
940GZZLUBNK,Bank,SAT,06:45-07:00,06:45,0.01,11:45-13:45,16:45-18:45
940GZZLUBNK,Bank,SAT,07:00-07:15,07:00,0.01,11:45-13:45,16:45-18:45
940GZZLUBNK,Bank,SAT,07:15-07:30,07:15,0.02,11:45-13:45,16:45-18:45
940GZZLUBNK,Bank,SAT,07:30-07:45,07:30,0.02,11:45-13:45,16:45-18:45
940GZZLUBNK,Bank,SAT,07:45-08:00,07:45,0.02,11:45-13:45,16:45-18:45
940GZZLUBNK,Bank,SAT,08:00-08:15,08:00,0.02,11:45-13:45,16:45-18:45
940GZZLUBNK,Bank,SAT,08:15-08:30,08:15,0.02,11:45-13:45,16:45-18:45
940GZZLUBNK,Bank,SAT,08:30-08:45,08:30,0.03,11:45-13:45,16:45-18:45
940GZZLUBNK,Bank,SAT,08:45-09:00,08:45,0.03,11:45-13:45,16:45-18:45
940GZZLUBNK,Bank,SAT,09:00-09:15,09:00,0.03,11:45-13:45,16:45-18:45
940GZZLUBNK,Bank,SAT,09:15-09:30,09:15,0.03,11:45-13:45,16:45-18:45
940GZZLUBNK,Bank,SAT,09:30-09:45,09:30,0.03,11:45-13:45,16:45-18:45
940GZZLUBNK,Bank,SAT,09:45-10:00,09:45,0.04,11:45-13:45,16:45-18:45
940GZZLUBNK,Bank,SAT,10:00-10:15,10:00,0.04,11:45-13:45,16:45-18:45
940GZZLUBNK,Bank,SAT,10:15-10:30,10:15,0.04,11:45-13:45,16:45-18:45
940GZZLUBNK,Bank,SAT,10:30-10:45,10:30,0.04,11:45-13:45,16:45-18:45
940GZZLUBNK,Bank,SAT,10:45-11:00,10:45,0.05,11:45-13:45,16:45-18:45
940GZZLUBNK,Bank,SAT,11:00-11:15,11:00,0.05,11:45-13:45,16:45-18:45
940GZZLUBNK,Bank,SAT,11:15-11:30,11:15,0.05,11:45-13:45,16:45-18:45
940GZZLUBNK,Bank,SAT,11:30-11:45,11:30,0.05,11:45-13:45,16:45-18:45
940GZZLUBNK,Bank,SAT,11:45-12:00,11:45,0.06,11:45-13:45,16:45-18:45
940GZZLUBNK,Bank,SAT,12:00-12:15,12:00,0.06,11:45-13:45,16:45-18:45
940GZZLUBNK,Bank,SAT,12:15-12:30,12:15,0.06,11:45-13:45,16:45-18:45
940GZZLUBNK,Bank,SAT,12:30-12:45,12:30,0.06,11:45-13:45,16:45-18:45
940GZZLUBNK,Bank,SAT,12:45-13:00,12:45,0.06,11:45-13:45,16:45-18:45
940GZZLUBNK,Bank,SAT,13:00-13:15,13:00,0.06,11:45-13:45,16:45-18:45
940GZZLUBNK,Bank,SAT,13:15-13:30,13:15,0.06,11:45-13:45,16:45-18:45
940GZZLUBNK,Bank,SAT,13:30-13:45,13:30,0.06,11:45-13:45,16:45-18:45
940GZZLUBNK,Bank,SAT,13:45-14:00,13:45,0.07,11:45-13:45,16:45-18:45
940GZZLUBNK,Bank,SAT,14:00-14:15,14:00,0.07,11:45-13:45,16:45-18:45
940GZZLUBNK,Bank,SAT,14:15-14:30,14:15,0.07,11:45-13:45,16:45-18:45
940GZZLUBNK,Bank,SAT,14:30-14:45,14:30,0.07,11:45-13:45,16:45-18:45
940GZZLUBNK,Bank,SAT,14:45-15:00,14:45,0.07,11:45-13:45,16:45-18:45
940GZZLUBNK,Bank,SAT,15:00-15:15,15:00,0.07,11:45-13:45,16:45-18:45
940GZZLUBNK,Bank,SAT,15:15-15:30,15:15,0.07,11:45-13:45,16:45-18:45
940GZZLUBNK,Bank,SAT,15:30-15:45,15:30,0.07,11:45-13:45,16:45-18:45
940GZZLUBNK,Bank,SAT,15:45-16:00,15:45,0.07,11:45-13:45,16:45-18:45
940GZZLUBNK,Bank,SAT,16:00-16:15,16:00,0.07,11:45-13:45,16:45-18:45
940GZZLUBNK,Bank,SAT,16:15-16:30,16:15,0.07,11:45-13:45,16:45-18:45
940GZZLUBNK,Bank,SAT,16:30-16:45,16:30,0.07,11:45-13:45,16:45-18:45
940GZZLUBNK,Bank,SAT,16:45-17:00,16:45,0.07,11:45-13:45,16:45-18:45
940GZZLUBNK,Bank,SAT,17:00-17:15,17:00,0.08,11:45-13:45,16:45-18:45
940GZZLUBNK,Bank,SAT,17:15-17:30,17:15,0.08,11:45-13:45,16:45-18:45
940GZZLUBNK,Bank,SAT,17:30-17:45,17:30,0.08,11:45-13:45,16:45-18:45
940GZZLUBNK,Bank,SAT,17:45-18:00,17:45,0.08,11:45-13:45,16:45-18:45
940GZZLUBNK,Bank,SAT,18:00-18:15,18:00,0.08,11:45-13:45,16:45-18:45
940GZZLUBNK,Bank,SAT,18:15-18:30,18:15,0.08,11:45-13:45,16:45-18:45
940GZZLUBNK,Bank,SAT,18:30-18:45,18:30,0.07,11:45-13:45,16:45-18:45
940GZZLUBNK,Bank,SAT,18:45-19:00,18:45,0.07,11:45-13:45,16:45-18:45
940GZZLUBNK,Bank,SAT,19:00-19:15,19:00,0.07,11:45-13:45,16:45-18:45
940GZZLUBNK,Bank,SAT,19:15-19:30,19:15,0.07,11:45-13:45,16:45-18:45
940GZZLUBNK,Bank,SAT,19:30-19:45,19:30,0.06,11:45-13:45,16:45-18:45
940GZZLUBNK,Bank,SAT,19:45-20:00,19:45,0.06,11:45-13:45,16:45-18:45
940GZZLUBNK,Bank,SAT,20:00-20:15,20:00,0.06,11:45-13:45,16:45-18:45
940GZZLUBNK,Bank,SAT,20:15-20:30,20:15,0.05,11:45-13:45,16:45-18:45
940GZZLUBNK,Bank,SAT,20:30-20:45,20:30,0.05,11:45-13:45,16:45-18:45
940GZZLUBNK,Bank,SAT,20:45-21:00,20:45,0.05,11:45-13:45,16:45-18:45
940GZZLUBNK,Bank,SAT,21:00-21:15,21:00,0.05,11:45-13:45,16:45-18:45
940GZZLUBNK,Bank,SAT,21:15-21:30,21:15,0.04,11:45-13:45,16:45-18:45
940GZZLUBNK,Bank,SAT,21:30-21:45,21:30,0.04,11:45-13:45,16:45-18:45
940GZZLUBNK,Bank,SAT,21:45-22:00,21:45,0.05,11:45-13:45,16:45-18:45
940GZZLUBNK,Bank,SAT,22:00-22:15,22:00,0.05,11:45-13:45,16:45-18:45
940GZZLUBNK,Bank,SAT,22:15-22:30,22:15,0.05,11:45-13:45,16:45-18:45
940GZZLUBNK,Bank,SAT,22:30-22:45,22:30,0.05,11:45-13:45,16:45-18:45
940GZZLUBNK,Bank,SAT,22:45-23:00,22:45,0.05,11:45-13:45,16:45-18:45
940GZZLUBNK,Bank,SAT,23:00-23:15,23:00,0.05,11:45-13:45,16:45-18:45
940GZZLUBNK,Bank,SAT,23:15-23:30,23:15,0.05,11:45-13:45,16:45-18:45
940GZZLUBNK,Bank,SAT,23:30-23:45,23:30,0.05,11:45-13:45,16:45-18:45
940GZZLUBNK,Bank,SAT,23:45-00:00,23:45,0.05,11:45-13:45,16:45-18:45
940GZZLUBNK,Bank,TUE,00:00-00:15,00:00,0.01,07:30-09:30,16:45-18:45
940GZZLUBNK,Bank,TUE,00:15-00:30,00:15,0.01,07:30-09:30,16:45-18:45
940GZZLUBNK,Bank,TUE,00:30-00:45,00:30,0.01,07:30-09:30,16:45-18:45
940GZZLUBNK,Bank,TUE,00:45-01:00,00:45,0.01,07:30-09:30,16:45-18:45
940GZZLUBNK,Bank,TUE,01:00-01:15,01:00,0,07:30-09:30,16:45-18:45
940GZZLUBNK,Bank,TUE,01:15-01:30,01:15,0,07:30-09:30,16:45-18:45
940GZZLUBNK,Bank,TUE,01:30-01:45,01:30,0,07:30-09:30,16:45-18:45
940GZZLUBNK,Bank,TUE,01:45-02:00,01:45,0,07:30-09:30,16:45-18:45
940GZZLUBNK,Bank,TUE,02:00-02:15,02:00,0,07:30-09:30,16:45-18:45
940GZZLUBNK,Bank,TUE,02:15-02:30,02:15,0,07:30-09:30,16:45-18:45
940GZZLUBNK,Bank,TUE,02:30-02:45,02:30,0,07:30-09:30,16:45-18:45
940GZZLUBNK,Bank,TUE,02:45-03:00,02:45,0,07:30-09:30,16:45-18:45
940GZZLUBNK,Bank,TUE,03:00-03:15,03:00,0,07:30-09:30,16:45-18:45
940GZZLUBNK,Bank,TUE,03:15-03:30,03:15,0,07:30-09:30,16:45-18:45
940GZZLUBNK,Bank,TUE,03:30-03:45,03:30,0,07:30-09:30,16:45-18:45
940GZZLUBNK,Bank,TUE,03:45-04:00,03:45,0,07:30-09:30,16:45-18:45
940GZZLUBNK,Bank,TUE,04:00-04:15,04:00,0,07:30-09:30,16:45-18:45
940GZZLUBNK,Bank,TUE,04:15-04:30,04:15,0,07:30-09:30,16:45-18:45
940GZZLUBNK,Bank,TUE,04:30-04:45,04:30,0,07:30-09:30,16:45-18:45
940GZZLUBNK,Bank,TUE,04:45-05:00,04:45,0,07:30-09:30,16:45-18:45
940GZZLUBNK,Bank,TUE,05:00-05:15,05:00,0,07:30-09:30,16:45-18:45
940GZZLUBNK,Bank,TUE,05:15-05:30,05:15,0,07:30-09:30,16:45-18:45
940GZZLUBNK,Bank,TUE,05:30-05:45,05:30,0,07:30-09:30,16:45-18:45
940GZZLUBNK,Bank,TUE,05:45-06:00,05:45,0.01,07:30-09:30,16:45-18:45
940GZZLUBNK,Bank,TUE,06:00-06:15,06:00,0.02,07:30-09:30,16:45-18:45
940GZZLUBNK,Bank,TUE,06:15-06:30,06:15,0.03,07:30-09:30,16:45-18:45
940GZZLUBNK,Bank,TUE,06:30-06:45,06:30,0.05,07:30-09:30,16:45-18:45
940GZZLUBNK,Bank,TUE,06:45-07:00,06:45,0.07,07:30-09:30,16:45-18:45
940GZZLUBNK,Bank,TUE,07:00-07:15,07:00,0.11,07:30-09:30,16:45-18:45
940GZZLUBNK,Bank,TUE,07:15-07:30,07:15,0.15,07:30-09:30,16:45-18:45
940GZZLUBNK,Bank,TUE,07:30-07:45,07:30,0.18,07:30-09:30,16:45-18:45
940GZZLUBNK,Bank,TUE,07:45-08:00,07:45,0.19,07:30-09:30,16:45-18:45
940GZZLUBNK,Bank,TUE,08:00-08:15,08:00,0.19,07:30-09:30,16:45-18:45
940GZZLUBNK,Bank,TUE,08:15-08:30,08:15,0.17,07:30-09:30,16:45-18:45
940GZZLUBNK,Bank,TUE,08:30-08:45,08:30,0.14,07:30-09:30,16:45-18:45
940GZZLUBNK,Bank,TUE,08:45-09:00,08:45,0.13,07:30-09:30,16:45-18:45
940GZZLUBNK,Bank,TUE,09:00-09:15,09:00,0.15,07:30-09:30,16:45-18:45
940GZZLUBNK,Bank,TUE,09:15-09:30,09:15,0.17,07:30-09:30,16:45-18:45
940GZZLUBNK,Bank,TUE,09:30-09:45,09:30,0.18,07:30-09:30,16:45-18:45
940GZZLUBNK,Bank,TUE,09:45-10:00,09:45,0.17,07:30-09:30,16:45-18:45
940GZZLUBNK,Bank,TUE,10:00-10:15,10:00,0.16,07:30-09:30,16:45-18:45
940GZZLUBNK,Bank,TUE,10:15-10:30,10:15,0.13,07:30-09:30,16:45-18:45
940GZZLUBNK,Bank,TUE,10:30-10:45,10:30,0.1,07:30-09:30,16:45-18:45
940GZZLUBNK,Bank,TUE,10:45-11:00,10:45,0.08,07:30-09:30,16:45-18:45
940GZZLUBNK,Bank,TUE,11:00-11:15,11:00,0.08,07:30-09:30,16:45-18:45
940GZZLUBNK,Bank,TUE,11:15-11:30,11:15,0.08,07:30-09:30,16:45-18:45
940GZZLUBNK,Bank,TUE,11:30-11:45,11:30,0.08,07:30-09:30,16:45-18:45
940GZZLUBNK,Bank,TUE,11:45-12:00,11:45,0.08,07:30-09:30,16:45-18:45
940GZZLUBNK,Bank,TUE,12:00-12:15,12:00,0.08,07:30-09:30,16:45-18:45
940GZZLUBNK,Bank,TUE,12:15-12:30,12:15,0.08,07:30-09:30,16:45-18:45
940GZZLUBNK,Bank,TUE,12:30-12:45,12:30,0.09,07:30-09:30,16:45-18:45
940GZZLUBNK,Bank,TUE,12:45-13:00,12:45,0.08,07:30-09:30,16:45-18:45
940GZZLUBNK,Bank,TUE,13:00-13:15,13:00,0.08,07:30-09:30,16:45-18:45
940GZZLUBNK,Bank,TUE,13:15-13:30,13:15,0.08,07:30-09:30,16:45-18:45
940GZZLUBNK,Bank,TUE,13:30-13:45,13:30,0.08,07:30-09:30,16:45-18:45
940GZZLUBNK,Bank,TUE,13:45-14:00,13:45,0.08,07:30-09:30,16:45-18:45
940GZZLUBNK,Bank,TUE,14:00-14:15,14:00,0.08,07:30-09:30,16:45-18:45
940GZZLUBNK,Bank,TUE,14:15-14:30,14:15,0.09,07:30-09:30,16:45-18:45
940GZZLUBNK,Bank,TUE,14:30-14:45,14:30,0.09,07:30-09:30,16:45-18:45
940GZZLUBNK,Bank,TUE,14:45-15:00,14:45,0.09,07:30-09:30,16:45-18:45
940GZZLUBNK,Bank,TUE,15:00-15:15,15:00,0.09,07:30-09:30,16:45-18:45
940GZZLUBNK,Bank,TUE,15:15-15:30,15:15,0.1,07:30-09:30,16:45-18:45
940GZZLUBNK,Bank,TUE,15:30-15:45,15:30,0.1,07:30-09:30,16:45-18:45
940GZZLUBNK,Bank,TUE,15:45-16:00,15:45,0.12,07:30-09:30,16:45-18:45
940GZZLUBNK,Bank,TUE,16:00-16:15,16:00,0.13,07:30-09:30,16:45-18:45
940GZZLUBNK,Bank,TUE,16:15-16:30,16:15,0.14,07:30-09:30,16:45-18:45
940GZZLUBNK,Bank,TUE,16:30-16:45,16:30,0.16,07:30-09:30,16:45-18:45
940GZZLUBNK,Bank,TUE,16:45-17:00,16:45,0.2,07:30-09:30,16:45-18:45
940GZZLUBNK,Bank,TUE,17:00-17:15,17:00,0.23,07:30-09:30,16:45-18:45
940GZZLUBNK,Bank,TUE,17:15-17:30,17:15,0.26,07:30-09:30,16:45-18:45
940GZZLUBNK,Bank,TUE,17:30-17:45,17:30,0.28,07:30-09:30,16:45-18:45
940GZZLUBNK,Bank,TUE,17:45-18:00,17:45,0.27,07:30-09:30,16:45-18:45
940GZZLUBNK,Bank,TUE,18:00-18:15,18:00,0.25,07:30-09:30,16:45-18:45
940GZZLUBNK,Bank,TUE,18:15-18:30,18:15,0.22,07:30-09:30,16:45-18:45
940GZZLUBNK,Bank,TUE,18:30-18:45,18:30,0.19,07:30-09:30,16:45-18:45
940GZZLUBNK,Bank,TUE,18:45-19:00,18:45,0.16,07:30-09:30,16:45-18:45
940GZZLUBNK,Bank,TUE,19:00-19:15,19:00,0.15,07:30-09:30,16:45-18:45
940GZZLUBNK,Bank,TUE,19:15-19:30,19:15,0.14,07:30-09:30,16:45-18:45
940GZZLUBNK,Bank,TUE,19:30-19:45,19:30,0.13,07:30-09:30,16:45-18:45
940GZZLUBNK,Bank,TUE,19:45-20:00,19:45,0.12,07:30-09:30,16:45-18:45
940GZZLUBNK,Bank,TUE,20:00-20:15,20:00,0.11,07:30-09:30,16:45-18:45
940GZZLUBNK,Bank,TUE,20:15-20:30,20:15,0.1,07:30-09:30,16:45-18:45
940GZZLUBNK,Bank,TUE,20:30-20:45,20:30,0.09,07:30-09:30,16:45-18:45
940GZZLUBNK,Bank,TUE,20:45-21:00,20:45,0.08,07:30-09:30,16:45-18:45
940GZZLUBNK,Bank,TUE,21:00-21:15,21:00,0.07,07:30-09:30,16:45-18:45
940GZZLUBNK,Bank,TUE,21:15-21:30,21:15,0.07,07:30-09:30,16:45-18:45
940GZZLUBNK,Bank,TUE,21:30-21:45,21:30,0.06,07:30-09:30,16:45-18:45
940GZZLUBNK,Bank,TUE,21:45-22:00,21:45,0.06,07:30-09:30,16:45-18:45
940GZZLUBNK,Bank,TUE,22:00-22:15,22:00,0.06,07:30-09:30,16:45-18:45
940GZZLUBNK,Bank,TUE,22:15-22:30,22:15,0.05,07:30-09:30,16:45-18:45
940GZZLUBNK,Bank,TUE,22:30-22:45,22:30,0.05,07:30-09:30,16:45-18:45
940GZZLUBNK,Bank,TUE,22:45-23:00,22:45,0.05,07:30-09:30,16:45-18:45
940GZZLUBNK,Bank,TUE,23:00-23:15,23:00,0.04,07:30-09:30,16:45-18:45
940GZZLUBNK,Bank,TUE,23:15-23:30,23:15,0.03,07:30-09:30,16:45-18:45
940GZZLUBNK,Bank,TUE,23:30-23:45,23:30,0.03,07:30-09:30,16:45-18:45
940GZZLUBNK,Bank,TUE,23:45-00:00,23:45,0.02,07:30-09:30,16:45-18:45
940GZZLUBNK,Bank,FRI,00:00-00:15,00:00,0.04,07:45-09:45,16:45-18:45
940GZZLUBNK,Bank,FRI,00:15-00:30,00:15,0.03,07:45-09:45,16:45-18:45
940GZZLUBNK,Bank,FRI,00:30-00:45,00:30,0.02,07:45-09:45,16:45-18:45
940GZZLUBNK,Bank,FRI,00:45-01:00,00:45,0.02,07:45-09:45,16:45-18:45
940GZZLUBNK,Bank,FRI,01:00-01:15,01:00,0.01,07:45-09:45,16:45-18:45
940GZZLUBNK,Bank,FRI,01:15-01:30,01:15,0.01,07:45-09:45,16:45-18:45
940GZZLUBNK,Bank,FRI,01:30-01:45,01:30,0,07:45-09:45,16:45-18:45
940GZZLUBNK,Bank,FRI,01:45-02:00,01:45,0,07:45-09:45,16:45-18:45
940GZZLUBNK,Bank,FRI,02:00-02:15,02:00,0,07:45-09:45,16:45-18:45
940GZZLUBNK,Bank,FRI,02:15-02:30,02:15,0,07:45-09:45,16:45-18:45
940GZZLUBNK,Bank,FRI,02:30-02:45,02:30,0,07:45-09:45,16:45-18:45
940GZZLUBNK,Bank,FRI,02:45-03:00,02:45,0,07:45-09:45,16:45-18:45
940GZZLUBNK,Bank,FRI,03:00-03:15,03:00,0,07:45-09:45,16:45-18:45
940GZZLUBNK,Bank,FRI,03:15-03:30,03:15,0,07:45-09:45,16:45-18:45
940GZZLUBNK,Bank,FRI,03:30-03:45,03:30,0,07:45-09:45,16:45-18:45
940GZZLUBNK,Bank,FRI,03:45-04:00,03:45,0,07:45-09:45,16:45-18:45
940GZZLUBNK,Bank,FRI,04:00-04:15,04:00,0,07:45-09:45,16:45-18:45
940GZZLUBNK,Bank,FRI,04:15-04:30,04:15,0,07:45-09:45,16:45-18:45
940GZZLUBNK,Bank,FRI,04:30-04:45,04:30,0,07:45-09:45,16:45-18:45
940GZZLUBNK,Bank,FRI,04:45-05:00,04:45,0,07:45-09:45,16:45-18:45
940GZZLUBNK,Bank,FRI,05:00-05:15,05:00,0,07:45-09:45,16:45-18:45
940GZZLUBNK,Bank,FRI,05:15-05:30,05:15,0,07:45-09:45,16:45-18:45
940GZZLUBNK,Bank,FRI,05:30-05:45,05:30,0,07:45-09:45,16:45-18:45
940GZZLUBNK,Bank,FRI,05:45-06:00,05:45,0.01,07:45-09:45,16:45-18:45
940GZZLUBNK,Bank,FRI,06:00-06:15,06:00,0.02,07:45-09:45,16:45-18:45
940GZZLUBNK,Bank,FRI,06:15-06:30,06:15,0.03,07:45-09:45,16:45-18:45
940GZZLUBNK,Bank,FRI,06:30-06:45,06:30,0.05,07:45-09:45,16:45-18:45
940GZZLUBNK,Bank,FRI,06:45-07:00,06:45,0.06,07:45-09:45,16:45-18:45
940GZZLUBNK,Bank,FRI,07:00-07:15,07:00,0.08,07:45-09:45,16:45-18:45
940GZZLUBNK,Bank,FRI,07:15-07:30,07:15,0.1,07:45-09:45,16:45-18:45
940GZZLUBNK,Bank,FRI,07:30-07:45,07:30,0.12,07:45-09:45,16:45-18:45
940GZZLUBNK,Bank,FRI,07:45-08:00,07:45,0.15,07:45-09:45,16:45-18:45
940GZZLUBNK,Bank,FRI,08:00-08:15,08:00,0.17,07:45-09:45,16:45-18:45
940GZZLUBNK,Bank,FRI,08:15-08:30,08:15,0.19,07:45-09:45,16:45-18:45
940GZZLUBNK,Bank,FRI,08:30-08:45,08:30,0.2,07:45-09:45,16:45-18:45
940GZZLUBNK,Bank,FRI,08:45-09:00,08:45,0.2,07:45-09:45,16:45-18:45
940GZZLUBNK,Bank,FRI,09:00-09:15,09:00,0.19,07:45-09:45,16:45-18:45
940GZZLUBNK,Bank,FRI,09:15-09:30,09:15,0.17,07:45-09:45,16:45-18:45
940GZZLUBNK,Bank,FRI,09:30-09:45,09:30,0.15,07:45-09:45,16:45-18:45
940GZZLUBNK,Bank,FRI,09:45-10:00,09:45,0.13,07:45-09:45,16:45-18:45
940GZZLUBNK,Bank,FRI,10:00-10:15,10:00,0.11,07:45-09:45,16:45-18:45
940GZZLUBNK,Bank,FRI,10:15-10:30,10:15,0.09,07:45-09:45,16:45-18:45
940GZZLUBNK,Bank,FRI,10:30-10:45,10:30,0.08,07:45-09:45,16:45-18:45
940GZZLUBNK,Bank,FRI,10:45-11:00,10:45,0.08,07:45-09:45,16:45-18:45
940GZZLUBNK,Bank,FRI,11:00-11:15,11:00,0.07,07:45-09:45,16:45-18:45
940GZZLUBNK,Bank,FRI,11:15-11:30,11:15,0.07,07:45-09:45,16:45-18:45
940GZZLUBNK,Bank,FRI,11:30-11:45,11:30,0.07,07:45-09:45,16:45-18:45
940GZZLUBNK,Bank,FRI,11:45-12:00,11:45,0.08,07:45-09:45,16:45-18:45
940GZZLUBNK,Bank,FRI,12:00-12:15,12:00,0.08,07:45-09:45,16:45-18:45
940GZZLUBNK,Bank,FRI,12:15-12:30,12:15,0.09,07:45-09:45,16:45-18:45
940GZZLUBNK,Bank,FRI,12:30-12:45,12:30,0.09,07:45-09:45,16:45-18:45
940GZZLUBNK,Bank,FRI,12:45-13:00,12:45,0.09,07:45-09:45,16:45-18:45
940GZZLUBNK,Bank,FRI,13:00-13:15,13:00,0.09,07:45-09:45,16:45-18:45
940GZZLUBNK,Bank,FRI,13:15-13:30,13:15,0.09,07:45-09:45,16:45-18:45
940GZZLUBNK,Bank,FRI,13:30-13:45,13:30,0.09,07:45-09:45,16:45-18:45
940GZZLUBNK,Bank,FRI,13:45-14:00,13:45,0.09,07:45-09:45,16:45-18:45
940GZZLUBNK,Bank,FRI,14:00-14:15,14:00,0.09,07:45-09:45,16:45-18:45
940GZZLUBNK,Bank,FRI,14:15-14:30,14:15,0.09,07:45-09:45,16:45-18:45
940GZZLUBNK,Bank,FRI,14:30-14:45,14:30,0.09,07:45-09:45,16:45-18:45
940GZZLUBNK,Bank,FRI,14:45-15:00,14:45,0.09,07:45-09:45,16:45-18:45
940GZZLUBNK,Bank,FRI,15:00-15:15,15:00,0.1,07:45-09:45,16:45-18:45
940GZZLUBNK,Bank,FRI,15:15-15:30,15:15,0.1,07:45-09:45,16:45-18:45
940GZZLUBNK,Bank,FRI,15:30-15:45,15:30,0.11,07:45-09:45,16:45-18:45
940GZZLUBNK,Bank,FRI,15:45-16:00,15:45,0.12,07:45-09:45,16:45-18:45
940GZZLUBNK,Bank,FRI,16:00-16:15,16:00,0.13,07:45-09:45,16:45-18:45
940GZZLUBNK,Bank,FRI,16:15-16:30,16:15,0.14,07:45-09:45,16:45-18:45
940GZZLUBNK,Bank,FRI,16:30-16:45,16:30,0.16,07:45-09:45,16:45-18:45
940GZZLUBNK,Bank,FRI,16:45-17:00,16:45,0.17,07:45-09:45,16:45-18:45
940GZZLUBNK,Bank,FRI,17:00-17:15,17:00,0.18,07:45-09:45,16:45-18:45
940GZZLUBNK,Bank,FRI,17:15-17:30,17:15,0.19,07:45-09:45,16:45-18:45
940GZZLUBNK,Bank,FRI,17:30-17:45,17:30,0.2,07:45-09:45,16:45-18:45
940GZZLUBNK,Bank,FRI,17:45-18:00,17:45,0.21,07:45-09:45,16:45-18:45
940GZZLUBNK,Bank,FRI,18:00-18:15,18:00,0.2,07:45-09:45,16:45-18:45
940GZZLUBNK,Bank,FRI,18:15-18:30,18:15,0.19,07:45-09:45,16:45-18:45
940GZZLUBNK,Bank,FRI,18:30-18:45,18:30,0.18,07:45-09:45,16:45-18:45
940GZZLUBNK,Bank,FRI,18:45-19:00,18:45,0.16,07:45-09:45,16:45-18:45
940GZZLUBNK,Bank,FRI,19:00-19:15,19:00,0.14,07:45-09:45,16:45-18:45
940GZZLUBNK,Bank,FRI,19:15-19:30,19:15,0.12,07:45-09:45,16:45-18:45
940GZZLUBNK,Bank,FRI,19:30-19:45,19:30,0.11,07:45-09:45,16:45-18:45
940GZZLUBNK,Bank,FRI,19:45-20:00,19:45,0.1,07:45-09:45,16:45-18:45
940GZZLUBNK,Bank,FRI,20:00-20:15,20:00,0.09,07:45-09:45,16:45-18:45
940GZZLUBNK,Bank,FRI,20:15-20:30,20:15,0.08,07:45-09:45,16:45-18:45
940GZZLUBNK,Bank,FRI,20:30-20:45,20:30,0.07,07:45-09:45,16:45-18:45
940GZZLUBNK,Bank,FRI,20:45-21:00,20:45,0.07,07:45-09:45,16:45-18:45
940GZZLUBNK,Bank,FRI,21:00-21:15,21:00,0.06,07:45-09:45,16:45-18:45
940GZZLUBNK,Bank,FRI,21:15-21:30,21:15,0.06,07:45-09:45,16:45-18:45
940GZZLUBNK,Bank,FRI,21:30-21:45,21:30,0.06,07:45-09:45,16:45-18:45
940GZZLUBNK,Bank,FRI,21:45-22:00,21:45,0.06,07:45-09:45,16:45-18:45
940GZZLUBNK,Bank,FRI,22:00-22:15,22:00,0.06,07:45-09:45,16:45-18:45
940GZZLUBNK,Bank,FRI,22:15-22:30,22:15,0.06,07:45-09:45,16:45-18:45
940GZZLUBNK,Bank,FRI,22:30-22:45,22:30,0.06,07:45-09:45,16:45-18:45
940GZZLUBNK,Bank,FRI,22:45-23:00,22:45,0.06,07:45-09:45,16:45-18:45
940GZZLUBNK,Bank,FRI,23:00-23:15,23:00,0.06,07:45-09:45,16:45-18:45
940GZZLUBNK,Bank,FRI,23:15-23:30,23:15,0.06,07:45-09:45,16:45-18:45
940GZZLUBNK,Bank,FRI,23:30-23:45,23:30,0.05,07:45-09:45,16:45-18:45
940GZZLUBNK,Bank,FRI,23:45-00:00,23:45,0.05,07:45-09:45,16:45-18:45
940GZZLUBNK,Bank,SUN,00:00-00:15,00:00,0,11:45-13:45,14:00-16:00
940GZZLUBNK,Bank,SUN,00:15-00:30,00:15,0,11:45-13:45,14:00-16:00
940GZZLUBNK,Bank,SUN,00:30-00:45,00:30,0.01,11:45-13:45,14:00-16:00
940GZZLUBNK,Bank,SUN,00:45-01:00,00:45,0.01,11:45-13:45,14:00-16:00
940GZZLUBNK,Bank,SUN,01:00-01:15,01:00,0.01,11:45-13:45,14:00-16:00
940GZZLUBNK,Bank,SUN,01:15-01:30,01:15,0.01,11:45-13:45,14:00-16:00
940GZZLUBNK,Bank,SUN,01:30-01:45,01:30,0.01,11:45-13:45,14:00-16:00
940GZZLUBNK,Bank,SUN,01:45-02:00,01:45,0.01,11:45-13:45,14:00-16:00
940GZZLUBNK,Bank,SUN,02:00-02:15,02:00,0.01,11:45-13:45,14:00-16:00
940GZZLUBNK,Bank,SUN,02:15-02:30,02:15,0.01,11:45-13:45,14:00-16:00
940GZZLUBNK,Bank,SUN,02:30-02:45,02:30,0.01,11:45-13:45,14:00-16:00
940GZZLUBNK,Bank,SUN,02:45-03:00,02:45,0.01,11:45-13:45,14:00-16:00
940GZZLUBNK,Bank,SUN,03:00-03:15,03:00,0.01,11:45-13:45,14:00-16:00
940GZZLUBNK,Bank,SUN,03:15-03:30,03:15,0.01,11:45-13:45,14:00-16:00
940GZZLUBNK,Bank,SUN,03:30-03:45,03:30,0,11:45-13:45,14:00-16:00
940GZZLUBNK,Bank,SUN,03:45-04:00,03:45,0,11:45-13:45,14:00-16:00
940GZZLUBNK,Bank,SUN,04:00-04:15,04:00,0,11:45-13:45,14:00-16:00
940GZZLUBNK,Bank,SUN,04:15-04:30,04:15,0,11:45-13:45,14:00-16:00
940GZZLUBNK,Bank,SUN,04:30-04:45,04:30,0,11:45-13:45,14:00-16:00
940GZZLUBNK,Bank,SUN,04:45-05:00,04:45,0,11:45-13:45,14:00-16:00
940GZZLUBNK,Bank,SUN,05:00-05:15,05:00,0,11:45-13:45,14:00-16:00
940GZZLUBNK,Bank,SUN,05:15-05:30,05:15,0,11:45-13:45,14:00-16:00
940GZZLUBNK,Bank,SUN,05:30-05:45,05:30,0,11:45-13:45,14:00-16:00
940GZZLUBNK,Bank,SUN,05:45-06:00,05:45,0.01,11:45-13:45,14:00-16:00
940GZZLUBNK,Bank,SUN,06:00-06:15,06:00,0.01,11:45-13:45,14:00-16:00
940GZZLUBNK,Bank,SUN,06:15-06:30,06:15,0.01,11:45-13:45,14:00-16:00
940GZZLUBNK,Bank,SUN,06:30-06:45,06:30,0.01,11:45-13:45,14:00-16:00
940GZZLUBNK,Bank,SUN,06:45-07:00,06:45,0.01,11:45-13:45,14:00-16:00
940GZZLUBNK,Bank,SUN,07:00-07:15,07:00,0.01,11:45-13:45,14:00-16:00
940GZZLUBNK,Bank,SUN,07:15-07:30,07:15,0.01,11:45-13:45,14:00-16:00
940GZZLUBNK,Bank,SUN,07:30-07:45,07:30,0.01,11:45-13:45,14:00-16:00
940GZZLUBNK,Bank,SUN,07:45-08:00,07:45,0.02,11:45-13:45,14:00-16:00
940GZZLUBNK,Bank,SUN,08:00-08:15,08:00,0.02,11:45-13:45,14:00-16:00
940GZZLUBNK,Bank,SUN,08:15-08:30,08:15,0.02,11:45-13:45,14:00-16:00
940GZZLUBNK,Bank,SUN,08:30-08:45,08:30,0.02,11:45-13:45,14:00-16:00
940GZZLUBNK,Bank,SUN,08:45-09:00,08:45,0.02,11:45-13:45,14:00-16:00
940GZZLUBNK,Bank,SUN,09:00-09:15,09:00,0.02,11:45-13:45,14:00-16:00
940GZZLUBNK,Bank,SUN,09:15-09:30,09:15,0.03,11:45-13:45,14:00-16:00
940GZZLUBNK,Bank,SUN,09:30-09:45,09:30,0.03,11:45-13:45,14:00-16:00
940GZZLUBNK,Bank,SUN,09:45-10:00,09:45,0.03,11:45-13:45,14:00-16:00
940GZZLUBNK,Bank,SUN,10:00-10:15,10:00,0.03,11:45-13:45,14:00-16:00
940GZZLUBNK,Bank,SUN,10:15-10:30,10:15,0.03,11:45-13:45,14:00-16:00
940GZZLUBNK,Bank,SUN,10:30-10:45,10:30,0.04,11:45-13:45,14:00-16:00
940GZZLUBNK,Bank,SUN,10:45-11:00,10:45,0.04,11:45-13:45,14:00-16:00
940GZZLUBNK,Bank,SUN,11:00-11:15,11:00,0.04,11:45-13:45,14:00-16:00
940GZZLUBNK,Bank,SUN,11:15-11:30,11:15,0.04,11:45-13:45,14:00-16:00
940GZZLUBNK,Bank,SUN,11:30-11:45,11:30,0.04,11:45-13:45,14:00-16:00
940GZZLUBNK,Bank,SUN,11:45-12:00,11:45,0.05,11:45-13:45,14:00-16:00
940GZZLUBNK,Bank,SUN,12:00-12:15,12:00,0.05,11:45-13:45,14:00-16:00
940GZZLUBNK,Bank,SUN,12:15-12:30,12:15,0.05,11:45-13:45,14:00-16:00
940GZZLUBNK,Bank,SUN,12:30-12:45,12:30,0.05,11:45-13:45,14:00-16:00
940GZZLUBNK,Bank,SUN,12:45-13:00,12:45,0.05,11:45-13:45,14:00-16:00
940GZZLUBNK,Bank,SUN,13:00-13:15,13:00,0.05,11:45-13:45,14:00-16:00
940GZZLUBNK,Bank,SUN,13:15-13:30,13:15,0.06,11:45-13:45,14:00-16:00
940GZZLUBNK,Bank,SUN,13:30-13:45,13:30,0.06,11:45-13:45,14:00-16:00
940GZZLUBNK,Bank,SUN,13:45-14:00,13:45,0.06,11:45-13:45,14:00-16:00
940GZZLUBNK,Bank,SUN,14:00-14:15,14:00,0.06,11:45-13:45,14:00-16:00
940GZZLUBNK,Bank,SUN,14:15-14:30,14:15,0.06,11:45-13:45,14:00-16:00
940GZZLUBNK,Bank,SUN,14:30-14:45,14:30,0.06,11:45-13:45,14:00-16:00
940GZZLUBNK,Bank,SUN,14:45-15:00,14:45,0.06,11:45-13:45,14:00-16:00
940GZZLUBNK,Bank,SUN,15:00-15:15,15:00,0.06,11:45-13:45,14:00-16:00
940GZZLUBNK,Bank,SUN,15:15-15:30,15:15,0.06,11:45-13:45,14:00-16:00
940GZZLUBNK,Bank,SUN,15:30-15:45,15:30,0.06,11:45-13:45,14:00-16:00
940GZZLUBNK,Bank,SUN,15:45-16:00,15:45,0.06,11:45-13:45,14:00-16:00
940GZZLUBNK,Bank,SUN,16:00-16:15,16:00,0.06,11:45-13:45,14:00-16:00
940GZZLUBNK,Bank,SUN,16:15-16:30,16:15,0.06,11:45-13:45,14:00-16:00
940GZZLUBNK,Bank,SUN,16:30-16:45,16:30,0.06,11:45-13:45,14:00-16:00
940GZZLUBNK,Bank,SUN,16:45-17:00,16:45,0.06,11:45-13:45,14:00-16:00
940GZZLUBNK,Bank,SUN,17:00-17:15,17:00,0.06,11:45-13:45,14:00-16:00
940GZZLUBNK,Bank,SUN,17:15-17:30,17:15,0.06,11:45-13:45,14:00-16:00
940GZZLUBNK,Bank,SUN,17:30-17:45,17:30,0.06,11:45-13:45,14:00-16:00
940GZZLUBNK,Bank,SUN,17:45-18:00,17:45,0.06,11:45-13:45,14:00-16:00
940GZZLUBNK,Bank,SUN,18:00-18:15,18:00,0.05,11:45-13:45,14:00-16:00
940GZZLUBNK,Bank,SUN,18:15-18:30,18:15,0.05,11:45-13:45,14:00-16:00
940GZZLUBNK,Bank,SUN,18:30-18:45,18:30,0.05,11:45-13:45,14:00-16:00
940GZZLUBNK,Bank,SUN,18:45-19:00,18:45,0.05,11:45-13:45,14:00-16:00
940GZZLUBNK,Bank,SUN,19:00-19:15,19:00,0.05,11:45-13:45,14:00-16:00
940GZZLUBNK,Bank,SUN,19:15-19:30,19:15,0.04,11:45-13:45,14:00-16:00
940GZZLUBNK,Bank,SUN,19:30-19:45,19:30,0.04,11:45-13:45,14:00-16:00
940GZZLUBNK,Bank,SUN,19:45-20:00,19:45,0.04,11:45-13:45,14:00-16:00
940GZZLUBNK,Bank,SUN,20:00-20:15,20:00,0.04,11:45-13:45,14:00-16:00
940GZZLUBNK,Bank,SUN,20:15-20:30,20:15,0.03,11:45-13:45,14:00-16:00
940GZZLUBNK,Bank,SUN,20:30-20:45,20:30,0.03,11:45-13:45,14:00-16:00
940GZZLUBNK,Bank,SUN,20:45-21:00,20:45,0.03,11:45-13:45,14:00-16:00
940GZZLUBNK,Bank,SUN,21:00-21:15,21:00,0.03,11:45-13:45,14:00-16:00
940GZZLUBNK,Bank,SUN,21:15-21:30,21:15,0.03,11:45-13:45,14:00-16:00
940GZZLUBNK,Bank,SUN,21:30-21:45,21:30,0.03,11:45-13:45,14:00-16:00
940GZZLUBNK,Bank,SUN,21:45-22:00,21:45,0.02,11:45-13:45,14:00-16:00
940GZZLUBNK,Bank,SUN,22:00-22:15,22:00,0.02,11:45-13:45,14:00-16:00
940GZZLUBNK,Bank,SUN,22:15-22:30,22:15,0.02,11:45-13:45,14:00-16:00
940GZZLUBNK,Bank,SUN,22:30-22:45,22:30,0.02,11:45-13:45,14:00-16:00
940GZZLUBNK,Bank,SUN,22:45-23:00,22:45,0.02,11:45-13:45,14:00-16:00
940GZZLUBNK,Bank,SUN,23:00-23:15,23:00,0.02,11:45-13:45,14:00-16:00
940GZZLUBNK,Bank,SUN,23:15-23:30,23:15,0.02,11:45-13:45,14:00-16:00
940GZZLUBNK,Bank,SUN,23:30-23:45,23:30,0.02,11:45-13:45,14:00-16:00
940GZZLUBNK,Bank,SUN,23:45-00:00,23:45,0.02,11:45-13:45,14:00-16:00
940GZZLUBNK,Bank,THU,00:00-00:15,00:00,0.04,07:45-09:45,17:00-19:00
940GZZLUBNK,Bank,THU,00:15-00:30,00:15,0.03,07:45-09:45,17:00-19:00
940GZZLUBNK,Bank,THU,00:30-00:45,00:30,0.02,07:45-09:45,17:00-19:00
940GZZLUBNK,Bank,THU,00:45-01:00,00:45,0.01,07:45-09:45,17:00-19:00
940GZZLUBNK,Bank,THU,01:00-01:15,01:00,0.01,07:45-09:45,17:00-19:00
940GZZLUBNK,Bank,THU,01:15-01:30,01:15,0,07:45-09:45,17:00-19:00
940GZZLUBNK,Bank,THU,01:30-01:45,01:30,0,07:45-09:45,17:00-19:00
940GZZLUBNK,Bank,THU,01:45-02:00,01:45,0,07:45-09:45,17:00-19:00
940GZZLUBNK,Bank,THU,02:00-02:15,02:00,0,07:45-09:45,17:00-19:00
940GZZLUBNK,Bank,THU,02:15-02:30,02:15,0,07:45-09:45,17:00-19:00
940GZZLUBNK,Bank,THU,02:30-02:45,02:30,0,07:45-09:45,17:00-19:00
940GZZLUBNK,Bank,THU,02:45-03:00,02:45,0,07:45-09:45,17:00-19:00
940GZZLUBNK,Bank,THU,03:00-03:15,03:00,0,07:45-09:45,17:00-19:00
940GZZLUBNK,Bank,THU,03:15-03:30,03:15,0,07:45-09:45,17:00-19:00
940GZZLUBNK,Bank,THU,03:30-03:45,03:30,0,07:45-09:45,17:00-19:00
940GZZLUBNK,Bank,THU,03:45-04:00,03:45,0,07:45-09:45,17:00-19:00
940GZZLUBNK,Bank,THU,04:00-04:15,04:00,0,07:45-09:45,17:00-19:00
940GZZLUBNK,Bank,THU,04:15-04:30,04:15,0,07:45-09:45,17:00-19:00
940GZZLUBNK,Bank,THU,04:30-04:45,04:30,0,07:45-09:45,17:00-19:00
940GZZLUBNK,Bank,THU,04:45-05:00,04:45,0,07:45-09:45,17:00-19:00
940GZZLUBNK,Bank,THU,05:00-05:15,05:00,0,07:45-09:45,17:00-19:00
940GZZLUBNK,Bank,THU,05:15-05:30,05:15,0,07:45-09:45,17:00-19:00
940GZZLUBNK,Bank,THU,05:30-05:45,05:30,0,07:45-09:45,17:00-19:00
940GZZLUBNK,Bank,THU,05:45-06:00,05:45,0.01,07:45-09:45,17:00-19:00
940GZZLUBNK,Bank,THU,06:00-06:15,06:00,0.02,07:45-09:45,17:00-19:00
940GZZLUBNK,Bank,THU,06:15-06:30,06:15,0.04,07:45-09:45,17:00-19:00
940GZZLUBNK,Bank,THU,06:30-06:45,06:30,0.06,07:45-09:45,17:00-19:00
940GZZLUBNK,Bank,THU,06:45-07:00,06:45,0.08,07:45-09:45,17:00-19:00
940GZZLUBNK,Bank,THU,07:00-07:15,07:00,0.12,07:45-09:45,17:00-19:00
940GZZLUBNK,Bank,THU,07:15-07:30,07:15,0.17,07:45-09:45,17:00-19:00
940GZZLUBNK,Bank,THU,07:30-07:45,07:30,0.21,07:45-09:45,17:00-19:00
940GZZLUBNK,Bank,THU,07:45-08:00,07:45,0.23,07:45-09:45,17:00-19:00
940GZZLUBNK,Bank,THU,08:00-08:15,08:00,0.25,07:45-09:45,17:00-19:00
940GZZLUBNK,Bank,THU,08:15-08:30,08:15,0.26,07:45-09:45,17:00-19:00
940GZZLUBNK,Bank,THU,08:30-08:45,08:30,0.27,07:45-09:45,17:00-19:00
940GZZLUBNK,Bank,THU,08:45-09:00,08:45,0.26,07:45-09:45,17:00-19:00
940GZZLUBNK,Bank,THU,09:00-09:15,09:00,0.26,07:45-09:45,17:00-19:00
940GZZLUBNK,Bank,THU,09:15-09:30,09:15,0.26,07:45-09:45,17:00-19:00
940GZZLUBNK,Bank,THU,09:30-09:45,09:30,0.24,07:45-09:45,17:00-19:00
940GZZLUBNK,Bank,THU,09:45-10:00,09:45,0.21,07:45-09:45,17:00-19:00
940GZZLUBNK,Bank,THU,10:00-10:15,10:00,0.17,07:45-09:45,17:00-19:00
940GZZLUBNK,Bank,THU,10:15-10:30,10:15,0.15,07:45-09:45,17:00-19:00
940GZZLUBNK,Bank,THU,10:30-10:45,10:30,0.14,07:45-09:45,17:00-19:00
940GZZLUBNK,Bank,THU,10:45-11:00,10:45,0.12,07:45-09:45,17:00-19:00
940GZZLUBNK,Bank,THU,11:00-11:15,11:00,0.11,07:45-09:45,17:00-19:00
940GZZLUBNK,Bank,THU,11:15-11:30,11:15,0.11,07:45-09:45,17:00-19:00
940GZZLUBNK,Bank,THU,11:30-11:45,11:30,0.11,07:45-09:45,17:00-19:00
940GZZLUBNK,Bank,THU,11:45-12:00,11:45,0.11,07:45-09:45,17:00-19:00
940GZZLUBNK,Bank,THU,12:00-12:15,12:00,0.12,07:45-09:45,17:00-19:00
940GZZLUBNK,Bank,THU,12:15-12:30,12:15,0.13,07:45-09:45,17:00-19:00
940GZZLUBNK,Bank,THU,12:30-12:45,12:30,0.13,07:45-09:45,17:00-19:00
940GZZLUBNK,Bank,THU,12:45-13:00,12:45,0.13,07:45-09:45,17:00-19:00
940GZZLUBNK,Bank,THU,13:00-13:15,13:00,0.13,07:45-09:45,17:00-19:00
940GZZLUBNK,Bank,THU,13:15-13:30,13:15,0.12,07:45-09:45,17:00-19:00
940GZZLUBNK,Bank,THU,13:30-13:45,13:30,0.12,07:45-09:45,17:00-19:00
940GZZLUBNK,Bank,THU,13:45-14:00,13:45,0.12,07:45-09:45,17:00-19:00
940GZZLUBNK,Bank,THU,14:00-14:15,14:00,0.12,07:45-09:45,17:00-19:00
940GZZLUBNK,Bank,THU,14:15-14:30,14:15,0.12,07:45-09:45,17:00-19:00
940GZZLUBNK,Bank,THU,14:30-14:45,14:30,0.12,07:45-09:45,17:00-19:00
940GZZLUBNK,Bank,THU,14:45-15:00,14:45,0.12,07:45-09:45,17:00-19:00
940GZZLUBNK,Bank,THU,15:00-15:15,15:00,0.12,07:45-09:45,17:00-19:00
940GZZLUBNK,Bank,THU,15:15-15:30,15:15,0.13,07:45-09:45,17:00-19:00
940GZZLUBNK,Bank,THU,15:30-15:45,15:30,0.14,07:45-09:45,17:00-19:00
940GZZLUBNK,Bank,THU,15:45-16:00,15:45,0.16,07:45-09:45,17:00-19:00
940GZZLUBNK,Bank,THU,16:00-16:15,16:00,0.17,07:45-09:45,17:00-19:00
940GZZLUBNK,Bank,THU,16:15-16:30,16:15,0.19,07:45-09:45,17:00-19:00
940GZZLUBNK,Bank,THU,16:30-16:45,16:30,0.21,07:45-09:45,17:00-19:00
940GZZLUBNK,Bank,THU,16:45-17:00,16:45,0.23,07:45-09:45,17:00-19:00
940GZZLUBNK,Bank,THU,17:00-17:15,17:00,0.24,07:45-09:45,17:00-19:00
940GZZLUBNK,Bank,THU,17:15-17:30,17:15,0.25,07:45-09:45,17:00-19:00
940GZZLUBNK,Bank,THU,17:30-17:45,17:30,0.25,07:45-09:45,17:00-19:00
940GZZLUBNK,Bank,THU,17:45-18:00,17:45,0.26,07:45-09:45,17:00-19:00
940GZZLUBNK,Bank,THU,18:00-18:15,18:00,0.27,07:45-09:45,17:00-19:00
940GZZLUBNK,Bank,THU,18:15-18:30,18:15,0.27,07:45-09:45,17:00-19:00
940GZZLUBNK,Bank,THU,18:30-18:45,18:30,0.27,07:45-09:45,17:00-19:00
940GZZLUBNK,Bank,THU,18:45-19:00,18:45,0.25,07:45-09:45,17:00-19:00
940GZZLUBNK,Bank,THU,19:00-19:15,19:00,0.22,07:45-09:45,17:00-19:00
940GZZLUBNK,Bank,THU,19:15-19:30,19:15,0.19,07:45-09:45,17:00-19:00
940GZZLUBNK,Bank,THU,19:30-19:45,19:30,0.16,07:45-09:45,17:00-19:00
940GZZLUBNK,Bank,THU,19:45-20:00,19:45,0.15,07:45-09:45,17:00-19:00
940GZZLUBNK,Bank,THU,20:00-20:15,20:00,0.14,07:45-09:45,17:00-19:00
940GZZLUBNK,Bank,THU,20:15-20:30,20:15,0.14,07:45-09:45,17:00-19:00
940GZZLUBNK,Bank,THU,20:30-20:45,20:30,0.14,07:45-09:45,17:00-19:00
940GZZLUBNK,Bank,THU,20:45-21:00,20:45,0.13,07:45-09:45,17:00-19:00
940GZZLUBNK,Bank,THU,21:00-21:15,21:00,0.13,07:45-09:45,17:00-19:00
940GZZLUBNK,Bank,THU,21:15-21:30,21:15,0.12,07:45-09:45,17:00-19:00
940GZZLUBNK,Bank,THU,21:30-21:45,21:30,0.12,07:45-09:45,17:00-19:00
940GZZLUBNK,Bank,THU,21:45-22:00,21:45,0.12,07:45-09:45,17:00-19:00
940GZZLUBNK,Bank,THU,22:00-22:15,22:00,0.11,07:45-09:45,17:00-19:00
940GZZLUBNK,Bank,THU,22:15-22:30,22:15,0.11,07:45-09:45,17:00-19:00
940GZZLUBNK,Bank,THU,22:30-22:45,22:30,0.1,07:45-09:45,17:00-19:00
940GZZLUBNK,Bank,THU,22:45-23:00,22:45,0.1,07:45-09:45,17:00-19:00
940GZZLUBNK,Bank,THU,23:00-23:15,23:00,0.09,07:45-09:45,17:00-19:00
940GZZLUBNK,Bank,THU,23:15-23:30,23:15,0.08,07:45-09:45,17:00-19:00
940GZZLUBNK,Bank,THU,23:30-23:45,23:30,0.07,07:45-09:45,17:00-19:00
940GZZLUBNK,Bank,THU,23:45-00:00,23:45,0.06,07:45-09:45,17:00-19:00
940GZZLUBNK,Bank,WED,00:00-00:15,00:00,0.03,07:45-09:45,16:45-18:45
940GZZLUBNK,Bank,WED,00:15-00:30,00:15,0.02,07:45-09:45,16:45-18:45
940GZZLUBNK,Bank,WED,00:30-00:45,00:30,0.01,07:45-09:45,16:45-18:45
940GZZLUBNK,Bank,WED,00:45-01:00,00:45,0.01,07:45-09:45,16:45-18:45
940GZZLUBNK,Bank,WED,01:00-01:15,01:00,0,07:45-09:45,16:45-18:45
940GZZLUBNK,Bank,WED,01:15-01:30,01:15,0,07:45-09:45,16:45-18:45
940GZZLUBNK,Bank,WED,01:30-01:45,01:30,0,07:45-09:45,16:45-18:45
940GZZLUBNK,Bank,WED,01:45-02:00,01:45,0,07:45-09:45,16:45-18:45
940GZZLUBNK,Bank,WED,02:00-02:15,02:00,0,07:45-09:45,16:45-18:45
940GZZLUBNK,Bank,WED,02:15-02:30,02:15,0,07:45-09:45,16:45-18:45
940GZZLUBNK,Bank,WED,02:30-02:45,02:30,0,07:45-09:45,16:45-18:45
940GZZLUBNK,Bank,WED,02:45-03:00,02:45,0,07:45-09:45,16:45-18:45
940GZZLUBNK,Bank,WED,03:00-03:15,03:00,0,07:45-09:45,16:45-18:45
940GZZLUBNK,Bank,WED,03:15-03:30,03:15,0,07:45-09:45,16:45-18:45
940GZZLUBNK,Bank,WED,03:30-03:45,03:30,0,07:45-09:45,16:45-18:45
940GZZLUBNK,Bank,WED,03:45-04:00,03:45,0,07:45-09:45,16:45-18:45
940GZZLUBNK,Bank,WED,04:00-04:15,04:00,0,07:45-09:45,16:45-18:45
940GZZLUBNK,Bank,WED,04:15-04:30,04:15,0,07:45-09:45,16:45-18:45
940GZZLUBNK,Bank,WED,04:30-04:45,04:30,0,07:45-09:45,16:45-18:45
940GZZLUBNK,Bank,WED,04:45-05:00,04:45,0,07:45-09:45,16:45-18:45
940GZZLUBNK,Bank,WED,05:00-05:15,05:00,0,07:45-09:45,16:45-18:45
940GZZLUBNK,Bank,WED,05:15-05:30,05:15,0,07:45-09:45,16:45-18:45
940GZZLUBNK,Bank,WED,05:30-05:45,05:30,0,07:45-09:45,16:45-18:45
940GZZLUBNK,Bank,WED,05:45-06:00,05:45,0.01,07:45-09:45,16:45-18:45
940GZZLUBNK,Bank,WED,06:00-06:15,06:00,0.02,07:45-09:45,16:45-18:45
940GZZLUBNK,Bank,WED,06:15-06:30,06:15,0.04,07:45-09:45,16:45-18:45
940GZZLUBNK,Bank,WED,06:30-06:45,06:30,0.06,07:45-09:45,16:45-18:45
940GZZLUBNK,Bank,WED,06:45-07:00,06:45,0.08,07:45-09:45,16:45-18:45
940GZZLUBNK,Bank,WED,07:00-07:15,07:00,0.12,07:45-09:45,16:45-18:45
940GZZLUBNK,Bank,WED,07:15-07:30,07:15,0.18,07:45-09:45,16:45-18:45
940GZZLUBNK,Bank,WED,07:30-07:45,07:30,0.22,07:45-09:45,16:45-18:45
940GZZLUBNK,Bank,WED,07:45-08:00,07:45,0.23,07:45-09:45,16:45-18:45
940GZZLUBNK,Bank,WED,08:00-08:15,08:00,0.22,07:45-09:45,16:45-18:45
940GZZLUBNK,Bank,WED,08:15-08:30,08:15,0.2,07:45-09:45,16:45-18:45
940GZZLUBNK,Bank,WED,08:30-08:45,08:30,0.19,07:45-09:45,16:45-18:45
940GZZLUBNK,Bank,WED,08:45-09:00,08:45,0.19,07:45-09:45,16:45-18:45
940GZZLUBNK,Bank,WED,09:00-09:15,09:00,0.21,07:45-09:45,16:45-18:45
940GZZLUBNK,Bank,WED,09:15-09:30,09:15,0.24,07:45-09:45,16:45-18:45
940GZZLUBNK,Bank,WED,09:30-09:45,09:30,0.25,07:45-09:45,16:45-18:45
940GZZLUBNK,Bank,WED,09:45-10:00,09:45,0.22,07:45-09:45,16:45-18:45
940GZZLUBNK,Bank,WED,10:00-10:15,10:00,0.18,07:45-09:45,16:45-18:45
940GZZLUBNK,Bank,WED,10:15-10:30,10:15,0.14,07:45-09:45,16:45-18:45
940GZZLUBNK,Bank,WED,10:30-10:45,10:30,0.12,07:45-09:45,16:45-18:45
940GZZLUBNK,Bank,WED,10:45-11:00,10:45,0.11,07:45-09:45,16:45-18:45
940GZZLUBNK,Bank,WED,11:00-11:15,11:00,0.1,07:45-09:45,16:45-18:45
940GZZLUBNK,Bank,WED,11:15-11:30,11:15,0.1,07:45-09:45,16:45-18:45
940GZZLUBNK,Bank,WED,11:30-11:45,11:30,0.1,07:45-09:45,16:45-18:45
940GZZLUBNK,Bank,WED,11:45-12:00,11:45,0.1,07:45-09:45,16:45-18:45
940GZZLUBNK,Bank,WED,12:00-12:15,12:00,0.11,07:45-09:45,16:45-18:45
940GZZLUBNK,Bank,WED,12:15-12:30,12:15,0.11,07:45-09:45,16:45-18:45
940GZZLUBNK,Bank,WED,12:30-12:45,12:30,0.11,07:45-09:45,16:45-18:45
940GZZLUBNK,Bank,WED,12:45-13:00,12:45,0.11,07:45-09:45,16:45-18:45
940GZZLUBNK,Bank,WED,13:00-13:15,13:00,0.11,07:45-09:45,16:45-18:45
940GZZLUBNK,Bank,WED,13:15-13:30,13:15,0.11,07:45-09:45,16:45-18:45
940GZZLUBNK,Bank,WED,13:30-13:45,13:30,0.11,07:45-09:45,16:45-18:45
940GZZLUBNK,Bank,WED,13:45-14:00,13:45,0.11,07:45-09:45,16:45-18:45
940GZZLUBNK,Bank,WED,14:00-14:15,14:00,0.11,07:45-09:45,16:45-18:45
940GZZLUBNK,Bank,WED,14:15-14:30,14:15,0.11,07:45-09:45,16:45-18:45
940GZZLUBNK,Bank,WED,14:30-14:45,14:30,0.11,07:45-09:45,16:45-18:45
940GZZLUBNK,Bank,WED,14:45-15:00,14:45,0.11,07:45-09:45,16:45-18:45
940GZZLUBNK,Bank,WED,15:00-15:15,15:00,0.12,07:45-09:45,16:45-18:45
940GZZLUBNK,Bank,WED,15:15-15:30,15:15,0.12,07:45-09:45,16:45-18:45
940GZZLUBNK,Bank,WED,15:30-15:45,15:30,0.14,07:45-09:45,16:45-18:45
940GZZLUBNK,Bank,WED,15:45-16:00,15:45,0.15,07:45-09:45,16:45-18:45
940GZZLUBNK,Bank,WED,16:00-16:15,16:00,0.16,07:45-09:45,16:45-18:45
940GZZLUBNK,Bank,WED,16:15-16:30,16:15,0.18,07:45-09:45,16:45-18:45
940GZZLUBNK,Bank,WED,16:30-16:45,16:30,0.2,07:45-09:45,16:45-18:45
940GZZLUBNK,Bank,WED,16:45-17:00,16:45,0.22,07:45-09:45,16:45-18:45
940GZZLUBNK,Bank,WED,17:00-17:15,17:00,0.23,07:45-09:45,16:45-18:45
940GZZLUBNK,Bank,WED,17:15-17:30,17:15,0.24,07:45-09:45,16:45-18:45
940GZZLUBNK,Bank,WED,17:30-17:45,17:30,0.26,07:45-09:45,16:45-18:45
940GZZLUBNK,Bank,WED,17:45-18:00,17:45,0.25,07:45-09:45,16:45-18:45
940GZZLUBNK,Bank,WED,18:00-18:15,18:00,0.24,07:45-09:45,16:45-18:45
940GZZLUBNK,Bank,WED,18:15-18:30,18:15,0.23,07:45-09:45,16:45-18:45
940GZZLUBNK,Bank,WED,18:30-18:45,18:30,0.22,07:45-09:45,16:45-18:45
940GZZLUBNK,Bank,WED,18:45-19:00,18:45,0.2,07:45-09:45,16:45-18:45
940GZZLUBNK,Bank,WED,19:00-19:15,19:00,0.18,07:45-09:45,16:45-18:45
940GZZLUBNK,Bank,WED,19:15-19:30,19:15,0.17,07:45-09:45,16:45-18:45
940GZZLUBNK,Bank,WED,19:30-19:45,19:30,0.16,07:45-09:45,16:45-18:45
940GZZLUBNK,Bank,WED,19:45-20:00,19:45,0.15,07:45-09:45,16:45-18:45
940GZZLUBNK,Bank,WED,20:00-20:15,20:00,0.14,07:45-09:45,16:45-18:45
940GZZLUBNK,Bank,WED,20:15-20:30,20:15,0.13,07:45-09:45,16:45-18:45
940GZZLUBNK,Bank,WED,20:30-20:45,20:30,0.12,07:45-09:45,16:45-18:45
940GZZLUBNK,Bank,WED,20:45-21:00,20:45,0.11,07:45-09:45,16:45-18:45
940GZZLUBNK,Bank,WED,21:00-21:15,21:00,0.11,07:45-09:45,16:45-18:45
940GZZLUBNK,Bank,WED,21:15-21:30,21:15,0.1,07:45-09:45,16:45-18:45
940GZZLUBNK,Bank,WED,21:30-21:45,21:30,0.1,07:45-09:45,16:45-18:45
940GZZLUBNK,Bank,WED,21:45-22:00,21:45,0.09,07:45-09:45,16:45-18:45
940GZZLUBNK,Bank,WED,22:00-22:15,22:00,0.09,07:45-09:45,16:45-18:45
940GZZLUBNK,Bank,WED,22:15-22:30,22:15,0.08,07:45-09:45,16:45-18:45
940GZZLUBNK,Bank,WED,22:30-22:45,22:30,0.07,07:45-09:45,16:45-18:45
940GZZLUBNK,Bank,WED,22:45-23:00,22:45,0.07,07:45-09:45,16:45-18:45
940GZZLUBNK,Bank,WED,23:00-23:15,23:00,0.06,07:45-09:45,16:45-18:45
940GZZLUBNK,Bank,WED,23:15-23:30,23:15,0.05,07:45-09:45,16:45-18:45
940GZZLUBNK,Bank,WED,23:30-23:45,23:30,0.05,07:45-09:45,16:45-18:45
940GZZLUBNK,Bank,WED,23:45-00:00,23:45,0.04,07:45-09:45,16:45-18:45
940GZZLUCYF,Canary Wharf,MON,00:00-00:15,00:00,0.02,08:00-10:00,17:00-19:00
940GZZLUCYF,Canary Wharf,MON,00:15-00:30,00:15,0.01,08:00-10:00,17:00-19:00
940GZZLUCYF,Canary Wharf,MON,00:30-00:45,00:30,0.01,08:00-10:00,17:00-19:00
940GZZLUCYF,Canary Wharf,MON,00:45-01:00,00:45,0.01,08:00-10:00,17:00-19:00
940GZZLUCYF,Canary Wharf,MON,01:00-01:15,01:00,0.01,08:00-10:00,17:00-19:00
940GZZLUCYF,Canary Wharf,MON,01:15-01:30,01:15,0,08:00-10:00,17:00-19:00
940GZZLUCYF,Canary Wharf,MON,01:30-01:45,01:30,0,08:00-10:00,17:00-19:00
940GZZLUCYF,Canary Wharf,MON,01:45-02:00,01:45,0,08:00-10:00,17:00-19:00
940GZZLUCYF,Canary Wharf,MON,02:00-02:15,02:00,0,08:00-10:00,17:00-19:00
940GZZLUCYF,Canary Wharf,MON,02:15-02:30,02:15,0,08:00-10:00,17:00-19:00
940GZZLUCYF,Canary Wharf,MON,02:30-02:45,02:30,0,08:00-10:00,17:00-19:00
940GZZLUCYF,Canary Wharf,MON,02:45-03:00,02:45,0,08:00-10:00,17:00-19:00
940GZZLUCYF,Canary Wharf,MON,03:00-03:15,03:00,0,08:00-10:00,17:00-19:00
940GZZLUCYF,Canary Wharf,MON,03:15-03:30,03:15,0,08:00-10:00,17:00-19:00
940GZZLUCYF,Canary Wharf,MON,03:30-03:45,03:30,0,08:00-10:00,17:00-19:00
940GZZLUCYF,Canary Wharf,MON,03:45-04:00,03:45,0,08:00-10:00,17:00-19:00
940GZZLUCYF,Canary Wharf,MON,04:00-04:15,04:00,0,08:00-10:00,17:00-19:00
940GZZLUCYF,Canary Wharf,MON,04:15-04:30,04:15,0,08:00-10:00,17:00-19:00
940GZZLUCYF,Canary Wharf,MON,04:30-04:45,04:30,0,08:00-10:00,17:00-19:00
940GZZLUCYF,Canary Wharf,MON,04:45-05:00,04:45,0,08:00-10:00,17:00-19:00
940GZZLUCYF,Canary Wharf,MON,05:00-05:15,05:00,0,08:00-10:00,17:00-19:00
940GZZLUCYF,Canary Wharf,MON,05:15-05:30,05:15,0.01,08:00-10:00,17:00-19:00
940GZZLUCYF,Canary Wharf,MON,05:30-05:45,05:30,0.01,08:00-10:00,17:00-19:00
940GZZLUCYF,Canary Wharf,MON,05:45-06:00,05:45,0.02,08:00-10:00,17:00-19:00
940GZZLUCYF,Canary Wharf,MON,06:00-06:15,06:00,0.02,08:00-10:00,17:00-19:00
940GZZLUCYF,Canary Wharf,MON,06:15-06:30,06:15,0.04,08:00-10:00,17:00-19:00
940GZZLUCYF,Canary Wharf,MON,06:30-06:45,06:30,0.05,08:00-10:00,17:00-19:00
940GZZLUCYF,Canary Wharf,MON,06:45-07:00,06:45,0.07,08:00-10:00,17:00-19:00
940GZZLUCYF,Canary Wharf,MON,07:00-07:15,07:00,0.1,08:00-10:00,17:00-19:00
940GZZLUCYF,Canary Wharf,MON,07:15-07:30,07:15,0.12,08:00-10:00,17:00-19:00
940GZZLUCYF,Canary Wharf,MON,07:30-07:45,07:30,0.14,08:00-10:00,17:00-19:00
940GZZLUCYF,Canary Wharf,MON,07:45-08:00,07:45,0.17,08:00-10:00,17:00-19:00
940GZZLUCYF,Canary Wharf,MON,08:00-08:15,08:00,0.2,08:00-10:00,17:00-19:00
940GZZLUCYF,Canary Wharf,MON,08:15-08:30,08:15,0.23,08:00-10:00,17:00-19:00
940GZZLUCYF,Canary Wharf,MON,08:30-08:45,08:30,0.26,08:00-10:00,17:00-19:00
940GZZLUCYF,Canary Wharf,MON,08:45-09:00,08:45,0.28,08:00-10:00,17:00-19:00
940GZZLUCYF,Canary Wharf,MON,09:00-09:15,09:00,0.28,08:00-10:00,17:00-19:00
940GZZLUCYF,Canary Wharf,MON,09:15-09:30,09:15,0.25,08:00-10:00,17:00-19:00
940GZZLUCYF,Canary Wharf,MON,09:30-09:45,09:30,0.21,08:00-10:00,17:00-19:00
940GZZLUCYF,Canary Wharf,MON,09:45-10:00,09:45,0.17,08:00-10:00,17:00-19:00
940GZZLUCYF,Canary Wharf,MON,10:00-10:15,10:00,0.13,08:00-10:00,17:00-19:00
940GZZLUCYF,Canary Wharf,MON,10:15-10:30,10:15,0.1,08:00-10:00,17:00-19:00
940GZZLUCYF,Canary Wharf,MON,10:30-10:45,10:30,0.09,08:00-10:00,17:00-19:00
940GZZLUCYF,Canary Wharf,MON,10:45-11:00,10:45,0.08,08:00-10:00,17:00-19:00
940GZZLUCYF,Canary Wharf,MON,11:00-11:15,11:00,0.08,08:00-10:00,17:00-19:00
940GZZLUCYF,Canary Wharf,MON,11:15-11:30,11:15,0.08,08:00-10:00,17:00-19:00
940GZZLUCYF,Canary Wharf,MON,11:30-11:45,11:30,0.08,08:00-10:00,17:00-19:00
940GZZLUCYF,Canary Wharf,MON,11:45-12:00,11:45,0.09,08:00-10:00,17:00-19:00
940GZZLUCYF,Canary Wharf,MON,12:00-12:15,12:00,0.09,08:00-10:00,17:00-19:00
940GZZLUCYF,Canary Wharf,MON,12:15-12:30,12:15,0.1,08:00-10:00,17:00-19:00
940GZZLUCYF,Canary Wharf,MON,12:30-12:45,12:30,0.1,08:00-10:00,17:00-19:00
940GZZLUCYF,Canary Wharf,MON,12:45-13:00,12:45,0.1,08:00-10:00,17:00-19:00
940GZZLUCYF,Canary Wharf,MON,13:00-13:15,13:00,0.1,08:00-10:00,17:00-19:00
940GZZLUCYF,Canary Wharf,MON,13:15-13:30,13:15,0.1,08:00-10:00,17:00-19:00
940GZZLUCYF,Canary Wharf,MON,13:30-13:45,13:30,0.1,08:00-10:00,17:00-19:00
940GZZLUCYF,Canary Wharf,MON,13:45-14:00,13:45,0.1,08:00-10:00,17:00-19:00
940GZZLUCYF,Canary Wharf,MON,14:00-14:15,14:00,0.1,08:00-10:00,17:00-19:00
940GZZLUCYF,Canary Wharf,MON,14:15-14:30,14:15,0.1,08:00-10:00,17:00-19:00
940GZZLUCYF,Canary Wharf,MON,14:30-14:45,14:30,0.1,08:00-10:00,17:00-19:00
940GZZLUCYF,Canary Wharf,MON,14:45-15:00,14:45,0.1,08:00-10:00,17:00-19:00
940GZZLUCYF,Canary Wharf,MON,15:00-15:15,15:00,0.11,08:00-10:00,17:00-19:00
940GZZLUCYF,Canary Wharf,MON,15:15-15:30,15:15,0.11,08:00-10:00,17:00-19:00
940GZZLUCYF,Canary Wharf,MON,15:30-15:45,15:30,0.12,08:00-10:00,17:00-19:00
940GZZLUCYF,Canary Wharf,MON,15:45-16:00,15:45,0.13,08:00-10:00,17:00-19:00
940GZZLUCYF,Canary Wharf,MON,16:00-16:15,16:00,0.14,08:00-10:00,17:00-19:00
940GZZLUCYF,Canary Wharf,MON,16:15-16:30,16:15,0.15,08:00-10:00,17:00-19:00
940GZZLUCYF,Canary Wharf,MON,16:30-16:45,16:30,0.18,08:00-10:00,17:00-19:00
940GZZLUCYF,Canary Wharf,MON,16:45-17:00,16:45,0.21,08:00-10:00,17:00-19:00
940GZZLUCYF,Canary Wharf,MON,17:00-17:15,17:00,0.24,08:00-10:00,17:00-19:00
940GZZLUCYF,Canary Wharf,MON,17:15-17:30,17:15,0.27,08:00-10:00,17:00-19:00
940GZZLUCYF,Canary Wharf,MON,17:30-17:45,17:30,0.3,08:00-10:00,17:00-19:00
940GZZLUCYF,Canary Wharf,MON,17:45-18:00,17:45,0.31,08:00-10:00,17:00-19:00
940GZZLUCYF,Canary Wharf,MON,18:00-18:15,18:00,0.3,08:00-10:00,17:00-19:00
940GZZLUCYF,Canary Wharf,MON,18:15-18:30,18:15,0.27,08:00-10:00,17:00-19:00
940GZZLUCYF,Canary Wharf,MON,18:30-18:45,18:30,0.25,08:00-10:00,17:00-19:00
940GZZLUCYF,Canary Wharf,MON,18:45-19:00,18:45,0.22,08:00-10:00,17:00-19:00
940GZZLUCYF,Canary Wharf,MON,19:00-19:15,19:00,0.2,08:00-10:00,17:00-19:00
940GZZLUCYF,Canary Wharf,MON,19:15-19:30,19:15,0.17,08:00-10:00,17:00-19:00
940GZZLUCYF,Canary Wharf,MON,19:30-19:45,19:30,0.15,08:00-10:00,17:00-19:00
940GZZLUCYF,Canary Wharf,MON,19:45-20:00,19:45,0.13,08:00-10:00,17:00-19:00
940GZZLUCYF,Canary Wharf,MON,20:00-20:15,20:00,0.11,08:00-10:00,17:00-19:00
940GZZLUCYF,Canary Wharf,MON,20:15-20:30,20:15,0.1,08:00-10:00,17:00-19:00
940GZZLUCYF,Canary Wharf,MON,20:30-20:45,20:30,0.09,08:00-10:00,17:00-19:00
940GZZLUCYF,Canary Wharf,MON,20:45-21:00,20:45,0.08,08:00-10:00,17:00-19:00
940GZZLUCYF,Canary Wharf,MON,21:00-21:15,21:00,0.07,08:00-10:00,17:00-19:00
940GZZLUCYF,Canary Wharf,MON,21:15-21:30,21:15,0.06,08:00-10:00,17:00-19:00
940GZZLUCYF,Canary Wharf,MON,21:30-21:45,21:30,0.06,08:00-10:00,17:00-19:00
940GZZLUCYF,Canary Wharf,MON,21:45-22:00,21:45,0.06,08:00-10:00,17:00-19:00
940GZZLUCYF,Canary Wharf,MON,22:00-22:15,22:00,0.06,08:00-10:00,17:00-19:00
940GZZLUCYF,Canary Wharf,MON,22:15-22:30,22:15,0.05,08:00-10:00,17:00-19:00
940GZZLUCYF,Canary Wharf,MON,22:30-22:45,22:30,0.05,08:00-10:00,17:00-19:00
940GZZLUCYF,Canary Wharf,MON,22:45-23:00,22:45,0.05,08:00-10:00,17:00-19:00
940GZZLUCYF,Canary Wharf,MON,23:00-23:15,23:00,0.04,08:00-10:00,17:00-19:00
940GZZLUCYF,Canary Wharf,MON,23:15-23:30,23:15,0.04,08:00-10:00,17:00-19:00
940GZZLUCYF,Canary Wharf,MON,23:30-23:45,23:30,0.03,08:00-10:00,17:00-19:00
940GZZLUCYF,Canary Wharf,MON,23:45-00:00,23:45,0.02,08:00-10:00,17:00-19:00
940GZZLUCYF,Canary Wharf,FRI,00:00-00:15,00:00,0.06,08:00-10:00,17:00-19:00
940GZZLUCYF,Canary Wharf,FRI,00:15-00:30,00:15,0.05,08:00-10:00,17:00-19:00
940GZZLUCYF,Canary Wharf,FRI,00:30-00:45,00:30,0.04,08:00-10:00,17:00-19:00
940GZZLUCYF,Canary Wharf,FRI,00:45-01:00,00:45,0.03,08:00-10:00,17:00-19:00
940GZZLUCYF,Canary Wharf,FRI,01:00-01:15,01:00,0.02,08:00-10:00,17:00-19:00
940GZZLUCYF,Canary Wharf,FRI,01:15-01:30,01:15,0.01,08:00-10:00,17:00-19:00
940GZZLUCYF,Canary Wharf,FRI,01:30-01:45,01:30,0.01,08:00-10:00,17:00-19:00
940GZZLUCYF,Canary Wharf,FRI,01:45-02:00,01:45,0,08:00-10:00,17:00-19:00
940GZZLUCYF,Canary Wharf,FRI,02:00-02:15,02:00,0,08:00-10:00,17:00-19:00
940GZZLUCYF,Canary Wharf,FRI,02:15-02:30,02:15,0,08:00-10:00,17:00-19:00
940GZZLUCYF,Canary Wharf,FRI,02:30-02:45,02:30,0,08:00-10:00,17:00-19:00
940GZZLUCYF,Canary Wharf,FRI,02:45-03:00,02:45,0,08:00-10:00,17:00-19:00
940GZZLUCYF,Canary Wharf,FRI,03:00-03:15,03:00,0,08:00-10:00,17:00-19:00
940GZZLUCYF,Canary Wharf,FRI,03:15-03:30,03:15,0,08:00-10:00,17:00-19:00
940GZZLUCYF,Canary Wharf,FRI,03:30-03:45,03:30,0,08:00-10:00,17:00-19:00
940GZZLUCYF,Canary Wharf,FRI,03:45-04:00,03:45,0,08:00-10:00,17:00-19:00
940GZZLUCYF,Canary Wharf,FRI,04:00-04:15,04:00,0,08:00-10:00,17:00-19:00
940GZZLUCYF,Canary Wharf,FRI,04:15-04:30,04:15,0,08:00-10:00,17:00-19:00
940GZZLUCYF,Canary Wharf,FRI,04:30-04:45,04:30,0,08:00-10:00,17:00-19:00
940GZZLUCYF,Canary Wharf,FRI,04:45-05:00,04:45,0,08:00-10:00,17:00-19:00
940GZZLUCYF,Canary Wharf,FRI,05:00-05:15,05:00,0,08:00-10:00,17:00-19:00
940GZZLUCYF,Canary Wharf,FRI,05:15-05:30,05:15,0.01,08:00-10:00,17:00-19:00
940GZZLUCYF,Canary Wharf,FRI,05:30-05:45,05:30,0.01,08:00-10:00,17:00-19:00
940GZZLUCYF,Canary Wharf,FRI,05:45-06:00,05:45,0.02,08:00-10:00,17:00-19:00
940GZZLUCYF,Canary Wharf,FRI,06:00-06:15,06:00,0.03,08:00-10:00,17:00-19:00
940GZZLUCYF,Canary Wharf,FRI,06:15-06:30,06:15,0.04,08:00-10:00,17:00-19:00
940GZZLUCYF,Canary Wharf,FRI,06:30-06:45,06:30,0.06,08:00-10:00,17:00-19:00
940GZZLUCYF,Canary Wharf,FRI,06:45-07:00,06:45,0.07,08:00-10:00,17:00-19:00
940GZZLUCYF,Canary Wharf,FRI,07:00-07:15,07:00,0.1,08:00-10:00,17:00-19:00
940GZZLUCYF,Canary Wharf,FRI,07:15-07:30,07:15,0.12,08:00-10:00,17:00-19:00
940GZZLUCYF,Canary Wharf,FRI,07:30-07:45,07:30,0.13,08:00-10:00,17:00-19:00
940GZZLUCYF,Canary Wharf,FRI,07:45-08:00,07:45,0.15,08:00-10:00,17:00-19:00
940GZZLUCYF,Canary Wharf,FRI,08:00-08:15,08:00,0.17,08:00-10:00,17:00-19:00
940GZZLUCYF,Canary Wharf,FRI,08:15-08:30,08:15,0.19,08:00-10:00,17:00-19:00
940GZZLUCYF,Canary Wharf,FRI,08:30-08:45,08:30,0.21,08:00-10:00,17:00-19:00
940GZZLUCYF,Canary Wharf,FRI,08:45-09:00,08:45,0.22,08:00-10:00,17:00-19:00
940GZZLUCYF,Canary Wharf,FRI,09:00-09:15,09:00,0.22,08:00-10:00,17:00-19:00
940GZZLUCYF,Canary Wharf,FRI,09:15-09:30,09:15,0.21,08:00-10:00,17:00-19:00
940GZZLUCYF,Canary Wharf,FRI,09:30-09:45,09:30,0.19,08:00-10:00,17:00-19:00
940GZZLUCYF,Canary Wharf,FRI,09:45-10:00,09:45,0.16,08:00-10:00,17:00-19:00
940GZZLUCYF,Canary Wharf,FRI,10:00-10:15,10:00,0.13,08:00-10:00,17:00-19:00
940GZZLUCYF,Canary Wharf,FRI,10:15-10:30,10:15,0.11,08:00-10:00,17:00-19:00
940GZZLUCYF,Canary Wharf,FRI,10:30-10:45,10:30,0.1,08:00-10:00,17:00-19:00
940GZZLUCYF,Canary Wharf,FRI,10:45-11:00,10:45,0.09,08:00-10:00,17:00-19:00
940GZZLUCYF,Canary Wharf,FRI,11:00-11:15,11:00,0.09,08:00-10:00,17:00-19:00
940GZZLUCYF,Canary Wharf,FRI,11:15-11:30,11:15,0.09,08:00-10:00,17:00-19:00
940GZZLUCYF,Canary Wharf,FRI,11:30-11:45,11:30,0.09,08:00-10:00,17:00-19:00
940GZZLUCYF,Canary Wharf,FRI,11:45-12:00,11:45,0.1,08:00-10:00,17:00-19:00
940GZZLUCYF,Canary Wharf,FRI,12:00-12:15,12:00,0.1,08:00-10:00,17:00-19:00
940GZZLUCYF,Canary Wharf,FRI,12:15-12:30,12:15,0.11,08:00-10:00,17:00-19:00
940GZZLUCYF,Canary Wharf,FRI,12:30-12:45,12:30,0.11,08:00-10:00,17:00-19:00
940GZZLUCYF,Canary Wharf,FRI,12:45-13:00,12:45,0.11,08:00-10:00,17:00-19:00
940GZZLUCYF,Canary Wharf,FRI,13:00-13:15,13:00,0.11,08:00-10:00,17:00-19:00
940GZZLUCYF,Canary Wharf,FRI,13:15-13:30,13:15,0.11,08:00-10:00,17:00-19:00
940GZZLUCYF,Canary Wharf,FRI,13:30-13:45,13:30,0.11,08:00-10:00,17:00-19:00
940GZZLUCYF,Canary Wharf,FRI,13:45-14:00,13:45,0.11,08:00-10:00,17:00-19:00
940GZZLUCYF,Canary Wharf,FRI,14:00-14:15,14:00,0.11,08:00-10:00,17:00-19:00
940GZZLUCYF,Canary Wharf,FRI,14:15-14:30,14:15,0.11,08:00-10:00,17:00-19:00
940GZZLUCYF,Canary Wharf,FRI,14:30-14:45,14:30,0.12,08:00-10:00,17:00-19:00
940GZZLUCYF,Canary Wharf,FRI,14:45-15:00,14:45,0.12,08:00-10:00,17:00-19:00
940GZZLUCYF,Canary Wharf,FRI,15:00-15:15,15:00,0.12,08:00-10:00,17:00-19:00
940GZZLUCYF,Canary Wharf,FRI,15:15-15:30,15:15,0.13,08:00-10:00,17:00-19:00
940GZZLUCYF,Canary Wharf,FRI,15:30-15:45,15:30,0.14,08:00-10:00,17:00-19:00
940GZZLUCYF,Canary Wharf,FRI,15:45-16:00,15:45,0.15,08:00-10:00,17:00-19:00
940GZZLUCYF,Canary Wharf,FRI,16:00-16:15,16:00,0.16,08:00-10:00,17:00-19:00
940GZZLUCYF,Canary Wharf,FRI,16:15-16:30,16:15,0.17,08:00-10:00,17:00-19:00
940GZZLUCYF,Canary Wharf,FRI,16:30-16:45,16:30,0.19,08:00-10:00,17:00-19:00
940GZZLUCYF,Canary Wharf,FRI,16:45-17:00,16:45,0.21,08:00-10:00,17:00-19:00
940GZZLUCYF,Canary Wharf,FRI,17:00-17:15,17:00,0.23,08:00-10:00,17:00-19:00
940GZZLUCYF,Canary Wharf,FRI,17:15-17:30,17:15,0.26,08:00-10:00,17:00-19:00
940GZZLUCYF,Canary Wharf,FRI,17:30-17:45,17:30,0.27,08:00-10:00,17:00-19:00
940GZZLUCYF,Canary Wharf,FRI,17:45-18:00,17:45,0.28,08:00-10:00,17:00-19:00
940GZZLUCYF,Canary Wharf,FRI,18:00-18:15,18:00,0.27,08:00-10:00,17:00-19:00
940GZZLUCYF,Canary Wharf,FRI,18:15-18:30,18:15,0.26,08:00-10:00,17:00-19:00
940GZZLUCYF,Canary Wharf,FRI,18:30-18:45,18:30,0.24,08:00-10:00,17:00-19:00
940GZZLUCYF,Canary Wharf,FRI,18:45-19:00,18:45,0.22,08:00-10:00,17:00-19:00
940GZZLUCYF,Canary Wharf,FRI,19:00-19:15,19:00,0.2,08:00-10:00,17:00-19:00
940GZZLUCYF,Canary Wharf,FRI,19:15-19:30,19:15,0.18,08:00-10:00,17:00-19:00
940GZZLUCYF,Canary Wharf,FRI,19:30-19:45,19:30,0.16,08:00-10:00,17:00-19:00
940GZZLUCYF,Canary Wharf,FRI,19:45-20:00,19:45,0.14,08:00-10:00,17:00-19:00
940GZZLUCYF,Canary Wharf,FRI,20:00-20:15,20:00,0.13,08:00-10:00,17:00-19:00
940GZZLUCYF,Canary Wharf,FRI,20:15-20:30,20:15,0.12,08:00-10:00,17:00-19:00
940GZZLUCYF,Canary Wharf,FRI,20:30-20:45,20:30,0.11,08:00-10:00,17:00-19:00
940GZZLUCYF,Canary Wharf,FRI,20:45-21:00,20:45,0.1,08:00-10:00,17:00-19:00
940GZZLUCYF,Canary Wharf,FRI,21:00-21:15,21:00,0.09,08:00-10:00,17:00-19:00
940GZZLUCYF,Canary Wharf,FRI,21:15-21:30,21:15,0.08,08:00-10:00,17:00-19:00
940GZZLUCYF,Canary Wharf,FRI,21:30-21:45,21:30,0.08,08:00-10:00,17:00-19:00
940GZZLUCYF,Canary Wharf,FRI,21:45-22:00,21:45,0.08,08:00-10:00,17:00-19:00
940GZZLUCYF,Canary Wharf,FRI,22:00-22:15,22:00,0.09,08:00-10:00,17:00-19:00
940GZZLUCYF,Canary Wharf,FRI,22:15-22:30,22:15,0.1,08:00-10:00,17:00-19:00
940GZZLUCYF,Canary Wharf,FRI,22:30-22:45,22:30,0.11,08:00-10:00,17:00-19:00
940GZZLUCYF,Canary Wharf,FRI,22:45-23:00,22:45,0.11,08:00-10:00,17:00-19:00
940GZZLUCYF,Canary Wharf,FRI,23:00-23:15,23:00,0.11,08:00-10:00,17:00-19:00
940GZZLUCYF,Canary Wharf,FRI,23:15-23:30,23:15,0.1,08:00-10:00,17:00-19:00
940GZZLUCYF,Canary Wharf,FRI,23:30-23:45,23:30,0.08,08:00-10:00,17:00-19:00
940GZZLUCYF,Canary Wharf,FRI,23:45-00:00,23:45,0.07,08:00-10:00,17:00-19:00
940GZZLUCYF,Canary Wharf,TUE,00:00-00:15,00:00,0.02,08:00-10:00,17:00-19:00
940GZZLUCYF,Canary Wharf,TUE,00:15-00:30,00:15,0.02,08:00-10:00,17:00-19:00
940GZZLUCYF,Canary Wharf,TUE,00:30-00:45,00:30,0.01,08:00-10:00,17:00-19:00
940GZZLUCYF,Canary Wharf,TUE,00:45-01:00,00:45,0.01,08:00-10:00,17:00-19:00
940GZZLUCYF,Canary Wharf,TUE,01:00-01:15,01:00,0,08:00-10:00,17:00-19:00
940GZZLUCYF,Canary Wharf,TUE,01:15-01:30,01:15,0,08:00-10:00,17:00-19:00
940GZZLUCYF,Canary Wharf,TUE,01:30-01:45,01:30,0,08:00-10:00,17:00-19:00
940GZZLUCYF,Canary Wharf,TUE,01:45-02:00,01:45,0,08:00-10:00,17:00-19:00
940GZZLUCYF,Canary Wharf,TUE,02:00-02:15,02:00,0,08:00-10:00,17:00-19:00
940GZZLUCYF,Canary Wharf,TUE,02:15-02:30,02:15,0,08:00-10:00,17:00-19:00
940GZZLUCYF,Canary Wharf,TUE,02:30-02:45,02:30,0,08:00-10:00,17:00-19:00
940GZZLUCYF,Canary Wharf,TUE,02:45-03:00,02:45,0,08:00-10:00,17:00-19:00
940GZZLUCYF,Canary Wharf,TUE,03:00-03:15,03:00,0,08:00-10:00,17:00-19:00
940GZZLUCYF,Canary Wharf,TUE,03:15-03:30,03:15,0,08:00-10:00,17:00-19:00
940GZZLUCYF,Canary Wharf,TUE,03:30-03:45,03:30,0,08:00-10:00,17:00-19:00
940GZZLUCYF,Canary Wharf,TUE,03:45-04:00,03:45,0,08:00-10:00,17:00-19:00
940GZZLUCYF,Canary Wharf,TUE,04:00-04:15,04:00,0,08:00-10:00,17:00-19:00
940GZZLUCYF,Canary Wharf,TUE,04:15-04:30,04:15,0,08:00-10:00,17:00-19:00
940GZZLUCYF,Canary Wharf,TUE,04:30-04:45,04:30,0,08:00-10:00,17:00-19:00
940GZZLUCYF,Canary Wharf,TUE,04:45-05:00,04:45,0,08:00-10:00,17:00-19:00
940GZZLUCYF,Canary Wharf,TUE,05:00-05:15,05:00,0,08:00-10:00,17:00-19:00
940GZZLUCYF,Canary Wharf,TUE,05:15-05:30,05:15,0.01,08:00-10:00,17:00-19:00
940GZZLUCYF,Canary Wharf,TUE,05:30-05:45,05:30,0.01,08:00-10:00,17:00-19:00
940GZZLUCYF,Canary Wharf,TUE,05:45-06:00,05:45,0.02,08:00-10:00,17:00-19:00
940GZZLUCYF,Canary Wharf,TUE,06:00-06:15,06:00,0.03,08:00-10:00,17:00-19:00
940GZZLUCYF,Canary Wharf,TUE,06:15-06:30,06:15,0.04,08:00-10:00,17:00-19:00
940GZZLUCYF,Canary Wharf,TUE,06:30-06:45,06:30,0.05,08:00-10:00,17:00-19:00
940GZZLUCYF,Canary Wharf,TUE,06:45-07:00,06:45,0.07,08:00-10:00,17:00-19:00
940GZZLUCYF,Canary Wharf,TUE,07:00-07:15,07:00,0.09,08:00-10:00,17:00-19:00
940GZZLUCYF,Canary Wharf,TUE,07:15-07:30,07:15,0.12,08:00-10:00,17:00-19:00
940GZZLUCYF,Canary Wharf,TUE,07:30-07:45,07:30,0.14,08:00-10:00,17:00-19:00
940GZZLUCYF,Canary Wharf,TUE,07:45-08:00,07:45,0.17,08:00-10:00,17:00-19:00
940GZZLUCYF,Canary Wharf,TUE,08:00-08:15,08:00,0.21,08:00-10:00,17:00-19:00
940GZZLUCYF,Canary Wharf,TUE,08:15-08:30,08:15,0.25,08:00-10:00,17:00-19:00
940GZZLUCYF,Canary Wharf,TUE,08:30-08:45,08:30,0.29,08:00-10:00,17:00-19:00
940GZZLUCYF,Canary Wharf,TUE,08:45-09:00,08:45,0.32,08:00-10:00,17:00-19:00
940GZZLUCYF,Canary Wharf,TUE,09:00-09:15,09:00,0.33,08:00-10:00,17:00-19:00
940GZZLUCYF,Canary Wharf,TUE,09:15-09:30,09:15,0.3,08:00-10:00,17:00-19:00
940GZZLUCYF,Canary Wharf,TUE,09:30-09:45,09:30,0.26,08:00-10:00,17:00-19:00
940GZZLUCYF,Canary Wharf,TUE,09:45-10:00,09:45,0.21,08:00-10:00,17:00-19:00
940GZZLUCYF,Canary Wharf,TUE,10:00-10:15,10:00,0.15,08:00-10:00,17:00-19:00
940GZZLUCYF,Canary Wharf,TUE,10:15-10:30,10:15,0.12,08:00-10:00,17:00-19:00
940GZZLUCYF,Canary Wharf,TUE,10:30-10:45,10:30,0.09,08:00-10:00,17:00-19:00
940GZZLUCYF,Canary Wharf,TUE,10:45-11:00,10:45,0.08,08:00-10:00,17:00-19:00
940GZZLUCYF,Canary Wharf,TUE,11:00-11:15,11:00,0.07,08:00-10:00,17:00-19:00
940GZZLUCYF,Canary Wharf,TUE,11:15-11:30,11:15,0.07,08:00-10:00,17:00-19:00
940GZZLUCYF,Canary Wharf,TUE,11:30-11:45,11:30,0.07,08:00-10:00,17:00-19:00
940GZZLUCYF,Canary Wharf,TUE,11:45-12:00,11:45,0.08,08:00-10:00,17:00-19:00
940GZZLUCYF,Canary Wharf,TUE,12:00-12:15,12:00,0.08,08:00-10:00,17:00-19:00
940GZZLUCYF,Canary Wharf,TUE,12:15-12:30,12:15,0.09,08:00-10:00,17:00-19:00
940GZZLUCYF,Canary Wharf,TUE,12:30-12:45,12:30,0.1,08:00-10:00,17:00-19:00
940GZZLUCYF,Canary Wharf,TUE,12:45-13:00,12:45,0.1,08:00-10:00,17:00-19:00
940GZZLUCYF,Canary Wharf,TUE,13:00-13:15,13:00,0.1,08:00-10:00,17:00-19:00
940GZZLUCYF,Canary Wharf,TUE,13:15-13:30,13:15,0.1,08:00-10:00,17:00-19:00
940GZZLUCYF,Canary Wharf,TUE,13:30-13:45,13:30,0.09,08:00-10:00,17:00-19:00
940GZZLUCYF,Canary Wharf,TUE,13:45-14:00,13:45,0.09,08:00-10:00,17:00-19:00
940GZZLUCYF,Canary Wharf,TUE,14:00-14:15,14:00,0.09,08:00-10:00,17:00-19:00
940GZZLUCYF,Canary Wharf,TUE,14:15-14:30,14:15,0.09,08:00-10:00,17:00-19:00
940GZZLUCYF,Canary Wharf,TUE,14:30-14:45,14:30,0.09,08:00-10:00,17:00-19:00
940GZZLUCYF,Canary Wharf,TUE,14:45-15:00,14:45,0.09,08:00-10:00,17:00-19:00
940GZZLUCYF,Canary Wharf,TUE,15:00-15:15,15:00,0.1,08:00-10:00,17:00-19:00
940GZZLUCYF,Canary Wharf,TUE,15:15-15:30,15:15,0.1,08:00-10:00,17:00-19:00
940GZZLUCYF,Canary Wharf,TUE,15:30-15:45,15:30,0.11,08:00-10:00,17:00-19:00
940GZZLUCYF,Canary Wharf,TUE,15:45-16:00,15:45,0.12,08:00-10:00,17:00-19:00
940GZZLUCYF,Canary Wharf,TUE,16:00-16:15,16:00,0.14,08:00-10:00,17:00-19:00
940GZZLUCYF,Canary Wharf,TUE,16:15-16:30,16:15,0.15,08:00-10:00,17:00-19:00
940GZZLUCYF,Canary Wharf,TUE,16:30-16:45,16:30,0.17,08:00-10:00,17:00-19:00
940GZZLUCYF,Canary Wharf,TUE,16:45-17:00,16:45,0.21,08:00-10:00,17:00-19:00
940GZZLUCYF,Canary Wharf,TUE,17:00-17:15,17:00,0.25,08:00-10:00,17:00-19:00
940GZZLUCYF,Canary Wharf,TUE,17:15-17:30,17:15,0.29,08:00-10:00,17:00-19:00
940GZZLUCYF,Canary Wharf,TUE,17:30-17:45,17:30,0.32,08:00-10:00,17:00-19:00
940GZZLUCYF,Canary Wharf,TUE,17:45-18:00,17:45,0.34,08:00-10:00,17:00-19:00
940GZZLUCYF,Canary Wharf,TUE,18:00-18:15,18:00,0.34,08:00-10:00,17:00-19:00
940GZZLUCYF,Canary Wharf,TUE,18:15-18:30,18:15,0.31,08:00-10:00,17:00-19:00
940GZZLUCYF,Canary Wharf,TUE,18:30-18:45,18:30,0.29,08:00-10:00,17:00-19:00
940GZZLUCYF,Canary Wharf,TUE,18:45-19:00,18:45,0.26,08:00-10:00,17:00-19:00
940GZZLUCYF,Canary Wharf,TUE,19:00-19:15,19:00,0.23,08:00-10:00,17:00-19:00
940GZZLUCYF,Canary Wharf,TUE,19:15-19:30,19:15,0.19,08:00-10:00,17:00-19:00
940GZZLUCYF,Canary Wharf,TUE,19:30-19:45,19:30,0.17,08:00-10:00,17:00-19:00
940GZZLUCYF,Canary Wharf,TUE,19:45-20:00,19:45,0.15,08:00-10:00,17:00-19:00
940GZZLUCYF,Canary Wharf,TUE,20:00-20:15,20:00,0.13,08:00-10:00,17:00-19:00
940GZZLUCYF,Canary Wharf,TUE,20:15-20:30,20:15,0.11,08:00-10:00,17:00-19:00
940GZZLUCYF,Canary Wharf,TUE,20:30-20:45,20:30,0.1,08:00-10:00,17:00-19:00
940GZZLUCYF,Canary Wharf,TUE,20:45-21:00,20:45,0.09,08:00-10:00,17:00-19:00
940GZZLUCYF,Canary Wharf,TUE,21:00-21:15,21:00,0.08,08:00-10:00,17:00-19:00
940GZZLUCYF,Canary Wharf,TUE,21:15-21:30,21:15,0.07,08:00-10:00,17:00-19:00
940GZZLUCYF,Canary Wharf,TUE,21:30-21:45,21:30,0.07,08:00-10:00,17:00-19:00
940GZZLUCYF,Canary Wharf,TUE,21:45-22:00,21:45,0.07,08:00-10:00,17:00-19:00
940GZZLUCYF,Canary Wharf,TUE,22:00-22:15,22:00,0.07,08:00-10:00,17:00-19:00
940GZZLUCYF,Canary Wharf,TUE,22:15-22:30,22:15,0.06,08:00-10:00,17:00-19:00
940GZZLUCYF,Canary Wharf,TUE,22:30-22:45,22:30,0.06,08:00-10:00,17:00-19:00
940GZZLUCYF,Canary Wharf,TUE,22:45-23:00,22:45,0.06,08:00-10:00,17:00-19:00
940GZZLUCYF,Canary Wharf,TUE,23:00-23:15,23:00,0.05,08:00-10:00,17:00-19:00
940GZZLUCYF,Canary Wharf,TUE,23:15-23:30,23:15,0.05,08:00-10:00,17:00-19:00
940GZZLUCYF,Canary Wharf,TUE,23:30-23:45,23:30,0.04,08:00-10:00,17:00-19:00
940GZZLUCYF,Canary Wharf,TUE,23:45-00:00,23:45,0.03,08:00-10:00,17:00-19:00
940GZZLUCYF,Canary Wharf,WED,00:00-00:15,00:00,0.03,08:00-10:00,17:00-19:00
940GZZLUCYF,Canary Wharf,WED,00:15-00:30,00:15,0.03,08:00-10:00,17:00-19:00
940GZZLUCYF,Canary Wharf,WED,00:30-00:45,00:30,0.02,08:00-10:00,17:00-19:00
940GZZLUCYF,Canary Wharf,WED,00:45-01:00,00:45,0.01,08:00-10:00,17:00-19:00
940GZZLUCYF,Canary Wharf,WED,01:00-01:15,01:00,0.01,08:00-10:00,17:00-19:00
940GZZLUCYF,Canary Wharf,WED,01:15-01:30,01:15,0,08:00-10:00,17:00-19:00
940GZZLUCYF,Canary Wharf,WED,01:30-01:45,01:30,0,08:00-10:00,17:00-19:00
940GZZLUCYF,Canary Wharf,WED,01:45-02:00,01:45,0,08:00-10:00,17:00-19:00
940GZZLUCYF,Canary Wharf,WED,02:00-02:15,02:00,0,08:00-10:00,17:00-19:00
940GZZLUCYF,Canary Wharf,WED,02:15-02:30,02:15,0,08:00-10:00,17:00-19:00
940GZZLUCYF,Canary Wharf,WED,02:30-02:45,02:30,0,08:00-10:00,17:00-19:00
940GZZLUCYF,Canary Wharf,WED,02:45-03:00,02:45,0,08:00-10:00,17:00-19:00
940GZZLUCYF,Canary Wharf,WED,03:00-03:15,03:00,0,08:00-10:00,17:00-19:00
940GZZLUCYF,Canary Wharf,WED,03:15-03:30,03:15,0,08:00-10:00,17:00-19:00
940GZZLUCYF,Canary Wharf,WED,03:30-03:45,03:30,0,08:00-10:00,17:00-19:00
940GZZLUCYF,Canary Wharf,WED,03:45-04:00,03:45,0,08:00-10:00,17:00-19:00
940GZZLUCYF,Canary Wharf,WED,04:00-04:15,04:00,0,08:00-10:00,17:00-19:00
940GZZLUCYF,Canary Wharf,WED,04:15-04:30,04:15,0,08:00-10:00,17:00-19:00
940GZZLUCYF,Canary Wharf,WED,04:30-04:45,04:30,0,08:00-10:00,17:00-19:00
940GZZLUCYF,Canary Wharf,WED,04:45-05:00,04:45,0,08:00-10:00,17:00-19:00
940GZZLUCYF,Canary Wharf,WED,05:00-05:15,05:00,0,08:00-10:00,17:00-19:00
940GZZLUCYF,Canary Wharf,WED,05:15-05:30,05:15,0.01,08:00-10:00,17:00-19:00
940GZZLUCYF,Canary Wharf,WED,05:30-05:45,05:30,0.01,08:00-10:00,17:00-19:00
940GZZLUCYF,Canary Wharf,WED,05:45-06:00,05:45,0.02,08:00-10:00,17:00-19:00
940GZZLUCYF,Canary Wharf,WED,06:00-06:15,06:00,0.03,08:00-10:00,17:00-19:00
940GZZLUCYF,Canary Wharf,WED,06:15-06:30,06:15,0.04,08:00-10:00,17:00-19:00
940GZZLUCYF,Canary Wharf,WED,06:30-06:45,06:30,0.06,08:00-10:00,17:00-19:00
940GZZLUCYF,Canary Wharf,WED,06:45-07:00,06:45,0.09,08:00-10:00,17:00-19:00
940GZZLUCYF,Canary Wharf,WED,07:00-07:15,07:00,0.11,08:00-10:00,17:00-19:00
940GZZLUCYF,Canary Wharf,WED,07:15-07:30,07:15,0.14,08:00-10:00,17:00-19:00
940GZZLUCYF,Canary Wharf,WED,07:30-07:45,07:30,0.18,08:00-10:00,17:00-19:00
940GZZLUCYF,Canary Wharf,WED,07:45-08:00,07:45,0.21,08:00-10:00,17:00-19:00
940GZZLUCYF,Canary Wharf,WED,08:00-08:15,08:00,0.25,08:00-10:00,17:00-19:00
940GZZLUCYF,Canary Wharf,WED,08:15-08:30,08:15,0.29,08:00-10:00,17:00-19:00
940GZZLUCYF,Canary Wharf,WED,08:30-08:45,08:30,0.34,08:00-10:00,17:00-19:00
940GZZLUCYF,Canary Wharf,WED,08:45-09:00,08:45,0.37,08:00-10:00,17:00-19:00
940GZZLUCYF,Canary Wharf,WED,09:00-09:15,09:00,0.38,08:00-10:00,17:00-19:00
940GZZLUCYF,Canary Wharf,WED,09:15-09:30,09:15,0.36,08:00-10:00,17:00-19:00
940GZZLUCYF,Canary Wharf,WED,09:30-09:45,09:30,0.31,08:00-10:00,17:00-19:00
940GZZLUCYF,Canary Wharf,WED,09:45-10:00,09:45,0.24,08:00-10:00,17:00-19:00
940GZZLUCYF,Canary Wharf,WED,10:00-10:15,10:00,0.19,08:00-10:00,17:00-19:00
940GZZLUCYF,Canary Wharf,WED,10:15-10:30,10:15,0.15,08:00-10:00,17:00-19:00
940GZZLUCYF,Canary Wharf,WED,10:30-10:45,10:30,0.12,08:00-10:00,17:00-19:00
940GZZLUCYF,Canary Wharf,WED,10:45-11:00,10:45,0.11,08:00-10:00,17:00-19:00
940GZZLUCYF,Canary Wharf,WED,11:00-11:15,11:00,0.1,08:00-10:00,17:00-19:00
940GZZLUCYF,Canary Wharf,WED,11:15-11:30,11:15,0.1,08:00-10:00,17:00-19:00
940GZZLUCYF,Canary Wharf,WED,11:30-11:45,11:30,0.1,08:00-10:00,17:00-19:00
940GZZLUCYF,Canary Wharf,WED,11:45-12:00,11:45,0.1,08:00-10:00,17:00-19:00
940GZZLUCYF,Canary Wharf,WED,12:00-12:15,12:00,0.11,08:00-10:00,17:00-19:00
940GZZLUCYF,Canary Wharf,WED,12:15-12:30,12:15,0.12,08:00-10:00,17:00-19:00
940GZZLUCYF,Canary Wharf,WED,12:30-12:45,12:30,0.13,08:00-10:00,17:00-19:00
940GZZLUCYF,Canary Wharf,WED,12:45-13:00,12:45,0.13,08:00-10:00,17:00-19:00
940GZZLUCYF,Canary Wharf,WED,13:00-13:15,13:00,0.14,08:00-10:00,17:00-19:00
940GZZLUCYF,Canary Wharf,WED,13:15-13:30,13:15,0.13,08:00-10:00,17:00-19:00
940GZZLUCYF,Canary Wharf,WED,13:30-13:45,13:30,0.13,08:00-10:00,17:00-19:00
940GZZLUCYF,Canary Wharf,WED,13:45-14:00,13:45,0.13,08:00-10:00,17:00-19:00
940GZZLUCYF,Canary Wharf,WED,14:00-14:15,14:00,0.12,08:00-10:00,17:00-19:00
940GZZLUCYF,Canary Wharf,WED,14:15-14:30,14:15,0.12,08:00-10:00,17:00-19:00
940GZZLUCYF,Canary Wharf,WED,14:30-14:45,14:30,0.12,08:00-10:00,17:00-19:00
940GZZLUCYF,Canary Wharf,WED,14:45-15:00,14:45,0.12,08:00-10:00,17:00-19:00
940GZZLUCYF,Canary Wharf,WED,15:00-15:15,15:00,0.12,08:00-10:00,17:00-19:00
940GZZLUCYF,Canary Wharf,WED,15:15-15:30,15:15,0.13,08:00-10:00,17:00-19:00
940GZZLUCYF,Canary Wharf,WED,15:30-15:45,15:30,0.14,08:00-10:00,17:00-19:00
940GZZLUCYF,Canary Wharf,WED,15:45-16:00,15:45,0.15,08:00-10:00,17:00-19:00
940GZZLUCYF,Canary Wharf,WED,16:00-16:15,16:00,0.17,08:00-10:00,17:00-19:00
940GZZLUCYF,Canary Wharf,WED,16:15-16:30,16:15,0.19,08:00-10:00,17:00-19:00
940GZZLUCYF,Canary Wharf,WED,16:30-16:45,16:30,0.22,08:00-10:00,17:00-19:00
940GZZLUCYF,Canary Wharf,WED,16:45-17:00,16:45,0.25,08:00-10:00,17:00-19:00
940GZZLUCYF,Canary Wharf,WED,17:00-17:15,17:00,0.29,08:00-10:00,17:00-19:00
940GZZLUCYF,Canary Wharf,WED,17:15-17:30,17:15,0.33,08:00-10:00,17:00-19:00
940GZZLUCYF,Canary Wharf,WED,17:30-17:45,17:30,0.36,08:00-10:00,17:00-19:00
940GZZLUCYF,Canary Wharf,WED,17:45-18:00,17:45,0.38,08:00-10:00,17:00-19:00
940GZZLUCYF,Canary Wharf,WED,18:00-18:15,18:00,0.38,08:00-10:00,17:00-19:00
940GZZLUCYF,Canary Wharf,WED,18:15-18:30,18:15,0.36,08:00-10:00,17:00-19:00
940GZZLUCYF,Canary Wharf,WED,18:30-18:45,18:30,0.34,08:00-10:00,17:00-19:00
940GZZLUCYF,Canary Wharf,WED,18:45-19:00,18:45,0.3,08:00-10:00,17:00-19:00
940GZZLUCYF,Canary Wharf,WED,19:00-19:15,19:00,0.27,08:00-10:00,17:00-19:00
940GZZLUCYF,Canary Wharf,WED,19:15-19:30,19:15,0.24,08:00-10:00,17:00-19:00
940GZZLUCYF,Canary Wharf,WED,19:30-19:45,19:30,0.21,08:00-10:00,17:00-19:00
940GZZLUCYF,Canary Wharf,WED,19:45-20:00,19:45,0.18,08:00-10:00,17:00-19:00
940GZZLUCYF,Canary Wharf,WED,20:00-20:15,20:00,0.16,08:00-10:00,17:00-19:00
940GZZLUCYF,Canary Wharf,WED,20:15-20:30,20:15,0.15,08:00-10:00,17:00-19:00
940GZZLUCYF,Canary Wharf,WED,20:30-20:45,20:30,0.13,08:00-10:00,17:00-19:00
940GZZLUCYF,Canary Wharf,WED,20:45-21:00,20:45,0.12,08:00-10:00,17:00-19:00
940GZZLUCYF,Canary Wharf,WED,21:00-21:15,21:00,0.11,08:00-10:00,17:00-19:00
940GZZLUCYF,Canary Wharf,WED,21:15-21:30,21:15,0.1,08:00-10:00,17:00-19:00
940GZZLUCYF,Canary Wharf,WED,21:30-21:45,21:30,0.09,08:00-10:00,17:00-19:00
940GZZLUCYF,Canary Wharf,WED,21:45-22:00,21:45,0.09,08:00-10:00,17:00-19:00
940GZZLUCYF,Canary Wharf,WED,22:00-22:15,22:00,0.09,08:00-10:00,17:00-19:00
940GZZLUCYF,Canary Wharf,WED,22:15-22:30,22:15,0.09,08:00-10:00,17:00-19:00
940GZZLUCYF,Canary Wharf,WED,22:30-22:45,22:30,0.08,08:00-10:00,17:00-19:00
940GZZLUCYF,Canary Wharf,WED,22:45-23:00,22:45,0.08,08:00-10:00,17:00-19:00
940GZZLUCYF,Canary Wharf,WED,23:00-23:15,23:00,0.07,08:00-10:00,17:00-19:00
940GZZLUCYF,Canary Wharf,WED,23:15-23:30,23:15,0.06,08:00-10:00,17:00-19:00
940GZZLUCYF,Canary Wharf,WED,23:30-23:45,23:30,0.05,08:00-10:00,17:00-19:00
940GZZLUCYF,Canary Wharf,WED,23:45-00:00,23:45,0.04,08:00-10:00,17:00-19:00
940GZZLUCYF,Canary Wharf,THU,00:00-00:15,00:00,0.03,08:00-10:00,17:00-19:00
940GZZLUCYF,Canary Wharf,THU,00:15-00:30,00:15,0.03,08:00-10:00,17:00-19:00
940GZZLUCYF,Canary Wharf,THU,00:30-00:45,00:30,0.02,08:00-10:00,17:00-19:00
940GZZLUCYF,Canary Wharf,THU,00:45-01:00,00:45,0.01,08:00-10:00,17:00-19:00
940GZZLUCYF,Canary Wharf,THU,01:00-01:15,01:00,0.01,08:00-10:00,17:00-19:00
940GZZLUCYF,Canary Wharf,THU,01:15-01:30,01:15,0.01,08:00-10:00,17:00-19:00
940GZZLUCYF,Canary Wharf,THU,01:30-01:45,01:30,0,08:00-10:00,17:00-19:00
940GZZLUCYF,Canary Wharf,THU,01:45-02:00,01:45,0,08:00-10:00,17:00-19:00
940GZZLUCYF,Canary Wharf,THU,02:00-02:15,02:00,0,08:00-10:00,17:00-19:00
940GZZLUCYF,Canary Wharf,THU,02:15-02:30,02:15,0,08:00-10:00,17:00-19:00
940GZZLUCYF,Canary Wharf,THU,02:30-02:45,02:30,0,08:00-10:00,17:00-19:00
940GZZLUCYF,Canary Wharf,THU,02:45-03:00,02:45,0,08:00-10:00,17:00-19:00
940GZZLUCYF,Canary Wharf,THU,03:00-03:15,03:00,0,08:00-10:00,17:00-19:00
940GZZLUCYF,Canary Wharf,THU,03:15-03:30,03:15,0,08:00-10:00,17:00-19:00
940GZZLUCYF,Canary Wharf,THU,03:30-03:45,03:30,0,08:00-10:00,17:00-19:00
940GZZLUCYF,Canary Wharf,THU,03:45-04:00,03:45,0,08:00-10:00,17:00-19:00
940GZZLUCYF,Canary Wharf,THU,04:00-04:15,04:00,0,08:00-10:00,17:00-19:00
940GZZLUCYF,Canary Wharf,THU,04:15-04:30,04:15,0,08:00-10:00,17:00-19:00
940GZZLUCYF,Canary Wharf,THU,04:30-04:45,04:30,0,08:00-10:00,17:00-19:00
940GZZLUCYF,Canary Wharf,THU,04:45-05:00,04:45,0,08:00-10:00,17:00-19:00
940GZZLUCYF,Canary Wharf,THU,05:00-05:15,05:00,0,08:00-10:00,17:00-19:00
940GZZLUCYF,Canary Wharf,THU,05:15-05:30,05:15,0.01,08:00-10:00,17:00-19:00
940GZZLUCYF,Canary Wharf,THU,05:30-05:45,05:30,0.01,08:00-10:00,17:00-19:00
940GZZLUCYF,Canary Wharf,THU,05:45-06:00,05:45,0.02,08:00-10:00,17:00-19:00
940GZZLUCYF,Canary Wharf,THU,06:00-06:15,06:00,0.03,08:00-10:00,17:00-19:00
940GZZLUCYF,Canary Wharf,THU,06:15-06:30,06:15,0.04,08:00-10:00,17:00-19:00
940GZZLUCYF,Canary Wharf,THU,06:30-06:45,06:30,0.06,08:00-10:00,17:00-19:00
940GZZLUCYF,Canary Wharf,THU,06:45-07:00,06:45,0.08,08:00-10:00,17:00-19:00
940GZZLUCYF,Canary Wharf,THU,07:00-07:15,07:00,0.11,08:00-10:00,17:00-19:00
940GZZLUCYF,Canary Wharf,THU,07:15-07:30,07:15,0.13,08:00-10:00,17:00-19:00
940GZZLUCYF,Canary Wharf,THU,07:30-07:45,07:30,0.16,08:00-10:00,17:00-19:00
940GZZLUCYF,Canary Wharf,THU,07:45-08:00,07:45,0.19,08:00-10:00,17:00-19:00
940GZZLUCYF,Canary Wharf,THU,08:00-08:15,08:00,0.23,08:00-10:00,17:00-19:00
940GZZLUCYF,Canary Wharf,THU,08:15-08:30,08:15,0.28,08:00-10:00,17:00-19:00
940GZZLUCYF,Canary Wharf,THU,08:30-08:45,08:30,0.33,08:00-10:00,17:00-19:00
940GZZLUCYF,Canary Wharf,THU,08:45-09:00,08:45,0.37,08:00-10:00,17:00-19:00
940GZZLUCYF,Canary Wharf,THU,09:00-09:15,09:00,0.38,08:00-10:00,17:00-19:00
940GZZLUCYF,Canary Wharf,THU,09:15-09:30,09:15,0.36,08:00-10:00,17:00-19:00
940GZZLUCYF,Canary Wharf,THU,09:30-09:45,09:30,0.31,08:00-10:00,17:00-19:00
940GZZLUCYF,Canary Wharf,THU,09:45-10:00,09:45,0.25,08:00-10:00,17:00-19:00
940GZZLUCYF,Canary Wharf,THU,10:00-10:15,10:00,0.19,08:00-10:00,17:00-19:00
940GZZLUCYF,Canary Wharf,THU,10:15-10:30,10:15,0.15,08:00-10:00,17:00-19:00
940GZZLUCYF,Canary Wharf,THU,10:30-10:45,10:30,0.12,08:00-10:00,17:00-19:00
940GZZLUCYF,Canary Wharf,THU,10:45-11:00,10:45,0.1,08:00-10:00,17:00-19:00
940GZZLUCYF,Canary Wharf,THU,11:00-11:15,11:00,0.1,08:00-10:00,17:00-19:00
940GZZLUCYF,Canary Wharf,THU,11:15-11:30,11:15,0.1,08:00-10:00,17:00-19:00
940GZZLUCYF,Canary Wharf,THU,11:30-11:45,11:30,0.1,08:00-10:00,17:00-19:00
940GZZLUCYF,Canary Wharf,THU,11:45-12:00,11:45,0.1,08:00-10:00,17:00-19:00
940GZZLUCYF,Canary Wharf,THU,12:00-12:15,12:00,0.11,08:00-10:00,17:00-19:00
940GZZLUCYF,Canary Wharf,THU,12:15-12:30,12:15,0.12,08:00-10:00,17:00-19:00
940GZZLUCYF,Canary Wharf,THU,12:30-12:45,12:30,0.12,08:00-10:00,17:00-19:00
940GZZLUCYF,Canary Wharf,THU,12:45-13:00,12:45,0.12,08:00-10:00,17:00-19:00
940GZZLUCYF,Canary Wharf,THU,13:00-13:15,13:00,0.12,08:00-10:00,17:00-19:00
940GZZLUCYF,Canary Wharf,THU,13:15-13:30,13:15,0.12,08:00-10:00,17:00-19:00
940GZZLUCYF,Canary Wharf,THU,13:30-13:45,13:30,0.12,08:00-10:00,17:00-19:00
940GZZLUCYF,Canary Wharf,THU,13:45-14:00,13:45,0.12,08:00-10:00,17:00-19:00
940GZZLUCYF,Canary Wharf,THU,14:00-14:15,14:00,0.12,08:00-10:00,17:00-19:00
940GZZLUCYF,Canary Wharf,THU,14:15-14:30,14:15,0.12,08:00-10:00,17:00-19:00
940GZZLUCYF,Canary Wharf,THU,14:30-14:45,14:30,0.12,08:00-10:00,17:00-19:00
940GZZLUCYF,Canary Wharf,THU,14:45-15:00,14:45,0.12,08:00-10:00,17:00-19:00
940GZZLUCYF,Canary Wharf,THU,15:00-15:15,15:00,0.13,08:00-10:00,17:00-19:00
940GZZLUCYF,Canary Wharf,THU,15:15-15:30,15:15,0.13,08:00-10:00,17:00-19:00
940GZZLUCYF,Canary Wharf,THU,15:30-15:45,15:30,0.14,08:00-10:00,17:00-19:00
940GZZLUCYF,Canary Wharf,THU,15:45-16:00,15:45,0.15,08:00-10:00,17:00-19:00
940GZZLUCYF,Canary Wharf,THU,16:00-16:15,16:00,0.17,08:00-10:00,17:00-19:00
940GZZLUCYF,Canary Wharf,THU,16:15-16:30,16:15,0.19,08:00-10:00,17:00-19:00
940GZZLUCYF,Canary Wharf,THU,16:30-16:45,16:30,0.22,08:00-10:00,17:00-19:00
940GZZLUCYF,Canary Wharf,THU,16:45-17:00,16:45,0.25,08:00-10:00,17:00-19:00
940GZZLUCYF,Canary Wharf,THU,17:00-17:15,17:00,0.29,08:00-10:00,17:00-19:00
940GZZLUCYF,Canary Wharf,THU,17:15-17:30,17:15,0.33,08:00-10:00,17:00-19:00
940GZZLUCYF,Canary Wharf,THU,17:30-17:45,17:30,0.36,08:00-10:00,17:00-19:00
940GZZLUCYF,Canary Wharf,THU,17:45-18:00,17:45,0.38,08:00-10:00,17:00-19:00
940GZZLUCYF,Canary Wharf,THU,18:00-18:15,18:00,0.37,08:00-10:00,17:00-19:00
940GZZLUCYF,Canary Wharf,THU,18:15-18:30,18:15,0.35,08:00-10:00,17:00-19:00
940GZZLUCYF,Canary Wharf,THU,18:30-18:45,18:30,0.33,08:00-10:00,17:00-19:00
940GZZLUCYF,Canary Wharf,THU,18:45-19:00,18:45,0.3,08:00-10:00,17:00-19:00
940GZZLUCYF,Canary Wharf,THU,19:00-19:15,19:00,0.26,08:00-10:00,17:00-19:00
940GZZLUCYF,Canary Wharf,THU,19:15-19:30,19:15,0.23,08:00-10:00,17:00-19:00
940GZZLUCYF,Canary Wharf,THU,19:30-19:45,19:30,0.21,08:00-10:00,17:00-19:00
940GZZLUCYF,Canary Wharf,THU,19:45-20:00,19:45,0.18,08:00-10:00,17:00-19:00
940GZZLUCYF,Canary Wharf,THU,20:00-20:15,20:00,0.17,08:00-10:00,17:00-19:00
940GZZLUCYF,Canary Wharf,THU,20:15-20:30,20:15,0.16,08:00-10:00,17:00-19:00
940GZZLUCYF,Canary Wharf,THU,20:30-20:45,20:30,0.15,08:00-10:00,17:00-19:00
940GZZLUCYF,Canary Wharf,THU,20:45-21:00,20:45,0.14,08:00-10:00,17:00-19:00
940GZZLUCYF,Canary Wharf,THU,21:00-21:15,21:00,0.13,08:00-10:00,17:00-19:00
940GZZLUCYF,Canary Wharf,THU,21:15-21:30,21:15,0.12,08:00-10:00,17:00-19:00
940GZZLUCYF,Canary Wharf,THU,21:30-21:45,21:30,0.11,08:00-10:00,17:00-19:00
940GZZLUCYF,Canary Wharf,THU,21:45-22:00,21:45,0.11,08:00-10:00,17:00-19:00
940GZZLUCYF,Canary Wharf,THU,22:00-22:15,22:00,0.1,08:00-10:00,17:00-19:00
940GZZLUCYF,Canary Wharf,THU,22:15-22:30,22:15,0.11,08:00-10:00,17:00-19:00
940GZZLUCYF,Canary Wharf,THU,22:30-22:45,22:30,0.11,08:00-10:00,17:00-19:00
940GZZLUCYF,Canary Wharf,THU,22:45-23:00,22:45,0.1,08:00-10:00,17:00-19:00
940GZZLUCYF,Canary Wharf,THU,23:00-23:15,23:00,0.1,08:00-10:00,17:00-19:00
940GZZLUCYF,Canary Wharf,THU,23:15-23:30,23:15,0.08,08:00-10:00,17:00-19:00
940GZZLUCYF,Canary Wharf,THU,23:30-23:45,23:30,0.07,08:00-10:00,17:00-19:00
940GZZLUCYF,Canary Wharf,THU,23:45-00:00,23:45,0.05,08:00-10:00,17:00-19:00
940GZZLUCYF,Canary Wharf,SUN,00:00-00:15,00:00,0.01,11:45-13:45,13:45-15:45
940GZZLUCYF,Canary Wharf,SUN,00:15-00:30,00:15,0.01,11:45-13:45,13:45-15:45
940GZZLUCYF,Canary Wharf,SUN,00:30-00:45,00:30,0.01,11:45-13:45,13:45-15:45
940GZZLUCYF,Canary Wharf,SUN,00:45-01:00,00:45,0.01,11:45-13:45,13:45-15:45
940GZZLUCYF,Canary Wharf,SUN,01:00-01:15,01:00,0.01,11:45-13:45,13:45-15:45
940GZZLUCYF,Canary Wharf,SUN,01:15-01:30,01:15,0.01,11:45-13:45,13:45-15:45
940GZZLUCYF,Canary Wharf,SUN,01:30-01:45,01:30,0.01,11:45-13:45,13:45-15:45
940GZZLUCYF,Canary Wharf,SUN,01:45-02:00,01:45,0.01,11:45-13:45,13:45-15:45
940GZZLUCYF,Canary Wharf,SUN,02:00-02:15,02:00,0.01,11:45-13:45,13:45-15:45
940GZZLUCYF,Canary Wharf,SUN,02:15-02:30,02:15,0.01,11:45-13:45,13:45-15:45
940GZZLUCYF,Canary Wharf,SUN,02:30-02:45,02:30,0.01,11:45-13:45,13:45-15:45
940GZZLUCYF,Canary Wharf,SUN,02:45-03:00,02:45,0.01,11:45-13:45,13:45-15:45
940GZZLUCYF,Canary Wharf,SUN,03:00-03:15,03:00,0.01,11:45-13:45,13:45-15:45
940GZZLUCYF,Canary Wharf,SUN,03:15-03:30,03:15,0.01,11:45-13:45,13:45-15:45
940GZZLUCYF,Canary Wharf,SUN,03:30-03:45,03:30,0.01,11:45-13:45,13:45-15:45
940GZZLUCYF,Canary Wharf,SUN,03:45-04:00,03:45,0.01,11:45-13:45,13:45-15:45
940GZZLUCYF,Canary Wharf,SUN,04:00-04:15,04:00,0,11:45-13:45,13:45-15:45
940GZZLUCYF,Canary Wharf,SUN,04:15-04:30,04:15,0,11:45-13:45,13:45-15:45
940GZZLUCYF,Canary Wharf,SUN,04:30-04:45,04:30,0,11:45-13:45,13:45-15:45
940GZZLUCYF,Canary Wharf,SUN,04:45-05:00,04:45,0,11:45-13:45,13:45-15:45
940GZZLUCYF,Canary Wharf,SUN,05:00-05:15,05:00,0.01,11:45-13:45,13:45-15:45
940GZZLUCYF,Canary Wharf,SUN,05:15-05:30,05:15,0.01,11:45-13:45,13:45-15:45
940GZZLUCYF,Canary Wharf,SUN,05:30-05:45,05:30,0.01,11:45-13:45,13:45-15:45
940GZZLUCYF,Canary Wharf,SUN,05:45-06:00,05:45,0.01,11:45-13:45,13:45-15:45
940GZZLUCYF,Canary Wharf,SUN,06:00-06:15,06:00,0.01,11:45-13:45,13:45-15:45
940GZZLUCYF,Canary Wharf,SUN,06:15-06:30,06:15,0.02,11:45-13:45,13:45-15:45
940GZZLUCYF,Canary Wharf,SUN,06:30-06:45,06:30,0.02,11:45-13:45,13:45-15:45
940GZZLUCYF,Canary Wharf,SUN,06:45-07:00,06:45,0.02,11:45-13:45,13:45-15:45
940GZZLUCYF,Canary Wharf,SUN,07:00-07:15,07:00,0.02,11:45-13:45,13:45-15:45
940GZZLUCYF,Canary Wharf,SUN,07:15-07:30,07:15,0.03,11:45-13:45,13:45-15:45
940GZZLUCYF,Canary Wharf,SUN,07:30-07:45,07:30,0.03,11:45-13:45,13:45-15:45
940GZZLUCYF,Canary Wharf,SUN,07:45-08:00,07:45,0.03,11:45-13:45,13:45-15:45
940GZZLUCYF,Canary Wharf,SUN,08:00-08:15,08:00,0.03,11:45-13:45,13:45-15:45
940GZZLUCYF,Canary Wharf,SUN,08:15-08:30,08:15,0.04,11:45-13:45,13:45-15:45
940GZZLUCYF,Canary Wharf,SUN,08:30-08:45,08:30,0.04,11:45-13:45,13:45-15:45
940GZZLUCYF,Canary Wharf,SUN,08:45-09:00,08:45,0.04,11:45-13:45,13:45-15:45
940GZZLUCYF,Canary Wharf,SUN,09:00-09:15,09:00,0.05,11:45-13:45,13:45-15:45
940GZZLUCYF,Canary Wharf,SUN,09:15-09:30,09:15,0.05,11:45-13:45,13:45-15:45
940GZZLUCYF,Canary Wharf,SUN,09:30-09:45,09:30,0.06,11:45-13:45,13:45-15:45
940GZZLUCYF,Canary Wharf,SUN,09:45-10:00,09:45,0.06,11:45-13:45,13:45-15:45
940GZZLUCYF,Canary Wharf,SUN,10:00-10:15,10:00,0.07,11:45-13:45,13:45-15:45
940GZZLUCYF,Canary Wharf,SUN,10:15-10:30,10:15,0.07,11:45-13:45,13:45-15:45
940GZZLUCYF,Canary Wharf,SUN,10:30-10:45,10:30,0.08,11:45-13:45,13:45-15:45
940GZZLUCYF,Canary Wharf,SUN,10:45-11:00,10:45,0.09,11:45-13:45,13:45-15:45
940GZZLUCYF,Canary Wharf,SUN,11:00-11:15,11:00,0.09,11:45-13:45,13:45-15:45
940GZZLUCYF,Canary Wharf,SUN,11:15-11:30,11:15,0.1,11:45-13:45,13:45-15:45
940GZZLUCYF,Canary Wharf,SUN,11:30-11:45,11:30,0.1,11:45-13:45,13:45-15:45
940GZZLUCYF,Canary Wharf,SUN,11:45-12:00,11:45,0.1,11:45-13:45,13:45-15:45
940GZZLUCYF,Canary Wharf,SUN,12:00-12:15,12:00,0.11,11:45-13:45,13:45-15:45
940GZZLUCYF,Canary Wharf,SUN,12:15-12:30,12:15,0.11,11:45-13:45,13:45-15:45
940GZZLUCYF,Canary Wharf,SUN,12:30-12:45,12:30,0.11,11:45-13:45,13:45-15:45
940GZZLUCYF,Canary Wharf,SUN,12:45-13:00,12:45,0.12,11:45-13:45,13:45-15:45
940GZZLUCYF,Canary Wharf,SUN,13:00-13:15,13:00,0.12,11:45-13:45,13:45-15:45
940GZZLUCYF,Canary Wharf,SUN,13:15-13:30,13:15,0.12,11:45-13:45,13:45-15:45
940GZZLUCYF,Canary Wharf,SUN,13:30-13:45,13:30,0.12,11:45-13:45,13:45-15:45
940GZZLUCYF,Canary Wharf,SUN,13:45-14:00,13:45,0.12,11:45-13:45,13:45-15:45
940GZZLUCYF,Canary Wharf,SUN,14:00-14:15,14:00,0.12,11:45-13:45,13:45-15:45
940GZZLUCYF,Canary Wharf,SUN,14:15-14:30,14:15,0.12,11:45-13:45,13:45-15:45
940GZZLUCYF,Canary Wharf,SUN,14:30-14:45,14:30,0.12,11:45-13:45,13:45-15:45
940GZZLUCYF,Canary Wharf,SUN,14:45-15:00,14:45,0.12,11:45-13:45,13:45-15:45
940GZZLUCYF,Canary Wharf,SUN,15:00-15:15,15:00,0.12,11:45-13:45,13:45-15:45
940GZZLUCYF,Canary Wharf,SUN,15:15-15:30,15:15,0.12,11:45-13:45,13:45-15:45
940GZZLUCYF,Canary Wharf,SUN,15:30-15:45,15:30,0.12,11:45-13:45,13:45-15:45
940GZZLUCYF,Canary Wharf,SUN,15:45-16:00,15:45,0.12,11:45-13:45,13:45-15:45
940GZZLUCYF,Canary Wharf,SUN,16:00-16:15,16:00,0.12,11:45-13:45,13:45-15:45
940GZZLUCYF,Canary Wharf,SUN,16:15-16:30,16:15,0.12,11:45-13:45,13:45-15:45
940GZZLUCYF,Canary Wharf,SUN,16:30-16:45,16:30,0.12,11:45-13:45,13:45-15:45
940GZZLUCYF,Canary Wharf,SUN,16:45-17:00,16:45,0.12,11:45-13:45,13:45-15:45
940GZZLUCYF,Canary Wharf,SUN,17:00-17:15,17:00,0.12,11:45-13:45,13:45-15:45
940GZZLUCYF,Canary Wharf,SUN,17:15-17:30,17:15,0.12,11:45-13:45,13:45-15:45
940GZZLUCYF,Canary Wharf,SUN,17:30-17:45,17:30,0.12,11:45-13:45,13:45-15:45
940GZZLUCYF,Canary Wharf,SUN,17:45-18:00,17:45,0.12,11:45-13:45,13:45-15:45
940GZZLUCYF,Canary Wharf,SUN,18:00-18:15,18:00,0.11,11:45-13:45,13:45-15:45
940GZZLUCYF,Canary Wharf,SUN,18:15-18:30,18:15,0.11,11:45-13:45,13:45-15:45
940GZZLUCYF,Canary Wharf,SUN,18:30-18:45,18:30,0.11,11:45-13:45,13:45-15:45
940GZZLUCYF,Canary Wharf,SUN,18:45-19:00,18:45,0.1,11:45-13:45,13:45-15:45
940GZZLUCYF,Canary Wharf,SUN,19:00-19:15,19:00,0.1,11:45-13:45,13:45-15:45
940GZZLUCYF,Canary Wharf,SUN,19:15-19:30,19:15,0.09,11:45-13:45,13:45-15:45
940GZZLUCYF,Canary Wharf,SUN,19:30-19:45,19:30,0.09,11:45-13:45,13:45-15:45
940GZZLUCYF,Canary Wharf,SUN,19:45-20:00,19:45,0.08,11:45-13:45,13:45-15:45
940GZZLUCYF,Canary Wharf,SUN,20:00-20:15,20:00,0.07,11:45-13:45,13:45-15:45
940GZZLUCYF,Canary Wharf,SUN,20:15-20:30,20:15,0.07,11:45-13:45,13:45-15:45
940GZZLUCYF,Canary Wharf,SUN,20:30-20:45,20:30,0.06,11:45-13:45,13:45-15:45
940GZZLUCYF,Canary Wharf,SUN,20:45-21:00,20:45,0.05,11:45-13:45,13:45-15:45
940GZZLUCYF,Canary Wharf,SUN,21:00-21:15,21:00,0.05,11:45-13:45,13:45-15:45
940GZZLUCYF,Canary Wharf,SUN,21:15-21:30,21:15,0.05,11:45-13:45,13:45-15:45
940GZZLUCYF,Canary Wharf,SUN,21:30-21:45,21:30,0.05,11:45-13:45,13:45-15:45
940GZZLUCYF,Canary Wharf,SUN,21:45-22:00,21:45,0.05,11:45-13:45,13:45-15:45
940GZZLUCYF,Canary Wharf,SUN,22:00-22:15,22:00,0.05,11:45-13:45,13:45-15:45
940GZZLUCYF,Canary Wharf,SUN,22:15-22:30,22:15,0.05,11:45-13:45,13:45-15:45
940GZZLUCYF,Canary Wharf,SUN,22:30-22:45,22:30,0.05,11:45-13:45,13:45-15:45
940GZZLUCYF,Canary Wharf,SUN,22:45-23:00,22:45,0.05,11:45-13:45,13:45-15:45
940GZZLUCYF,Canary Wharf,SUN,23:00-23:15,23:00,0.05,11:45-13:45,13:45-15:45
940GZZLUCYF,Canary Wharf,SUN,23:15-23:30,23:15,0.05,11:45-13:45,13:45-15:45
940GZZLUCYF,Canary Wharf,SUN,23:30-23:45,23:30,0.04,11:45-13:45,13:45-15:45
940GZZLUCYF,Canary Wharf,SUN,23:45-00:00,23:45,0.04,11:45-13:45,13:45-15:45
940GZZLUCYF,Canary Wharf,SAT,00:00-00:15,00:00,0.06,11:45-13:45,16:45-18:45
940GZZLUCYF,Canary Wharf,SAT,00:15-00:30,00:15,0.05,11:45-13:45,16:45-18:45
940GZZLUCYF,Canary Wharf,SAT,00:30-00:45,00:30,0.04,11:45-13:45,16:45-18:45
940GZZLUCYF,Canary Wharf,SAT,00:45-01:00,00:45,0.04,11:45-13:45,16:45-18:45
940GZZLUCYF,Canary Wharf,SAT,01:00-01:15,01:00,0.03,11:45-13:45,16:45-18:45
940GZZLUCYF,Canary Wharf,SAT,01:15-01:30,01:15,0.02,11:45-13:45,16:45-18:45
940GZZLUCYF,Canary Wharf,SAT,01:30-01:45,01:30,0.02,11:45-13:45,16:45-18:45
940GZZLUCYF,Canary Wharf,SAT,01:45-02:00,01:45,0.01,11:45-13:45,16:45-18:45
940GZZLUCYF,Canary Wharf,SAT,02:00-02:15,02:00,0.01,11:45-13:45,16:45-18:45
940GZZLUCYF,Canary Wharf,SAT,02:15-02:30,02:15,0.01,11:45-13:45,16:45-18:45
940GZZLUCYF,Canary Wharf,SAT,02:30-02:45,02:30,0.01,11:45-13:45,16:45-18:45
940GZZLUCYF,Canary Wharf,SAT,02:45-03:00,02:45,0.01,11:45-13:45,16:45-18:45
940GZZLUCYF,Canary Wharf,SAT,03:00-03:15,03:00,0.01,11:45-13:45,16:45-18:45
940GZZLUCYF,Canary Wharf,SAT,03:15-03:30,03:15,0.01,11:45-13:45,16:45-18:45
940GZZLUCYF,Canary Wharf,SAT,03:30-03:45,03:30,0,11:45-13:45,16:45-18:45
940GZZLUCYF,Canary Wharf,SAT,03:45-04:00,03:45,0,11:45-13:45,16:45-18:45
940GZZLUCYF,Canary Wharf,SAT,04:00-04:15,04:00,0,11:45-13:45,16:45-18:45
940GZZLUCYF,Canary Wharf,SAT,04:15-04:30,04:15,0,11:45-13:45,16:45-18:45
940GZZLUCYF,Canary Wharf,SAT,04:30-04:45,04:30,0,11:45-13:45,16:45-18:45
940GZZLUCYF,Canary Wharf,SAT,04:45-05:00,04:45,0.01,11:45-13:45,16:45-18:45
940GZZLUCYF,Canary Wharf,SAT,05:00-05:15,05:00,0.01,11:45-13:45,16:45-18:45
940GZZLUCYF,Canary Wharf,SAT,05:15-05:30,05:15,0.01,11:45-13:45,16:45-18:45
940GZZLUCYF,Canary Wharf,SAT,05:30-05:45,05:30,0.01,11:45-13:45,16:45-18:45
940GZZLUCYF,Canary Wharf,SAT,05:45-06:00,05:45,0.02,11:45-13:45,16:45-18:45
940GZZLUCYF,Canary Wharf,SAT,06:00-06:15,06:00,0.02,11:45-13:45,16:45-18:45
940GZZLUCYF,Canary Wharf,SAT,06:15-06:30,06:15,0.02,11:45-13:45,16:45-18:45
940GZZLUCYF,Canary Wharf,SAT,06:30-06:45,06:30,0.02,11:45-13:45,16:45-18:45
940GZZLUCYF,Canary Wharf,SAT,06:45-07:00,06:45,0.03,11:45-13:45,16:45-18:45
940GZZLUCYF,Canary Wharf,SAT,07:00-07:15,07:00,0.03,11:45-13:45,16:45-18:45
940GZZLUCYF,Canary Wharf,SAT,07:15-07:30,07:15,0.03,11:45-13:45,16:45-18:45
940GZZLUCYF,Canary Wharf,SAT,07:30-07:45,07:30,0.04,11:45-13:45,16:45-18:45
940GZZLUCYF,Canary Wharf,SAT,07:45-08:00,07:45,0.04,11:45-13:45,16:45-18:45
940GZZLUCYF,Canary Wharf,SAT,08:00-08:15,08:00,0.04,11:45-13:45,16:45-18:45
940GZZLUCYF,Canary Wharf,SAT,08:15-08:30,08:15,0.04,11:45-13:45,16:45-18:45
940GZZLUCYF,Canary Wharf,SAT,08:30-08:45,08:30,0.05,11:45-13:45,16:45-18:45
940GZZLUCYF,Canary Wharf,SAT,08:45-09:00,08:45,0.05,11:45-13:45,16:45-18:45
940GZZLUCYF,Canary Wharf,SAT,09:00-09:15,09:00,0.05,11:45-13:45,16:45-18:45
940GZZLUCYF,Canary Wharf,SAT,09:15-09:30,09:15,0.06,11:45-13:45,16:45-18:45
940GZZLUCYF,Canary Wharf,SAT,09:30-09:45,09:30,0.06,11:45-13:45,16:45-18:45
940GZZLUCYF,Canary Wharf,SAT,09:45-10:00,09:45,0.07,11:45-13:45,16:45-18:45
940GZZLUCYF,Canary Wharf,SAT,10:00-10:15,10:00,0.07,11:45-13:45,16:45-18:45
940GZZLUCYF,Canary Wharf,SAT,10:15-10:30,10:15,0.08,11:45-13:45,16:45-18:45
940GZZLUCYF,Canary Wharf,SAT,10:30-10:45,10:30,0.08,11:45-13:45,16:45-18:45
940GZZLUCYF,Canary Wharf,SAT,10:45-11:00,10:45,0.09,11:45-13:45,16:45-18:45
940GZZLUCYF,Canary Wharf,SAT,11:00-11:15,11:00,0.1,11:45-13:45,16:45-18:45
940GZZLUCYF,Canary Wharf,SAT,11:15-11:30,11:15,0.1,11:45-13:45,16:45-18:45
940GZZLUCYF,Canary Wharf,SAT,11:30-11:45,11:30,0.11,11:45-13:45,16:45-18:45
940GZZLUCYF,Canary Wharf,SAT,11:45-12:00,11:45,0.11,11:45-13:45,16:45-18:45
940GZZLUCYF,Canary Wharf,SAT,12:00-12:15,12:00,0.12,11:45-13:45,16:45-18:45
940GZZLUCYF,Canary Wharf,SAT,12:15-12:30,12:15,0.12,11:45-13:45,16:45-18:45
940GZZLUCYF,Canary Wharf,SAT,12:30-12:45,12:30,0.12,11:45-13:45,16:45-18:45
940GZZLUCYF,Canary Wharf,SAT,12:45-13:00,12:45,0.13,11:45-13:45,16:45-18:45
940GZZLUCYF,Canary Wharf,SAT,13:00-13:15,13:00,0.13,11:45-13:45,16:45-18:45
940GZZLUCYF,Canary Wharf,SAT,13:15-13:30,13:15,0.13,11:45-13:45,16:45-18:45
940GZZLUCYF,Canary Wharf,SAT,13:30-13:45,13:30,0.13,11:45-13:45,16:45-18:45
940GZZLUCYF,Canary Wharf,SAT,13:45-14:00,13:45,0.13,11:45-13:45,16:45-18:45
940GZZLUCYF,Canary Wharf,SAT,14:00-14:15,14:00,0.13,11:45-13:45,16:45-18:45
940GZZLUCYF,Canary Wharf,SAT,14:15-14:30,14:15,0.13,11:45-13:45,16:45-18:45
940GZZLUCYF,Canary Wharf,SAT,14:30-14:45,14:30,0.13,11:45-13:45,16:45-18:45
940GZZLUCYF,Canary Wharf,SAT,14:45-15:00,14:45,0.13,11:45-13:45,16:45-18:45
940GZZLUCYF,Canary Wharf,SAT,15:00-15:15,15:00,0.13,11:45-13:45,16:45-18:45
940GZZLUCYF,Canary Wharf,SAT,15:15-15:30,15:15,0.13,11:45-13:45,16:45-18:45
940GZZLUCYF,Canary Wharf,SAT,15:30-15:45,15:30,0.13,11:45-13:45,16:45-18:45
940GZZLUCYF,Canary Wharf,SAT,15:45-16:00,15:45,0.14,11:45-13:45,16:45-18:45
940GZZLUCYF,Canary Wharf,SAT,16:00-16:15,16:00,0.14,11:45-13:45,16:45-18:45
940GZZLUCYF,Canary Wharf,SAT,16:15-16:30,16:15,0.14,11:45-13:45,16:45-18:45
940GZZLUCYF,Canary Wharf,SAT,16:30-16:45,16:30,0.14,11:45-13:45,16:45-18:45
940GZZLUCYF,Canary Wharf,SAT,16:45-17:00,16:45,0.15,11:45-13:45,16:45-18:45
940GZZLUCYF,Canary Wharf,SAT,17:00-17:15,17:00,0.15,11:45-13:45,16:45-18:45
940GZZLUCYF,Canary Wharf,SAT,17:15-17:30,17:15,0.15,11:45-13:45,16:45-18:45
940GZZLUCYF,Canary Wharf,SAT,17:30-17:45,17:30,0.15,11:45-13:45,16:45-18:45
940GZZLUCYF,Canary Wharf,SAT,17:45-18:00,17:45,0.15,11:45-13:45,16:45-18:45
940GZZLUCYF,Canary Wharf,SAT,18:00-18:15,18:00,0.15,11:45-13:45,16:45-18:45
940GZZLUCYF,Canary Wharf,SAT,18:15-18:30,18:15,0.15,11:45-13:45,16:45-18:45
940GZZLUCYF,Canary Wharf,SAT,18:30-18:45,18:30,0.15,11:45-13:45,16:45-18:45
940GZZLUCYF,Canary Wharf,SAT,18:45-19:00,18:45,0.14,11:45-13:45,16:45-18:45
940GZZLUCYF,Canary Wharf,SAT,19:00-19:15,19:00,0.14,11:45-13:45,16:45-18:45
940GZZLUCYF,Canary Wharf,SAT,19:15-19:30,19:15,0.13,11:45-13:45,16:45-18:45
940GZZLUCYF,Canary Wharf,SAT,19:30-19:45,19:30,0.13,11:45-13:45,16:45-18:45
940GZZLUCYF,Canary Wharf,SAT,19:45-20:00,19:45,0.12,11:45-13:45,16:45-18:45
940GZZLUCYF,Canary Wharf,SAT,20:00-20:15,20:00,0.11,11:45-13:45,16:45-18:45
940GZZLUCYF,Canary Wharf,SAT,20:15-20:30,20:15,0.11,11:45-13:45,16:45-18:45
940GZZLUCYF,Canary Wharf,SAT,20:30-20:45,20:30,0.1,11:45-13:45,16:45-18:45
940GZZLUCYF,Canary Wharf,SAT,20:45-21:00,20:45,0.1,11:45-13:45,16:45-18:45
940GZZLUCYF,Canary Wharf,SAT,21:00-21:15,21:00,0.09,11:45-13:45,16:45-18:45
940GZZLUCYF,Canary Wharf,SAT,21:15-21:30,21:15,0.09,11:45-13:45,16:45-18:45
940GZZLUCYF,Canary Wharf,SAT,21:30-21:45,21:30,0.09,11:45-13:45,16:45-18:45
940GZZLUCYF,Canary Wharf,SAT,21:45-22:00,21:45,0.09,11:45-13:45,16:45-18:45
940GZZLUCYF,Canary Wharf,SAT,22:00-22:15,22:00,0.09,11:45-13:45,16:45-18:45
940GZZLUCYF,Canary Wharf,SAT,22:15-22:30,22:15,0.09,11:45-13:45,16:45-18:45
940GZZLUCYF,Canary Wharf,SAT,22:30-22:45,22:30,0.09,11:45-13:45,16:45-18:45
940GZZLUCYF,Canary Wharf,SAT,22:45-23:00,22:45,0.09,11:45-13:45,16:45-18:45
940GZZLUCYF,Canary Wharf,SAT,23:00-23:15,23:00,0.09,11:45-13:45,16:45-18:45
940GZZLUCYF,Canary Wharf,SAT,23:15-23:30,23:15,0.09,11:45-13:45,16:45-18:45
940GZZLUCYF,Canary Wharf,SAT,23:30-23:45,23:30,0.09,11:45-13:45,16:45-18:45
940GZZLUCYF,Canary Wharf,SAT,23:45-00:00,23:45,0.08,11:45-13:45,16:45-18:45
940GZZLUKSX,King's Cross St Pancras,WED,00:00-00:15,00:00,0.07,08:00-10:00,17:00-19:00
940GZZLUKSX,King's Cross St Pancras,WED,00:15-00:30,00:15,0.05,08:00-10:00,17:00-19:00
940GZZLUKSX,King's Cross St Pancras,WED,00:30-00:45,00:30,0.04,08:00-10:00,17:00-19:00
940GZZLUKSX,King's Cross St Pancras,WED,00:45-01:00,00:45,0.02,08:00-10:00,17:00-19:00
940GZZLUKSX,King's Cross St Pancras,WED,01:00-01:15,01:00,0.02,08:00-10:00,17:00-19:00
940GZZLUKSX,King's Cross St Pancras,WED,01:15-01:30,01:15,0.01,08:00-10:00,17:00-19:00
940GZZLUKSX,King's Cross St Pancras,WED,01:30-01:45,01:30,0,08:00-10:00,17:00-19:00
940GZZLUKSX,King's Cross St Pancras,WED,01:45-02:00,01:45,0,08:00-10:00,17:00-19:00
940GZZLUKSX,King's Cross St Pancras,WED,02:00-02:15,02:00,0,08:00-10:00,17:00-19:00
940GZZLUKSX,King's Cross St Pancras,WED,02:15-02:30,02:15,0,08:00-10:00,17:00-19:00
940GZZLUKSX,King's Cross St Pancras,WED,02:30-02:45,02:30,0,08:00-10:00,17:00-19:00
940GZZLUKSX,King's Cross St Pancras,WED,02:45-03:00,02:45,0,08:00-10:00,17:00-19:00
940GZZLUKSX,King's Cross St Pancras,WED,03:00-03:15,03:00,0,08:00-10:00,17:00-19:00
940GZZLUKSX,King's Cross St Pancras,WED,03:15-03:30,03:15,0,08:00-10:00,17:00-19:00
940GZZLUKSX,King's Cross St Pancras,WED,03:30-03:45,03:30,0,08:00-10:00,17:00-19:00
940GZZLUKSX,King's Cross St Pancras,WED,03:45-04:00,03:45,0,08:00-10:00,17:00-19:00
940GZZLUKSX,King's Cross St Pancras,WED,04:00-04:15,04:00,0,08:00-10:00,17:00-19:00
940GZZLUKSX,King's Cross St Pancras,WED,04:15-04:30,04:15,0,08:00-10:00,17:00-19:00
940GZZLUKSX,King's Cross St Pancras,WED,04:30-04:45,04:30,0,08:00-10:00,17:00-19:00
940GZZLUKSX,King's Cross St Pancras,WED,04:45-05:00,04:45,0,08:00-10:00,17:00-19:00
940GZZLUKSX,King's Cross St Pancras,WED,05:00-05:15,05:00,0,08:00-10:00,17:00-19:00
940GZZLUKSX,King's Cross St Pancras,WED,05:15-05:30,05:15,0.01,08:00-10:00,17:00-19:00
940GZZLUKSX,King's Cross St Pancras,WED,05:30-05:45,05:30,0.02,08:00-10:00,17:00-19:00
940GZZLUKSX,King's Cross St Pancras,WED,05:45-06:00,05:45,0.03,08:00-10:00,17:00-19:00
940GZZLUKSX,King's Cross St Pancras,WED,06:00-06:15,06:00,0.05,08:00-10:00,17:00-19:00
940GZZLUKSX,King's Cross St Pancras,WED,06:15-06:30,06:15,0.07,08:00-10:00,17:00-19:00
940GZZLUKSX,King's Cross St Pancras,WED,06:30-06:45,06:30,0.1,08:00-10:00,17:00-19:00
940GZZLUKSX,King's Cross St Pancras,WED,06:45-07:00,06:45,0.14,08:00-10:00,17:00-19:00
940GZZLUKSX,King's Cross St Pancras,WED,07:00-07:15,07:00,0.18,08:00-10:00,17:00-19:00
940GZZLUKSX,King's Cross St Pancras,WED,07:15-07:30,07:15,0.23,08:00-10:00,17:00-19:00
940GZZLUKSX,King's Cross St Pancras,WED,07:30-07:45,07:30,0.28,08:00-10:00,17:00-19:00
940GZZLUKSX,King's Cross St Pancras,WED,07:45-08:00,07:45,0.33,08:00-10:00,17:00-19:00
940GZZLUKSX,King's Cross St Pancras,WED,08:00-08:15,08:00,0.39,08:00-10:00,17:00-19:00
940GZZLUKSX,King's Cross St Pancras,WED,08:15-08:30,08:15,0.45,08:00-10:00,17:00-19:00
940GZZLUKSX,King's Cross St Pancras,WED,08:30-08:45,08:30,0.5,08:00-10:00,17:00-19:00
940GZZLUKSX,King's Cross St Pancras,WED,08:45-09:00,08:45,0.53,08:00-10:00,17:00-19:00
940GZZLUKSX,King's Cross St Pancras,WED,09:00-09:15,09:00,0.53,08:00-10:00,17:00-19:00
940GZZLUKSX,King's Cross St Pancras,WED,09:15-09:30,09:15,0.51,08:00-10:00,17:00-19:00
940GZZLUKSX,King's Cross St Pancras,WED,09:30-09:45,09:30,0.45,08:00-10:00,17:00-19:00
940GZZLUKSX,King's Cross St Pancras,WED,09:45-10:00,09:45,0.4,08:00-10:00,17:00-19:00
940GZZLUKSX,King's Cross St Pancras,WED,10:00-10:15,10:00,0.34,08:00-10:00,17:00-19:00
940GZZLUKSX,King's Cross St Pancras,WED,10:15-10:30,10:15,0.3,08:00-10:00,17:00-19:00
940GZZLUKSX,King's Cross St Pancras,WED,10:30-10:45,10:30,0.27,08:00-10:00,17:00-19:00
940GZZLUKSX,King's Cross St Pancras,WED,10:45-11:00,10:45,0.25,08:00-10:00,17:00-19:00
940GZZLUKSX,King's Cross St Pancras,WED,11:00-11:15,11:00,0.24,08:00-10:00,17:00-19:00
940GZZLUKSX,King's Cross St Pancras,WED,11:15-11:30,11:15,0.24,08:00-10:00,17:00-19:00
940GZZLUKSX,King's Cross St Pancras,WED,11:30-11:45,11:30,0.24,08:00-10:00,17:00-19:00
940GZZLUKSX,King's Cross St Pancras,WED,11:45-12:00,11:45,0.24,08:00-10:00,17:00-19:00
940GZZLUKSX,King's Cross St Pancras,WED,12:00-12:15,12:00,0.25,08:00-10:00,17:00-19:00
940GZZLUKSX,King's Cross St Pancras,WED,12:15-12:30,12:15,0.25,08:00-10:00,17:00-19:00
940GZZLUKSX,King's Cross St Pancras,WED,12:30-12:45,12:30,0.25,08:00-10:00,17:00-19:00
940GZZLUKSX,King's Cross St Pancras,WED,12:45-13:00,12:45,0.25,08:00-10:00,17:00-19:00
940GZZLUKSX,King's Cross St Pancras,WED,13:00-13:15,13:00,0.26,08:00-10:00,17:00-19:00
940GZZLUKSX,King's Cross St Pancras,WED,13:15-13:30,13:15,0.26,08:00-10:00,17:00-19:00
940GZZLUKSX,King's Cross St Pancras,WED,13:30-13:45,13:30,0.26,08:00-10:00,17:00-19:00
940GZZLUKSX,King's Cross St Pancras,WED,13:45-14:00,13:45,0.26,08:00-10:00,17:00-19:00
940GZZLUKSX,King's Cross St Pancras,WED,14:00-14:15,14:00,0.26,08:00-10:00,17:00-19:00
940GZZLUKSX,King's Cross St Pancras,WED,14:15-14:30,14:15,0.26,08:00-10:00,17:00-19:00
940GZZLUKSX,King's Cross St Pancras,WED,14:30-14:45,14:30,0.26,08:00-10:00,17:00-19:00
940GZZLUKSX,King's Cross St Pancras,WED,14:45-15:00,14:45,0.26,08:00-10:00,17:00-19:00
940GZZLUKSX,King's Cross St Pancras,WED,15:00-15:15,15:00,0.27,08:00-10:00,17:00-19:00
940GZZLUKSX,King's Cross St Pancras,WED,15:15-15:30,15:15,0.28,08:00-10:00,17:00-19:00
940GZZLUKSX,King's Cross St Pancras,WED,15:30-15:45,15:30,0.29,08:00-10:00,17:00-19:00
940GZZLUKSX,King's Cross St Pancras,WED,15:45-16:00,15:45,0.31,08:00-10:00,17:00-19:00
940GZZLUKSX,King's Cross St Pancras,WED,16:00-16:15,16:00,0.34,08:00-10:00,17:00-19:00
940GZZLUKSX,King's Cross St Pancras,WED,16:15-16:30,16:15,0.37,08:00-10:00,17:00-19:00
940GZZLUKSX,King's Cross St Pancras,WED,16:30-16:45,16:30,0.39,08:00-10:00,17:00-19:00
940GZZLUKSX,King's Cross St Pancras,WED,16:45-17:00,16:45,0.42,08:00-10:00,17:00-19:00
940GZZLUKSX,King's Cross St Pancras,WED,17:00-17:15,17:00,0.46,08:00-10:00,17:00-19:00
940GZZLUKSX,King's Cross St Pancras,WED,17:15-17:30,17:15,0.49,08:00-10:00,17:00-19:00
940GZZLUKSX,King's Cross St Pancras,WED,17:30-17:45,17:30,0.52,08:00-10:00,17:00-19:00
940GZZLUKSX,King's Cross St Pancras,WED,17:45-18:00,17:45,0.54,08:00-10:00,17:00-19:00
940GZZLUKSX,King's Cross St Pancras,WED,18:00-18:15,18:00,0.55,08:00-10:00,17:00-19:00
940GZZLUKSX,King's Cross St Pancras,WED,18:15-18:30,18:15,0.54,08:00-10:00,17:00-19:00
940GZZLUKSX,King's Cross St Pancras,WED,18:30-18:45,18:30,0.51,08:00-10:00,17:00-19:00
940GZZLUKSX,King's Cross St Pancras,WED,18:45-19:00,18:45,0.48,08:00-10:00,17:00-19:00
940GZZLUKSX,King's Cross St Pancras,WED,19:00-19:15,19:00,0.43,08:00-10:00,17:00-19:00
940GZZLUKSX,King's Cross St Pancras,WED,19:15-19:30,19:15,0.37,08:00-10:00,17:00-19:00
940GZZLUKSX,King's Cross St Pancras,WED,19:30-19:45,19:30,0.32,08:00-10:00,17:00-19:00
940GZZLUKSX,King's Cross St Pancras,WED,19:45-20:00,19:45,0.28,08:00-10:00,17:00-19:00
940GZZLUKSX,King's Cross St Pancras,WED,20:00-20:15,20:00,0.26,08:00-10:00,17:00-19:00
940GZZLUKSX,King's Cross St Pancras,WED,20:15-20:30,20:15,0.24,08:00-10:00,17:00-19:00
940GZZLUKSX,King's Cross St Pancras,WED,20:30-20:45,20:30,0.24,08:00-10:00,17:00-19:00
940GZZLUKSX,King's Cross St Pancras,WED,20:45-21:00,20:45,0.23,08:00-10:00,17:00-19:00
940GZZLUKSX,King's Cross St Pancras,WED,21:00-21:15,21:00,0.23,08:00-10:00,17:00-19:00
940GZZLUKSX,King's Cross St Pancras,WED,21:15-21:30,21:15,0.21,08:00-10:00,17:00-19:00
940GZZLUKSX,King's Cross St Pancras,WED,21:30-21:45,21:30,0.21,08:00-10:00,17:00-19:00
940GZZLUKSX,King's Cross St Pancras,WED,21:45-22:00,21:45,0.2,08:00-10:00,17:00-19:00
940GZZLUKSX,King's Cross St Pancras,WED,22:00-22:15,22:00,0.2,08:00-10:00,17:00-19:00
940GZZLUKSX,King's Cross St Pancras,WED,22:15-22:30,22:15,0.19,08:00-10:00,17:00-19:00
940GZZLUKSX,King's Cross St Pancras,WED,22:30-22:45,22:30,0.19,08:00-10:00,17:00-19:00
940GZZLUKSX,King's Cross St Pancras,WED,22:45-23:00,22:45,0.18,08:00-10:00,17:00-19:00
940GZZLUKSX,King's Cross St Pancras,WED,23:00-23:15,23:00,0.16,08:00-10:00,17:00-19:00
940GZZLUKSX,King's Cross St Pancras,WED,23:15-23:30,23:15,0.14,08:00-10:00,17:00-19:00
940GZZLUKSX,King's Cross St Pancras,WED,23:30-23:45,23:30,0.12,08:00-10:00,17:00-19:00
940GZZLUKSX,King's Cross St Pancras,WED,23:45-00:00,23:45,0.09,08:00-10:00,17:00-19:00
940GZZLUKSX,King's Cross St Pancras,FRI,00:00-00:15,00:00,0.15,08:00-10:00,17:00-19:00
940GZZLUKSX,King's Cross St Pancras,FRI,00:15-00:30,00:15,0.12,08:00-10:00,17:00-19:00
940GZZLUKSX,King's Cross St Pancras,FRI,00:30-00:45,00:30,0.09,08:00-10:00,17:00-19:00
940GZZLUKSX,King's Cross St Pancras,FRI,00:45-01:00,00:45,0.06,08:00-10:00,17:00-19:00
940GZZLUKSX,King's Cross St Pancras,FRI,01:00-01:15,01:00,0.04,08:00-10:00,17:00-19:00
940GZZLUKSX,King's Cross St Pancras,FRI,01:15-01:30,01:15,0.02,08:00-10:00,17:00-19:00
940GZZLUKSX,King's Cross St Pancras,FRI,01:30-01:45,01:30,0.01,08:00-10:00,17:00-19:00
940GZZLUKSX,King's Cross St Pancras,FRI,01:45-02:00,01:45,0,08:00-10:00,17:00-19:00
940GZZLUKSX,King's Cross St Pancras,FRI,02:00-02:15,02:00,0,08:00-10:00,17:00-19:00
940GZZLUKSX,King's Cross St Pancras,FRI,02:15-02:30,02:15,0,08:00-10:00,17:00-19:00
940GZZLUKSX,King's Cross St Pancras,FRI,02:30-02:45,02:30,0,08:00-10:00,17:00-19:00
940GZZLUKSX,King's Cross St Pancras,FRI,02:45-03:00,02:45,0,08:00-10:00,17:00-19:00
940GZZLUKSX,King's Cross St Pancras,FRI,03:00-03:15,03:00,0,08:00-10:00,17:00-19:00
940GZZLUKSX,King's Cross St Pancras,FRI,03:15-03:30,03:15,0,08:00-10:00,17:00-19:00
940GZZLUKSX,King's Cross St Pancras,FRI,03:30-03:45,03:30,0,08:00-10:00,17:00-19:00
940GZZLUKSX,King's Cross St Pancras,FRI,03:45-04:00,03:45,0,08:00-10:00,17:00-19:00
940GZZLUKSX,King's Cross St Pancras,FRI,04:00-04:15,04:00,0,08:00-10:00,17:00-19:00
940GZZLUKSX,King's Cross St Pancras,FRI,04:15-04:30,04:15,0,08:00-10:00,17:00-19:00
940GZZLUKSX,King's Cross St Pancras,FRI,04:30-04:45,04:30,0,08:00-10:00,17:00-19:00
940GZZLUKSX,King's Cross St Pancras,FRI,04:45-05:00,04:45,0,08:00-10:00,17:00-19:00
940GZZLUKSX,King's Cross St Pancras,FRI,05:00-05:15,05:00,0,08:00-10:00,17:00-19:00
940GZZLUKSX,King's Cross St Pancras,FRI,05:15-05:30,05:15,0.01,08:00-10:00,17:00-19:00
940GZZLUKSX,King's Cross St Pancras,FRI,05:30-05:45,05:30,0.02,08:00-10:00,17:00-19:00
940GZZLUKSX,King's Cross St Pancras,FRI,05:45-06:00,05:45,0.03,08:00-10:00,17:00-19:00
940GZZLUKSX,King's Cross St Pancras,FRI,06:00-06:15,06:00,0.05,08:00-10:00,17:00-19:00
940GZZLUKSX,King's Cross St Pancras,FRI,06:15-06:30,06:15,0.07,08:00-10:00,17:00-19:00
940GZZLUKSX,King's Cross St Pancras,FRI,06:30-06:45,06:30,0.09,08:00-10:00,17:00-19:00
940GZZLUKSX,King's Cross St Pancras,FRI,06:45-07:00,06:45,0.12,08:00-10:00,17:00-19:00
940GZZLUKSX,King's Cross St Pancras,FRI,07:00-07:15,07:00,0.15,08:00-10:00,17:00-19:00
940GZZLUKSX,King's Cross St Pancras,FRI,07:15-07:30,07:15,0.18,08:00-10:00,17:00-19:00
940GZZLUKSX,King's Cross St Pancras,FRI,07:30-07:45,07:30,0.21,08:00-10:00,17:00-19:00
940GZZLUKSX,King's Cross St Pancras,FRI,07:45-08:00,07:45,0.23,08:00-10:00,17:00-19:00
940GZZLUKSX,King's Cross St Pancras,FRI,08:00-08:15,08:00,0.27,08:00-10:00,17:00-19:00
940GZZLUKSX,King's Cross St Pancras,FRI,08:15-08:30,08:15,0.3,08:00-10:00,17:00-19:00
940GZZLUKSX,King's Cross St Pancras,FRI,08:30-08:45,08:30,0.32,08:00-10:00,17:00-19:00
940GZZLUKSX,King's Cross St Pancras,FRI,08:45-09:00,08:45,0.33,08:00-10:00,17:00-19:00
940GZZLUKSX,King's Cross St Pancras,FRI,09:00-09:15,09:00,0.33,08:00-10:00,17:00-19:00
940GZZLUKSX,King's Cross St Pancras,FRI,09:15-09:30,09:15,0.32,08:00-10:00,17:00-19:00
940GZZLUKSX,King's Cross St Pancras,FRI,09:30-09:45,09:30,0.3,08:00-10:00,17:00-19:00
940GZZLUKSX,King's Cross St Pancras,FRI,09:45-10:00,09:45,0.28,08:00-10:00,17:00-19:00
940GZZLUKSX,King's Cross St Pancras,FRI,10:00-10:15,10:00,0.26,08:00-10:00,17:00-19:00
940GZZLUKSX,King's Cross St Pancras,FRI,10:15-10:30,10:15,0.25,08:00-10:00,17:00-19:00
940GZZLUKSX,King's Cross St Pancras,FRI,10:30-10:45,10:30,0.24,08:00-10:00,17:00-19:00
940GZZLUKSX,King's Cross St Pancras,FRI,10:45-11:00,10:45,0.24,08:00-10:00,17:00-19:00
940GZZLUKSX,King's Cross St Pancras,FRI,11:00-11:15,11:00,0.24,08:00-10:00,17:00-19:00
940GZZLUKSX,King's Cross St Pancras,FRI,11:15-11:30,11:15,0.24,08:00-10:00,17:00-19:00
940GZZLUKSX,King's Cross St Pancras,FRI,11:30-11:45,11:30,0.24,08:00-10:00,17:00-19:00
940GZZLUKSX,King's Cross St Pancras,FRI,11:45-12:00,11:45,0.25,08:00-10:00,17:00-19:00
940GZZLUKSX,King's Cross St Pancras,FRI,12:00-12:15,12:00,0.25,08:00-10:00,17:00-19:00
940GZZLUKSX,King's Cross St Pancras,FRI,12:15-12:30,12:15,0.26,08:00-10:00,17:00-19:00
940GZZLUKSX,King's Cross St Pancras,FRI,12:30-12:45,12:30,0.26,08:00-10:00,17:00-19:00
940GZZLUKSX,King's Cross St Pancras,FRI,12:45-13:00,12:45,0.26,08:00-10:00,17:00-19:00
940GZZLUKSX,King's Cross St Pancras,FRI,13:00-13:15,13:00,0.26,08:00-10:00,17:00-19:00
940GZZLUKSX,King's Cross St Pancras,FRI,13:15-13:30,13:15,0.27,08:00-10:00,17:00-19:00
940GZZLUKSX,King's Cross St Pancras,FRI,13:30-13:45,13:30,0.27,08:00-10:00,17:00-19:00
940GZZLUKSX,King's Cross St Pancras,FRI,13:45-14:00,13:45,0.27,08:00-10:00,17:00-19:00
940GZZLUKSX,King's Cross St Pancras,FRI,14:00-14:15,14:00,0.28,08:00-10:00,17:00-19:00
940GZZLUKSX,King's Cross St Pancras,FRI,14:15-14:30,14:15,0.28,08:00-10:00,17:00-19:00
940GZZLUKSX,King's Cross St Pancras,FRI,14:30-14:45,14:30,0.28,08:00-10:00,17:00-19:00
940GZZLUKSX,King's Cross St Pancras,FRI,14:45-15:00,14:45,0.28,08:00-10:00,17:00-19:00
940GZZLUKSX,King's Cross St Pancras,FRI,15:00-15:15,15:00,0.29,08:00-10:00,17:00-19:00
940GZZLUKSX,King's Cross St Pancras,FRI,15:15-15:30,15:15,0.3,08:00-10:00,17:00-19:00
940GZZLUKSX,King's Cross St Pancras,FRI,15:30-15:45,15:30,0.31,08:00-10:00,17:00-19:00
940GZZLUKSX,King's Cross St Pancras,FRI,15:45-16:00,15:45,0.33,08:00-10:00,17:00-19:00
940GZZLUKSX,King's Cross St Pancras,FRI,16:00-16:15,16:00,0.35,08:00-10:00,17:00-19:00
940GZZLUKSX,King's Cross St Pancras,FRI,16:15-16:30,16:15,0.36,08:00-10:00,17:00-19:00
940GZZLUKSX,King's Cross St Pancras,FRI,16:30-16:45,16:30,0.38,08:00-10:00,17:00-19:00
940GZZLUKSX,King's Cross St Pancras,FRI,16:45-17:00,16:45,0.4,08:00-10:00,17:00-19:00
940GZZLUKSX,King's Cross St Pancras,FRI,17:00-17:15,17:00,0.42,08:00-10:00,17:00-19:00
940GZZLUKSX,King's Cross St Pancras,FRI,17:15-17:30,17:15,0.43,08:00-10:00,17:00-19:00
940GZZLUKSX,King's Cross St Pancras,FRI,17:30-17:45,17:30,0.45,08:00-10:00,17:00-19:00
940GZZLUKSX,King's Cross St Pancras,FRI,17:45-18:00,17:45,0.46,08:00-10:00,17:00-19:00
940GZZLUKSX,King's Cross St Pancras,FRI,18:00-18:15,18:00,0.46,08:00-10:00,17:00-19:00
940GZZLUKSX,King's Cross St Pancras,FRI,18:15-18:30,18:15,0.46,08:00-10:00,17:00-19:00
940GZZLUKSX,King's Cross St Pancras,FRI,18:30-18:45,18:30,0.44,08:00-10:00,17:00-19:00
940GZZLUKSX,King's Cross St Pancras,FRI,18:45-19:00,18:45,0.42,08:00-10:00,17:00-19:00
940GZZLUKSX,King's Cross St Pancras,FRI,19:00-19:15,19:00,0.39,08:00-10:00,17:00-19:00
940GZZLUKSX,King's Cross St Pancras,FRI,19:15-19:30,19:15,0.36,08:00-10:00,17:00-19:00
940GZZLUKSX,King's Cross St Pancras,FRI,19:30-19:45,19:30,0.33,08:00-10:00,17:00-19:00
940GZZLUKSX,King's Cross St Pancras,FRI,19:45-20:00,19:45,0.3,08:00-10:00,17:00-19:00
940GZZLUKSX,King's Cross St Pancras,FRI,20:00-20:15,20:00,0.27,08:00-10:00,17:00-19:00
940GZZLUKSX,King's Cross St Pancras,FRI,20:15-20:30,20:15,0.24,08:00-10:00,17:00-19:00
940GZZLUKSX,King's Cross St Pancras,FRI,20:30-20:45,20:30,0.22,08:00-10:00,17:00-19:00
940GZZLUKSX,King's Cross St Pancras,FRI,20:45-21:00,20:45,0.21,08:00-10:00,17:00-19:00
940GZZLUKSX,King's Cross St Pancras,FRI,21:00-21:15,21:00,0.2,08:00-10:00,17:00-19:00
940GZZLUKSX,King's Cross St Pancras,FRI,21:15-21:30,21:15,0.19,08:00-10:00,17:00-19:00
940GZZLUKSX,King's Cross St Pancras,FRI,21:30-21:45,21:30,0.18,08:00-10:00,17:00-19:00
940GZZLUKSX,King's Cross St Pancras,FRI,21:45-22:00,21:45,0.19,08:00-10:00,17:00-19:00
940GZZLUKSX,King's Cross St Pancras,FRI,22:00-22:15,22:00,0.19,08:00-10:00,17:00-19:00
940GZZLUKSX,King's Cross St Pancras,FRI,22:15-22:30,22:15,0.2,08:00-10:00,17:00-19:00
940GZZLUKSX,King's Cross St Pancras,FRI,22:30-22:45,22:30,0.21,08:00-10:00,17:00-19:00
940GZZLUKSX,King's Cross St Pancras,FRI,22:45-23:00,22:45,0.21,08:00-10:00,17:00-19:00
940GZZLUKSX,King's Cross St Pancras,FRI,23:00-23:15,23:00,0.21,08:00-10:00,17:00-19:00
940GZZLUKSX,King's Cross St Pancras,FRI,23:15-23:30,23:15,0.2,08:00-10:00,17:00-19:00
940GZZLUKSX,King's Cross St Pancras,FRI,23:30-23:45,23:30,0.19,08:00-10:00,17:00-19:00
940GZZLUKSX,King's Cross St Pancras,FRI,23:45-00:00,23:45,0.17,08:00-10:00,17:00-19:00
940GZZLUKSX,King's Cross St Pancras,TUE,00:00-00:15,00:00,0.04,08:00-10:00,17:00-19:00
940GZZLUKSX,King's Cross St Pancras,TUE,00:15-00:30,00:15,0.03,08:00-10:00,17:00-19:00
940GZZLUKSX,King's Cross St Pancras,TUE,00:30-00:45,00:30,0.02,08:00-10:00,17:00-19:00
940GZZLUKSX,King's Cross St Pancras,TUE,00:45-01:00,00:45,0.02,08:00-10:00,17:00-19:00
940GZZLUKSX,King's Cross St Pancras,TUE,01:00-01:15,01:00,0.01,08:00-10:00,17:00-19:00
940GZZLUKSX,King's Cross St Pancras,TUE,01:15-01:30,01:15,0.01,08:00-10:00,17:00-19:00
940GZZLUKSX,King's Cross St Pancras,TUE,01:30-01:45,01:30,0,08:00-10:00,17:00-19:00
940GZZLUKSX,King's Cross St Pancras,TUE,01:45-02:00,01:45,0,08:00-10:00,17:00-19:00
940GZZLUKSX,King's Cross St Pancras,TUE,02:00-02:15,02:00,0,08:00-10:00,17:00-19:00
940GZZLUKSX,King's Cross St Pancras,TUE,02:15-02:30,02:15,0,08:00-10:00,17:00-19:00
940GZZLUKSX,King's Cross St Pancras,TUE,02:30-02:45,02:30,0,08:00-10:00,17:00-19:00
940GZZLUKSX,King's Cross St Pancras,TUE,02:45-03:00,02:45,0,08:00-10:00,17:00-19:00
940GZZLUKSX,King's Cross St Pancras,TUE,03:00-03:15,03:00,0,08:00-10:00,17:00-19:00
940GZZLUKSX,King's Cross St Pancras,TUE,03:15-03:30,03:15,0,08:00-10:00,17:00-19:00
940GZZLUKSX,King's Cross St Pancras,TUE,03:30-03:45,03:30,0,08:00-10:00,17:00-19:00
940GZZLUKSX,King's Cross St Pancras,TUE,03:45-04:00,03:45,0,08:00-10:00,17:00-19:00
940GZZLUKSX,King's Cross St Pancras,TUE,04:00-04:15,04:00,0,08:00-10:00,17:00-19:00
940GZZLUKSX,King's Cross St Pancras,TUE,04:15-04:30,04:15,0,08:00-10:00,17:00-19:00
940GZZLUKSX,King's Cross St Pancras,TUE,04:30-04:45,04:30,0,08:00-10:00,17:00-19:00
940GZZLUKSX,King's Cross St Pancras,TUE,04:45-05:00,04:45,0,08:00-10:00,17:00-19:00
940GZZLUKSX,King's Cross St Pancras,TUE,05:00-05:15,05:00,0,08:00-10:00,17:00-19:00
940GZZLUKSX,King's Cross St Pancras,TUE,05:15-05:30,05:15,0.01,08:00-10:00,17:00-19:00
940GZZLUKSX,King's Cross St Pancras,TUE,05:30-05:45,05:30,0.01,08:00-10:00,17:00-19:00
940GZZLUKSX,King's Cross St Pancras,TUE,05:45-06:00,05:45,0.02,08:00-10:00,17:00-19:00
940GZZLUKSX,King's Cross St Pancras,TUE,06:00-06:15,06:00,0.04,08:00-10:00,17:00-19:00
940GZZLUKSX,King's Cross St Pancras,TUE,06:15-06:30,06:15,0.06,08:00-10:00,17:00-19:00
940GZZLUKSX,King's Cross St Pancras,TUE,06:30-06:45,06:30,0.08,08:00-10:00,17:00-19:00
940GZZLUKSX,King's Cross St Pancras,TUE,06:45-07:00,06:45,0.11,08:00-10:00,17:00-19:00
940GZZLUKSX,King's Cross St Pancras,TUE,07:00-07:15,07:00,0.15,08:00-10:00,17:00-19:00
940GZZLUKSX,King's Cross St Pancras,TUE,07:15-07:30,07:15,0.19,08:00-10:00,17:00-19:00
940GZZLUKSX,King's Cross St Pancras,TUE,07:30-07:45,07:30,0.23,08:00-10:00,17:00-19:00
940GZZLUKSX,King's Cross St Pancras,TUE,07:45-08:00,07:45,0.28,08:00-10:00,17:00-19:00
940GZZLUKSX,King's Cross St Pancras,TUE,08:00-08:15,08:00,0.33,08:00-10:00,17:00-19:00
940GZZLUKSX,King's Cross St Pancras,TUE,08:15-08:30,08:15,0.39,08:00-10:00,17:00-19:00
940GZZLUKSX,King's Cross St Pancras,TUE,08:30-08:45,08:30,0.43,08:00-10:00,17:00-19:00
940GZZLUKSX,King's Cross St Pancras,TUE,08:45-09:00,08:45,0.47,08:00-10:00,17:00-19:00
940GZZLUKSX,King's Cross St Pancras,TUE,09:00-09:15,09:00,0.47,08:00-10:00,17:00-19:00
940GZZLUKSX,King's Cross St Pancras,TUE,09:15-09:30,09:15,0.44,08:00-10:00,17:00-19:00
940GZZLUKSX,King's Cross St Pancras,TUE,09:30-09:45,09:30,0.4,08:00-10:00,17:00-19:00
940GZZLUKSX,King's Cross St Pancras,TUE,09:45-10:00,09:45,0.34,08:00-10:00,17:00-19:00
940GZZLUKSX,King's Cross St Pancras,TUE,10:00-10:15,10:00,0.29,08:00-10:00,17:00-19:00
940GZZLUKSX,King's Cross St Pancras,TUE,10:15-10:30,10:15,0.25,08:00-10:00,17:00-19:00
940GZZLUKSX,King's Cross St Pancras,TUE,10:30-10:45,10:30,0.22,08:00-10:00,17:00-19:00
940GZZLUKSX,King's Cross St Pancras,TUE,10:45-11:00,10:45,0.2,08:00-10:00,17:00-19:00
940GZZLUKSX,King's Cross St Pancras,TUE,11:00-11:15,11:00,0.19,08:00-10:00,17:00-19:00
940GZZLUKSX,King's Cross St Pancras,TUE,11:15-11:30,11:15,0.19,08:00-10:00,17:00-19:00
940GZZLUKSX,King's Cross St Pancras,TUE,11:30-11:45,11:30,0.18,08:00-10:00,17:00-19:00
940GZZLUKSX,King's Cross St Pancras,TUE,11:45-12:00,11:45,0.18,08:00-10:00,17:00-19:00
940GZZLUKSX,King's Cross St Pancras,TUE,12:00-12:15,12:00,0.19,08:00-10:00,17:00-19:00
940GZZLUKSX,King's Cross St Pancras,TUE,12:15-12:30,12:15,0.19,08:00-10:00,17:00-19:00
940GZZLUKSX,King's Cross St Pancras,TUE,12:30-12:45,12:30,0.19,08:00-10:00,17:00-19:00
940GZZLUKSX,King's Cross St Pancras,TUE,12:45-13:00,12:45,0.19,08:00-10:00,17:00-19:00
940GZZLUKSX,King's Cross St Pancras,TUE,13:00-13:15,13:00,0.19,08:00-10:00,17:00-19:00
940GZZLUKSX,King's Cross St Pancras,TUE,13:15-13:30,13:15,0.19,08:00-10:00,17:00-19:00
940GZZLUKSX,King's Cross St Pancras,TUE,13:30-13:45,13:30,0.19,08:00-10:00,17:00-19:00
940GZZLUKSX,King's Cross St Pancras,TUE,13:45-14:00,13:45,0.19,08:00-10:00,17:00-19:00
940GZZLUKSX,King's Cross St Pancras,TUE,14:00-14:15,14:00,0.19,08:00-10:00,17:00-19:00
940GZZLUKSX,King's Cross St Pancras,TUE,14:15-14:30,14:15,0.19,08:00-10:00,17:00-19:00
940GZZLUKSX,King's Cross St Pancras,TUE,14:30-14:45,14:30,0.19,08:00-10:00,17:00-19:00
940GZZLUKSX,King's Cross St Pancras,TUE,14:45-15:00,14:45,0.2,08:00-10:00,17:00-19:00
940GZZLUKSX,King's Cross St Pancras,TUE,15:00-15:15,15:00,0.2,08:00-10:00,17:00-19:00
940GZZLUKSX,King's Cross St Pancras,TUE,15:15-15:30,15:15,0.21,08:00-10:00,17:00-19:00
940GZZLUKSX,King's Cross St Pancras,TUE,15:30-15:45,15:30,0.23,08:00-10:00,17:00-19:00
940GZZLUKSX,King's Cross St Pancras,TUE,15:45-16:00,15:45,0.24,08:00-10:00,17:00-19:00
940GZZLUKSX,King's Cross St Pancras,TUE,16:00-16:15,16:00,0.27,08:00-10:00,17:00-19:00
940GZZLUKSX,King's Cross St Pancras,TUE,16:15-16:30,16:15,0.29,08:00-10:00,17:00-19:00
940GZZLUKSX,King's Cross St Pancras,TUE,16:30-16:45,16:30,0.31,08:00-10:00,17:00-19:00
940GZZLUKSX,King's Cross St Pancras,TUE,16:45-17:00,16:45,0.34,08:00-10:00,17:00-19:00
940GZZLUKSX,King's Cross St Pancras,TUE,17:00-17:15,17:00,0.37,08:00-10:00,17:00-19:00
940GZZLUKSX,King's Cross St Pancras,TUE,17:15-17:30,17:15,0.4,08:00-10:00,17:00-19:00
940GZZLUKSX,King's Cross St Pancras,TUE,17:30-17:45,17:30,0.43,08:00-10:00,17:00-19:00
940GZZLUKSX,King's Cross St Pancras,TUE,17:45-18:00,17:45,0.45,08:00-10:00,17:00-19:00
940GZZLUKSX,King's Cross St Pancras,TUE,18:00-18:15,18:00,0.46,08:00-10:00,17:00-19:00
940GZZLUKSX,King's Cross St Pancras,TUE,18:15-18:30,18:15,0.44,08:00-10:00,17:00-19:00
940GZZLUKSX,King's Cross St Pancras,TUE,18:30-18:45,18:30,0.41,08:00-10:00,17:00-19:00
940GZZLUKSX,King's Cross St Pancras,TUE,18:45-19:00,18:45,0.38,08:00-10:00,17:00-19:00
940GZZLUKSX,King's Cross St Pancras,TUE,19:00-19:15,19:00,0.33,08:00-10:00,17:00-19:00
940GZZLUKSX,King's Cross St Pancras,TUE,19:15-19:30,19:15,0.29,08:00-10:00,17:00-19:00
940GZZLUKSX,King's Cross St Pancras,TUE,19:30-19:45,19:30,0.26,08:00-10:00,17:00-19:00
940GZZLUKSX,King's Cross St Pancras,TUE,19:45-20:00,19:45,0.23,08:00-10:00,17:00-19:00
940GZZLUKSX,King's Cross St Pancras,TUE,20:00-20:15,20:00,0.21,08:00-10:00,17:00-19:00
940GZZLUKSX,King's Cross St Pancras,TUE,20:15-20:30,20:15,0.2,08:00-10:00,17:00-19:00
940GZZLUKSX,King's Cross St Pancras,TUE,20:30-20:45,20:30,0.19,08:00-10:00,17:00-19:00
940GZZLUKSX,King's Cross St Pancras,TUE,20:45-21:00,20:45,0.18,08:00-10:00,17:00-19:00
940GZZLUKSX,King's Cross St Pancras,TUE,21:00-21:15,21:00,0.17,08:00-10:00,17:00-19:00
940GZZLUKSX,King's Cross St Pancras,TUE,21:15-21:30,21:15,0.16,08:00-10:00,17:00-19:00
940GZZLUKSX,King's Cross St Pancras,TUE,21:30-21:45,21:30,0.15,08:00-10:00,17:00-19:00
940GZZLUKSX,King's Cross St Pancras,TUE,21:45-22:00,21:45,0.14,08:00-10:00,17:00-19:00
940GZZLUKSX,King's Cross St Pancras,TUE,22:00-22:15,22:00,0.14,08:00-10:00,17:00-19:00
940GZZLUKSX,King's Cross St Pancras,TUE,22:15-22:30,22:15,0.14,08:00-10:00,17:00-19:00
940GZZLUKSX,King's Cross St Pancras,TUE,22:30-22:45,22:30,0.13,08:00-10:00,17:00-19:00
940GZZLUKSX,King's Cross St Pancras,TUE,22:45-23:00,22:45,0.12,08:00-10:00,17:00-19:00
940GZZLUKSX,King's Cross St Pancras,TUE,23:00-23:15,23:00,0.11,08:00-10:00,17:00-19:00
940GZZLUKSX,King's Cross St Pancras,TUE,23:15-23:30,23:15,0.09,08:00-10:00,17:00-19:00
940GZZLUKSX,King's Cross St Pancras,TUE,23:30-23:45,23:30,0.08,08:00-10:00,17:00-19:00
940GZZLUKSX,King's Cross St Pancras,TUE,23:45-00:00,23:45,0.05,08:00-10:00,17:00-19:00
940GZZLUKSX,King's Cross St Pancras,THU,00:00-00:15,00:00,0.09,08:00-10:00,17:00-19:00
940GZZLUKSX,King's Cross St Pancras,THU,00:15-00:30,00:15,0.06,08:00-10:00,17:00-19:00
940GZZLUKSX,King's Cross St Pancras,THU,00:30-00:45,00:30,0.04,08:00-10:00,17:00-19:00
940GZZLUKSX,King's Cross St Pancras,THU,00:45-01:00,00:45,0.03,08:00-10:00,17:00-19:00
940GZZLUKSX,King's Cross St Pancras,THU,01:00-01:15,01:00,0.02,08:00-10:00,17:00-19:00
940GZZLUKSX,King's Cross St Pancras,THU,01:15-01:30,01:15,0.01,08:00-10:00,17:00-19:00
940GZZLUKSX,King's Cross St Pancras,THU,01:30-01:45,01:30,0,08:00-10:00,17:00-19:00
940GZZLUKSX,King's Cross St Pancras,THU,01:45-02:00,01:45,0,08:00-10:00,17:00-19:00
940GZZLUKSX,King's Cross St Pancras,THU,02:00-02:15,02:00,0,08:00-10:00,17:00-19:00
940GZZLUKSX,King's Cross St Pancras,THU,02:15-02:30,02:15,0,08:00-10:00,17:00-19:00
940GZZLUKSX,King's Cross St Pancras,THU,02:30-02:45,02:30,0,08:00-10:00,17:00-19:00
940GZZLUKSX,King's Cross St Pancras,THU,02:45-03:00,02:45,0,08:00-10:00,17:00-19:00
940GZZLUKSX,King's Cross St Pancras,THU,03:00-03:15,03:00,0,08:00-10:00,17:00-19:00
940GZZLUKSX,King's Cross St Pancras,THU,03:15-03:30,03:15,0,08:00-10:00,17:00-19:00
940GZZLUKSX,King's Cross St Pancras,THU,03:30-03:45,03:30,0,08:00-10:00,17:00-19:00
940GZZLUKSX,King's Cross St Pancras,THU,03:45-04:00,03:45,0,08:00-10:00,17:00-19:00
940GZZLUKSX,King's Cross St Pancras,THU,04:00-04:15,04:00,0,08:00-10:00,17:00-19:00
940GZZLUKSX,King's Cross St Pancras,THU,04:15-04:30,04:15,0,08:00-10:00,17:00-19:00
940GZZLUKSX,King's Cross St Pancras,THU,04:30-04:45,04:30,0,08:00-10:00,17:00-19:00
940GZZLUKSX,King's Cross St Pancras,THU,04:45-05:00,04:45,0,08:00-10:00,17:00-19:00
940GZZLUKSX,King's Cross St Pancras,THU,05:00-05:15,05:00,0,08:00-10:00,17:00-19:00
940GZZLUKSX,King's Cross St Pancras,THU,05:15-05:30,05:15,0.01,08:00-10:00,17:00-19:00
940GZZLUKSX,King's Cross St Pancras,THU,05:30-05:45,05:30,0.01,08:00-10:00,17:00-19:00
940GZZLUKSX,King's Cross St Pancras,THU,05:45-06:00,05:45,0.03,08:00-10:00,17:00-19:00
940GZZLUKSX,King's Cross St Pancras,THU,06:00-06:15,06:00,0.05,08:00-10:00,17:00-19:00
940GZZLUKSX,King's Cross St Pancras,THU,06:15-06:30,06:15,0.07,08:00-10:00,17:00-19:00
940GZZLUKSX,King's Cross St Pancras,THU,06:30-06:45,06:30,0.1,08:00-10:00,17:00-19:00
940GZZLUKSX,King's Cross St Pancras,THU,06:45-07:00,06:45,0.13,08:00-10:00,17:00-19:00
940GZZLUKSX,King's Cross St Pancras,THU,07:00-07:15,07:00,0.17,08:00-10:00,17:00-19:00
940GZZLUKSX,King's Cross St Pancras,THU,07:15-07:30,07:15,0.21,08:00-10:00,17:00-19:00
940GZZLUKSX,King's Cross St Pancras,THU,07:30-07:45,07:30,0.26,08:00-10:00,17:00-19:00
940GZZLUKSX,King's Cross St Pancras,THU,07:45-08:00,07:45,0.31,08:00-10:00,17:00-19:00
940GZZLUKSX,King's Cross St Pancras,THU,08:00-08:15,08:00,0.37,08:00-10:00,17:00-19:00
940GZZLUKSX,King's Cross St Pancras,THU,08:15-08:30,08:15,0.44,08:00-10:00,17:00-19:00
940GZZLUKSX,King's Cross St Pancras,THU,08:30-08:45,08:30,0.49,08:00-10:00,17:00-19:00
940GZZLUKSX,King's Cross St Pancras,THU,08:45-09:00,08:45,0.53,08:00-10:00,17:00-19:00
940GZZLUKSX,King's Cross St Pancras,THU,09:00-09:15,09:00,0.54,08:00-10:00,17:00-19:00
940GZZLUKSX,King's Cross St Pancras,THU,09:15-09:30,09:15,0.51,08:00-10:00,17:00-19:00
940GZZLUKSX,King's Cross St Pancras,THU,09:30-09:45,09:30,0.46,08:00-10:00,17:00-19:00
940GZZLUKSX,King's Cross St Pancras,THU,09:45-10:00,09:45,0.4,08:00-10:00,17:00-19:00
940GZZLUKSX,King's Cross St Pancras,THU,10:00-10:15,10:00,0.35,08:00-10:00,17:00-19:00
940GZZLUKSX,King's Cross St Pancras,THU,10:15-10:30,10:15,0.31,08:00-10:00,17:00-19:00
940GZZLUKSX,King's Cross St Pancras,THU,10:30-10:45,10:30,0.28,08:00-10:00,17:00-19:00
940GZZLUKSX,King's Cross St Pancras,THU,10:45-11:00,10:45,0.26,08:00-10:00,17:00-19:00
940GZZLUKSX,King's Cross St Pancras,THU,11:00-11:15,11:00,0.25,08:00-10:00,17:00-19:00
940GZZLUKSX,King's Cross St Pancras,THU,11:15-11:30,11:15,0.24,08:00-10:00,17:00-19:00
940GZZLUKSX,King's Cross St Pancras,THU,11:30-11:45,11:30,0.24,08:00-10:00,17:00-19:00
940GZZLUKSX,King's Cross St Pancras,THU,11:45-12:00,11:45,0.25,08:00-10:00,17:00-19:00
940GZZLUKSX,King's Cross St Pancras,THU,12:00-12:15,12:00,0.25,08:00-10:00,17:00-19:00
940GZZLUKSX,King's Cross St Pancras,THU,12:15-12:30,12:15,0.26,08:00-10:00,17:00-19:00
940GZZLUKSX,King's Cross St Pancras,THU,12:30-12:45,12:30,0.26,08:00-10:00,17:00-19:00
940GZZLUKSX,King's Cross St Pancras,THU,12:45-13:00,12:45,0.26,08:00-10:00,17:00-19:00
940GZZLUKSX,King's Cross St Pancras,THU,13:00-13:15,13:00,0.26,08:00-10:00,17:00-19:00
940GZZLUKSX,King's Cross St Pancras,THU,13:15-13:30,13:15,0.26,08:00-10:00,17:00-19:00
940GZZLUKSX,King's Cross St Pancras,THU,13:30-13:45,13:30,0.26,08:00-10:00,17:00-19:00
940GZZLUKSX,King's Cross St Pancras,THU,13:45-14:00,13:45,0.26,08:00-10:00,17:00-19:00
940GZZLUKSX,King's Cross St Pancras,THU,14:00-14:15,14:00,0.26,08:00-10:00,17:00-19:00
940GZZLUKSX,King's Cross St Pancras,THU,14:15-14:30,14:15,0.26,08:00-10:00,17:00-19:00
940GZZLUKSX,King's Cross St Pancras,THU,14:30-14:45,14:30,0.25,08:00-10:00,17:00-19:00
940GZZLUKSX,King's Cross St Pancras,THU,14:45-15:00,14:45,0.26,08:00-10:00,17:00-19:00
940GZZLUKSX,King's Cross St Pancras,THU,15:00-15:15,15:00,0.27,08:00-10:00,17:00-19:00
940GZZLUKSX,King's Cross St Pancras,THU,15:15-15:30,15:15,0.28,08:00-10:00,17:00-19:00
940GZZLUKSX,King's Cross St Pancras,THU,15:30-15:45,15:30,0.29,08:00-10:00,17:00-19:00
940GZZLUKSX,King's Cross St Pancras,THU,15:45-16:00,15:45,0.31,08:00-10:00,17:00-19:00
940GZZLUKSX,King's Cross St Pancras,THU,16:00-16:15,16:00,0.34,08:00-10:00,17:00-19:00
940GZZLUKSX,King's Cross St Pancras,THU,16:15-16:30,16:15,0.37,08:00-10:00,17:00-19:00
940GZZLUKSX,King's Cross St Pancras,THU,16:30-16:45,16:30,0.39,08:00-10:00,17:00-19:00
940GZZLUKSX,King's Cross St Pancras,THU,16:45-17:00,16:45,0.42,08:00-10:00,17:00-19:00
940GZZLUKSX,King's Cross St Pancras,THU,17:00-17:15,17:00,0.46,08:00-10:00,17:00-19:00
940GZZLUKSX,King's Cross St Pancras,THU,17:15-17:30,17:15,0.49,08:00-10:00,17:00-19:00
940GZZLUKSX,King's Cross St Pancras,THU,17:30-17:45,17:30,0.52,08:00-10:00,17:00-19:00
940GZZLUKSX,King's Cross St Pancras,THU,17:45-18:00,17:45,0.55,08:00-10:00,17:00-19:00
940GZZLUKSX,King's Cross St Pancras,THU,18:00-18:15,18:00,0.56,08:00-10:00,17:00-19:00
940GZZLUKSX,King's Cross St Pancras,THU,18:15-18:30,18:15,0.56,08:00-10:00,17:00-19:00
940GZZLUKSX,King's Cross St Pancras,THU,18:30-18:45,18:30,0.53,08:00-10:00,17:00-19:00
940GZZLUKSX,King's Cross St Pancras,THU,18:45-19:00,18:45,0.49,08:00-10:00,17:00-19:00
940GZZLUKSX,King's Cross St Pancras,THU,19:00-19:15,19:00,0.45,08:00-10:00,17:00-19:00
940GZZLUKSX,King's Cross St Pancras,THU,19:15-19:30,19:15,0.4,08:00-10:00,17:00-19:00
940GZZLUKSX,King's Cross St Pancras,THU,19:30-19:45,19:30,0.35,08:00-10:00,17:00-19:00
940GZZLUKSX,King's Cross St Pancras,THU,19:45-20:00,19:45,0.32,08:00-10:00,17:00-19:00
940GZZLUKSX,King's Cross St Pancras,THU,20:00-20:15,20:00,0.3,08:00-10:00,17:00-19:00
940GZZLUKSX,King's Cross St Pancras,THU,20:15-20:30,20:15,0.28,08:00-10:00,17:00-19:00
940GZZLUKSX,King's Cross St Pancras,THU,20:30-20:45,20:30,0.26,08:00-10:00,17:00-19:00
940GZZLUKSX,King's Cross St Pancras,THU,20:45-21:00,20:45,0.25,08:00-10:00,17:00-19:00
940GZZLUKSX,King's Cross St Pancras,THU,21:00-21:15,21:00,0.24,08:00-10:00,17:00-19:00
940GZZLUKSX,King's Cross St Pancras,THU,21:15-21:30,21:15,0.23,08:00-10:00,17:00-19:00
940GZZLUKSX,King's Cross St Pancras,THU,21:30-21:45,21:30,0.22,08:00-10:00,17:00-19:00
940GZZLUKSX,King's Cross St Pancras,THU,21:45-22:00,21:45,0.22,08:00-10:00,17:00-19:00
940GZZLUKSX,King's Cross St Pancras,THU,22:00-22:15,22:00,0.22,08:00-10:00,17:00-19:00
940GZZLUKSX,King's Cross St Pancras,THU,22:15-22:30,22:15,0.22,08:00-10:00,17:00-19:00
940GZZLUKSX,King's Cross St Pancras,THU,22:30-22:45,22:30,0.21,08:00-10:00,17:00-19:00
940GZZLUKSX,King's Cross St Pancras,THU,22:45-23:00,22:45,0.2,08:00-10:00,17:00-19:00
940GZZLUKSX,King's Cross St Pancras,THU,23:00-23:15,23:00,0.18,08:00-10:00,17:00-19:00
940GZZLUKSX,King's Cross St Pancras,THU,23:15-23:30,23:15,0.16,08:00-10:00,17:00-19:00
940GZZLUKSX,King's Cross St Pancras,THU,23:30-23:45,23:30,0.14,08:00-10:00,17:00-19:00
940GZZLUKSX,King's Cross St Pancras,THU,23:45-00:00,23:45,0.11,08:00-10:00,17:00-19:00
940GZZLUKSX,King's Cross St Pancras,MON,00:00-00:15,00:00,0.04,08:00-10:00,17:00-19:00
940GZZLUKSX,King's Cross St Pancras,MON,00:15-00:30,00:15,0.03,08:00-10:00,17:00-19:00
940GZZLUKSX,King's Cross St Pancras,MON,00:30-00:45,00:30,0.02,08:00-10:00,17:00-19:00
940GZZLUKSX,King's Cross St Pancras,MON,00:45-01:00,00:45,0.02,08:00-10:00,17:00-19:00
940GZZLUKSX,King's Cross St Pancras,MON,01:00-01:15,01:00,0.01,08:00-10:00,17:00-19:00
940GZZLUKSX,King's Cross St Pancras,MON,01:15-01:30,01:15,0.01,08:00-10:00,17:00-19:00
940GZZLUKSX,King's Cross St Pancras,MON,01:30-01:45,01:30,0,08:00-10:00,17:00-19:00
940GZZLUKSX,King's Cross St Pancras,MON,01:45-02:00,01:45,0,08:00-10:00,17:00-19:00
940GZZLUKSX,King's Cross St Pancras,MON,02:00-02:15,02:00,0,08:00-10:00,17:00-19:00
940GZZLUKSX,King's Cross St Pancras,MON,02:15-02:30,02:15,0,08:00-10:00,17:00-19:00
940GZZLUKSX,King's Cross St Pancras,MON,02:30-02:45,02:30,0,08:00-10:00,17:00-19:00
940GZZLUKSX,King's Cross St Pancras,MON,02:45-03:00,02:45,0,08:00-10:00,17:00-19:00
940GZZLUKSX,King's Cross St Pancras,MON,03:00-03:15,03:00,0,08:00-10:00,17:00-19:00
940GZZLUKSX,King's Cross St Pancras,MON,03:15-03:30,03:15,0,08:00-10:00,17:00-19:00
940GZZLUKSX,King's Cross St Pancras,MON,03:30-03:45,03:30,0,08:00-10:00,17:00-19:00
940GZZLUKSX,King's Cross St Pancras,MON,03:45-04:00,03:45,0,08:00-10:00,17:00-19:00
940GZZLUKSX,King's Cross St Pancras,MON,04:00-04:15,04:00,0,08:00-10:00,17:00-19:00
940GZZLUKSX,King's Cross St Pancras,MON,04:15-04:30,04:15,0,08:00-10:00,17:00-19:00
940GZZLUKSX,King's Cross St Pancras,MON,04:30-04:45,04:30,0,08:00-10:00,17:00-19:00
940GZZLUKSX,King's Cross St Pancras,MON,04:45-05:00,04:45,0,08:00-10:00,17:00-19:00
940GZZLUKSX,King's Cross St Pancras,MON,05:00-05:15,05:00,0,08:00-10:00,17:00-19:00
940GZZLUKSX,King's Cross St Pancras,MON,05:15-05:30,05:15,0.01,08:00-10:00,17:00-19:00
940GZZLUKSX,King's Cross St Pancras,MON,05:30-05:45,05:30,0.01,08:00-10:00,17:00-19:00
940GZZLUKSX,King's Cross St Pancras,MON,05:45-06:00,05:45,0.03,08:00-10:00,17:00-19:00
940GZZLUKSX,King's Cross St Pancras,MON,06:00-06:15,06:00,0.04,08:00-10:00,17:00-19:00
940GZZLUKSX,King's Cross St Pancras,MON,06:15-06:30,06:15,0.06,08:00-10:00,17:00-19:00
940GZZLUKSX,King's Cross St Pancras,MON,06:30-06:45,06:30,0.09,08:00-10:00,17:00-19:00
940GZZLUKSX,King's Cross St Pancras,MON,06:45-07:00,06:45,0.12,08:00-10:00,17:00-19:00
940GZZLUKSX,King's Cross St Pancras,MON,07:00-07:15,07:00,0.15,08:00-10:00,17:00-19:00
940GZZLUKSX,King's Cross St Pancras,MON,07:15-07:30,07:15,0.18,08:00-10:00,17:00-19:00
940GZZLUKSX,King's Cross St Pancras,MON,07:30-07:45,07:30,0.22,08:00-10:00,17:00-19:00
940GZZLUKSX,King's Cross St Pancras,MON,07:45-08:00,07:45,0.26,08:00-10:00,17:00-19:00
940GZZLUKSX,King's Cross St Pancras,MON,08:00-08:15,08:00,0.3,08:00-10:00,17:00-19:00
940GZZLUKSX,King's Cross St Pancras,MON,08:15-08:30,08:15,0.34,08:00-10:00,17:00-19:00
940GZZLUKSX,King's Cross St Pancras,MON,08:30-08:45,08:30,0.38,08:00-10:00,17:00-19:00
940GZZLUKSX,King's Cross St Pancras,MON,08:45-09:00,08:45,0.39,08:00-10:00,17:00-19:00
940GZZLUKSX,King's Cross St Pancras,MON,09:00-09:15,09:00,0.39,08:00-10:00,17:00-19:00
940GZZLUKSX,King's Cross St Pancras,MON,09:15-09:30,09:15,0.37,08:00-10:00,17:00-19:00
940GZZLUKSX,King's Cross St Pancras,MON,09:30-09:45,09:30,0.33,08:00-10:00,17:00-19:00
940GZZLUKSX,King's Cross St Pancras,MON,09:45-10:00,09:45,0.29,08:00-10:00,17:00-19:00
940GZZLUKSX,King's Cross St Pancras,MON,10:00-10:15,10:00,0.27,08:00-10:00,17:00-19:00
940GZZLUKSX,King's Cross St Pancras,MON,10:15-10:30,10:15,0.25,08:00-10:00,17:00-19:00
940GZZLUKSX,King's Cross St Pancras,MON,10:30-10:45,10:30,0.23,08:00-10:00,17:00-19:00
940GZZLUKSX,King's Cross St Pancras,MON,10:45-11:00,10:45,0.23,08:00-10:00,17:00-19:00
940GZZLUKSX,King's Cross St Pancras,MON,11:00-11:15,11:00,0.23,08:00-10:00,17:00-19:00
940GZZLUKSX,King's Cross St Pancras,MON,11:15-11:30,11:15,0.23,08:00-10:00,17:00-19:00
940GZZLUKSX,King's Cross St Pancras,MON,11:30-11:45,11:30,0.23,08:00-10:00,17:00-19:00
940GZZLUKSX,King's Cross St Pancras,MON,11:45-12:00,11:45,0.23,08:00-10:00,17:00-19:00
940GZZLUKSX,King's Cross St Pancras,MON,12:00-12:15,12:00,0.24,08:00-10:00,17:00-19:00
940GZZLUKSX,King's Cross St Pancras,MON,12:15-12:30,12:15,0.24,08:00-10:00,17:00-19:00
940GZZLUKSX,King's Cross St Pancras,MON,12:30-12:45,12:30,0.24,08:00-10:00,17:00-19:00
940GZZLUKSX,King's Cross St Pancras,MON,12:45-13:00,12:45,0.24,08:00-10:00,17:00-19:00
940GZZLUKSX,King's Cross St Pancras,MON,13:00-13:15,13:00,0.25,08:00-10:00,17:00-19:00
940GZZLUKSX,King's Cross St Pancras,MON,13:15-13:30,13:15,0.25,08:00-10:00,17:00-19:00
940GZZLUKSX,King's Cross St Pancras,MON,13:30-13:45,13:30,0.24,08:00-10:00,17:00-19:00
940GZZLUKSX,King's Cross St Pancras,MON,13:45-14:00,13:45,0.25,08:00-10:00,17:00-19:00
940GZZLUKSX,King's Cross St Pancras,MON,14:00-14:15,14:00,0.24,08:00-10:00,17:00-19:00
940GZZLUKSX,King's Cross St Pancras,MON,14:15-14:30,14:15,0.24,08:00-10:00,17:00-19:00
940GZZLUKSX,King's Cross St Pancras,MON,14:30-14:45,14:30,0.24,08:00-10:00,17:00-19:00
940GZZLUKSX,King's Cross St Pancras,MON,14:45-15:00,14:45,0.24,08:00-10:00,17:00-19:00
940GZZLUKSX,King's Cross St Pancras,MON,15:00-15:15,15:00,0.24,08:00-10:00,17:00-19:00
940GZZLUKSX,King's Cross St Pancras,MON,15:15-15:30,15:15,0.25,08:00-10:00,17:00-19:00
940GZZLUKSX,King's Cross St Pancras,MON,15:30-15:45,15:30,0.25,08:00-10:00,17:00-19:00
940GZZLUKSX,King's Cross St Pancras,MON,15:45-16:00,15:45,0.27,08:00-10:00,17:00-19:00
940GZZLUKSX,King's Cross St Pancras,MON,16:00-16:15,16:00,0.28,08:00-10:00,17:00-19:00
940GZZLUKSX,King's Cross St Pancras,MON,16:15-16:30,16:15,0.29,08:00-10:00,17:00-19:00
940GZZLUKSX,King's Cross St Pancras,MON,16:30-16:45,16:30,0.31,08:00-10:00,17:00-19:00
940GZZLUKSX,King's Cross St Pancras,MON,16:45-17:00,16:45,0.34,08:00-10:00,17:00-19:00
940GZZLUKSX,King's Cross St Pancras,MON,17:00-17:15,17:00,0.36,08:00-10:00,17:00-19:00
940GZZLUKSX,King's Cross St Pancras,MON,17:15-17:30,17:15,0.38,08:00-10:00,17:00-19:00
940GZZLUKSX,King's Cross St Pancras,MON,17:30-17:45,17:30,0.41,08:00-10:00,17:00-19:00
940GZZLUKSX,King's Cross St Pancras,MON,17:45-18:00,17:45,0.42,08:00-10:00,17:00-19:00
940GZZLUKSX,King's Cross St Pancras,MON,18:00-18:15,18:00,0.43,08:00-10:00,17:00-19:00
940GZZLUKSX,King's Cross St Pancras,MON,18:15-18:30,18:15,0.42,08:00-10:00,17:00-19:00
940GZZLUKSX,King's Cross St Pancras,MON,18:30-18:45,18:30,0.39,08:00-10:00,17:00-19:00
940GZZLUKSX,King's Cross St Pancras,MON,18:45-19:00,18:45,0.36,08:00-10:00,17:00-19:00
940GZZLUKSX,King's Cross St Pancras,MON,19:00-19:15,19:00,0.32,08:00-10:00,17:00-19:00
940GZZLUKSX,King's Cross St Pancras,MON,19:15-19:30,19:15,0.28,08:00-10:00,17:00-19:00
940GZZLUKSX,King's Cross St Pancras,MON,19:30-19:45,19:30,0.25,08:00-10:00,17:00-19:00
940GZZLUKSX,King's Cross St Pancras,MON,19:45-20:00,19:45,0.23,08:00-10:00,17:00-19:00
940GZZLUKSX,King's Cross St Pancras,MON,20:00-20:15,20:00,0.22,08:00-10:00,17:00-19:00
940GZZLUKSX,King's Cross St Pancras,MON,20:15-20:30,20:15,0.21,08:00-10:00,17:00-19:00
940GZZLUKSX,King's Cross St Pancras,MON,20:30-20:45,20:30,0.19,08:00-10:00,17:00-19:00
940GZZLUKSX,King's Cross St Pancras,MON,20:45-21:00,20:45,0.18,08:00-10:00,17:00-19:00
940GZZLUKSX,King's Cross St Pancras,MON,21:00-21:15,21:00,0.17,08:00-10:00,17:00-19:00
940GZZLUKSX,King's Cross St Pancras,MON,21:15-21:30,21:15,0.16,08:00-10:00,17:00-19:00
940GZZLUKSX,King's Cross St Pancras,MON,21:30-21:45,21:30,0.16,08:00-10:00,17:00-19:00
940GZZLUKSX,King's Cross St Pancras,MON,21:45-22:00,21:45,0.15,08:00-10:00,17:00-19:00
940GZZLUKSX,King's Cross St Pancras,MON,22:00-22:15,22:00,0.15,08:00-10:00,17:00-19:00
940GZZLUKSX,King's Cross St Pancras,MON,22:15-22:30,22:15,0.14,08:00-10:00,17:00-19:00
940GZZLUKSX,King's Cross St Pancras,MON,22:30-22:45,22:30,0.13,08:00-10:00,17:00-19:00
940GZZLUKSX,King's Cross St Pancras,MON,22:45-23:00,22:45,0.12,08:00-10:00,17:00-19:00
940GZZLUKSX,King's Cross St Pancras,MON,23:00-23:15,23:00,0.11,08:00-10:00,17:00-19:00
940GZZLUKSX,King's Cross St Pancras,MON,23:15-23:30,23:15,0.09,08:00-10:00,17:00-19:00
940GZZLUKSX,King's Cross St Pancras,MON,23:30-23:45,23:30,0.07,08:00-10:00,17:00-19:00
940GZZLUKSX,King's Cross St Pancras,MON,23:45-00:00,23:45,0.06,08:00-10:00,17:00-19:00
940GZZLUKSX,King's Cross St Pancras,SAT,00:00-00:15,00:00,0.16,11:45-13:45,17:00-19:00
940GZZLUKSX,King's Cross St Pancras,SAT,00:15-00:30,00:15,0.12,11:45-13:45,17:00-19:00
940GZZLUKSX,King's Cross St Pancras,SAT,00:30-00:45,00:30,0.09,11:45-13:45,17:00-19:00
940GZZLUKSX,King's Cross St Pancras,SAT,00:45-01:00,00:45,0.07,11:45-13:45,17:00-19:00
940GZZLUKSX,King's Cross St Pancras,SAT,01:00-01:15,01:00,0.05,11:45-13:45,17:00-19:00
940GZZLUKSX,King's Cross St Pancras,SAT,01:15-01:30,01:15,0.04,11:45-13:45,17:00-19:00
940GZZLUKSX,King's Cross St Pancras,SAT,01:30-01:45,01:30,0.03,11:45-13:45,17:00-19:00
940GZZLUKSX,King's Cross St Pancras,SAT,01:45-02:00,01:45,0.02,11:45-13:45,17:00-19:00
940GZZLUKSX,King's Cross St Pancras,SAT,02:00-02:15,02:00,0.01,11:45-13:45,17:00-19:00
940GZZLUKSX,King's Cross St Pancras,SAT,02:15-02:30,02:15,0.01,11:45-13:45,17:00-19:00
940GZZLUKSX,King's Cross St Pancras,SAT,02:30-02:45,02:30,0.01,11:45-13:45,17:00-19:00
940GZZLUKSX,King's Cross St Pancras,SAT,02:45-03:00,02:45,0.01,11:45-13:45,17:00-19:00
940GZZLUKSX,King's Cross St Pancras,SAT,03:00-03:15,03:00,0.01,11:45-13:45,17:00-19:00
940GZZLUKSX,King's Cross St Pancras,SAT,03:15-03:30,03:15,0.01,11:45-13:45,17:00-19:00
940GZZLUKSX,King's Cross St Pancras,SAT,03:30-03:45,03:30,0.01,11:45-13:45,17:00-19:00
940GZZLUKSX,King's Cross St Pancras,SAT,03:45-04:00,03:45,0.01,11:45-13:45,17:00-19:00
940GZZLUKSX,King's Cross St Pancras,SAT,04:00-04:15,04:00,0.01,11:45-13:45,17:00-19:00
940GZZLUKSX,King's Cross St Pancras,SAT,04:15-04:30,04:15,0.01,11:45-13:45,17:00-19:00
940GZZLUKSX,King's Cross St Pancras,SAT,04:30-04:45,04:30,0.01,11:45-13:45,17:00-19:00
940GZZLUKSX,King's Cross St Pancras,SAT,04:45-05:00,04:45,0.01,11:45-13:45,17:00-19:00
940GZZLUKSX,King's Cross St Pancras,SAT,05:00-05:15,05:00,0.01,11:45-13:45,17:00-19:00
940GZZLUKSX,King's Cross St Pancras,SAT,05:15-05:30,05:15,0.02,11:45-13:45,17:00-19:00
940GZZLUKSX,King's Cross St Pancras,SAT,05:30-05:45,05:30,0.02,11:45-13:45,17:00-19:00
940GZZLUKSX,King's Cross St Pancras,SAT,05:45-06:00,05:45,0.03,11:45-13:45,17:00-19:00
940GZZLUKSX,King's Cross St Pancras,SAT,06:00-06:15,06:00,0.04,11:45-13:45,17:00-19:00
940GZZLUKSX,King's Cross St Pancras,SAT,06:15-06:30,06:15,0.04,11:45-13:45,17:00-19:00
940GZZLUKSX,King's Cross St Pancras,SAT,06:30-06:45,06:30,0.05,11:45-13:45,17:00-19:00
940GZZLUKSX,King's Cross St Pancras,SAT,06:45-07:00,06:45,0.06,11:45-13:45,17:00-19:00
940GZZLUKSX,King's Cross St Pancras,SAT,07:00-07:15,07:00,0.07,11:45-13:45,17:00-19:00
940GZZLUKSX,King's Cross St Pancras,SAT,07:15-07:30,07:15,0.08,11:45-13:45,17:00-19:00
940GZZLUKSX,King's Cross St Pancras,SAT,07:30-07:45,07:30,0.09,11:45-13:45,17:00-19:00
940GZZLUKSX,King's Cross St Pancras,SAT,07:45-08:00,07:45,0.1,11:45-13:45,17:00-19:00
940GZZLUKSX,King's Cross St Pancras,SAT,08:00-08:15,08:00,0.12,11:45-13:45,17:00-19:00
940GZZLUKSX,King's Cross St Pancras,SAT,08:15-08:30,08:15,0.13,11:45-13:45,17:00-19:00
940GZZLUKSX,King's Cross St Pancras,SAT,08:30-08:45,08:30,0.14,11:45-13:45,17:00-19:00
940GZZLUKSX,King's Cross St Pancras,SAT,08:45-09:00,08:45,0.16,11:45-13:45,17:00-19:00
940GZZLUKSX,King's Cross St Pancras,SAT,09:00-09:15,09:00,0.17,11:45-13:45,17:00-19:00
940GZZLUKSX,King's Cross St Pancras,SAT,09:15-09:30,09:15,0.19,11:45-13:45,17:00-19:00
940GZZLUKSX,King's Cross St Pancras,SAT,09:30-09:45,09:30,0.2,11:45-13:45,17:00-19:00
940GZZLUKSX,King's Cross St Pancras,SAT,09:45-10:00,09:45,0.22,11:45-13:45,17:00-19:00
940GZZLUKSX,King's Cross St Pancras,SAT,10:00-10:15,10:00,0.24,11:45-13:45,17:00-19:00
940GZZLUKSX,King's Cross St Pancras,SAT,10:15-10:30,10:15,0.25,11:45-13:45,17:00-19:00
940GZZLUKSX,King's Cross St Pancras,SAT,10:30-10:45,10:30,0.27,11:45-13:45,17:00-19:00
940GZZLUKSX,King's Cross St Pancras,SAT,10:45-11:00,10:45,0.28,11:45-13:45,17:00-19:00
940GZZLUKSX,King's Cross St Pancras,SAT,11:00-11:15,11:00,0.29,11:45-13:45,17:00-19:00
940GZZLUKSX,King's Cross St Pancras,SAT,11:15-11:30,11:15,0.3,11:45-13:45,17:00-19:00
940GZZLUKSX,King's Cross St Pancras,SAT,11:30-11:45,11:30,0.31,11:45-13:45,17:00-19:00
940GZZLUKSX,King's Cross St Pancras,SAT,11:45-12:00,11:45,0.32,11:45-13:45,17:00-19:00
940GZZLUKSX,King's Cross St Pancras,SAT,12:00-12:15,12:00,0.33,11:45-13:45,17:00-19:00
940GZZLUKSX,King's Cross St Pancras,SAT,12:15-12:30,12:15,0.33,11:45-13:45,17:00-19:00
940GZZLUKSX,King's Cross St Pancras,SAT,12:30-12:45,12:30,0.34,11:45-13:45,17:00-19:00
940GZZLUKSX,King's Cross St Pancras,SAT,12:45-13:00,12:45,0.34,11:45-13:45,17:00-19:00
940GZZLUKSX,King's Cross St Pancras,SAT,13:00-13:15,13:00,0.34,11:45-13:45,17:00-19:00
940GZZLUKSX,King's Cross St Pancras,SAT,13:15-13:30,13:15,0.34,11:45-13:45,17:00-19:00
940GZZLUKSX,King's Cross St Pancras,SAT,13:30-13:45,13:30,0.33,11:45-13:45,17:00-19:00
940GZZLUKSX,King's Cross St Pancras,SAT,13:45-14:00,13:45,0.33,11:45-13:45,17:00-19:00
940GZZLUKSX,King's Cross St Pancras,SAT,14:00-14:15,14:00,0.33,11:45-13:45,17:00-19:00
940GZZLUKSX,King's Cross St Pancras,SAT,14:15-14:30,14:15,0.33,11:45-13:45,17:00-19:00
940GZZLUKSX,King's Cross St Pancras,SAT,14:30-14:45,14:30,0.32,11:45-13:45,17:00-19:00
940GZZLUKSX,King's Cross St Pancras,SAT,14:45-15:00,14:45,0.32,11:45-13:45,17:00-19:00
940GZZLUKSX,King's Cross St Pancras,SAT,15:00-15:15,15:00,0.32,11:45-13:45,17:00-19:00
940GZZLUKSX,King's Cross St Pancras,SAT,15:15-15:30,15:15,0.32,11:45-13:45,17:00-19:00
940GZZLUKSX,King's Cross St Pancras,SAT,15:30-15:45,15:30,0.32,11:45-13:45,17:00-19:00
940GZZLUKSX,King's Cross St Pancras,SAT,15:45-16:00,15:45,0.32,11:45-13:45,17:00-19:00
940GZZLUKSX,King's Cross St Pancras,SAT,16:00-16:15,16:00,0.33,11:45-13:45,17:00-19:00
940GZZLUKSX,King's Cross St Pancras,SAT,16:15-16:30,16:15,0.33,11:45-13:45,17:00-19:00
940GZZLUKSX,King's Cross St Pancras,SAT,16:30-16:45,16:30,0.34,11:45-13:45,17:00-19:00
940GZZLUKSX,King's Cross St Pancras,SAT,16:45-17:00,16:45,0.35,11:45-13:45,17:00-19:00
940GZZLUKSX,King's Cross St Pancras,SAT,17:00-17:15,17:00,0.35,11:45-13:45,17:00-19:00
940GZZLUKSX,King's Cross St Pancras,SAT,17:15-17:30,17:15,0.36,11:45-13:45,17:00-19:00
940GZZLUKSX,King's Cross St Pancras,SAT,17:30-17:45,17:30,0.36,11:45-13:45,17:00-19:00
940GZZLUKSX,King's Cross St Pancras,SAT,17:45-18:00,17:45,0.37,11:45-13:45,17:00-19:00
940GZZLUKSX,King's Cross St Pancras,SAT,18:00-18:15,18:00,0.37,11:45-13:45,17:00-19:00
940GZZLUKSX,King's Cross St Pancras,SAT,18:15-18:30,18:15,0.36,11:45-13:45,17:00-19:00
940GZZLUKSX,King's Cross St Pancras,SAT,18:30-18:45,18:30,0.36,11:45-13:45,17:00-19:00
940GZZLUKSX,King's Cross St Pancras,SAT,18:45-19:00,18:45,0.35,11:45-13:45,17:00-19:00
940GZZLUKSX,King's Cross St Pancras,SAT,19:00-19:15,19:00,0.34,11:45-13:45,17:00-19:00
940GZZLUKSX,King's Cross St Pancras,SAT,19:15-19:30,19:15,0.33,11:45-13:45,17:00-19:00
940GZZLUKSX,King's Cross St Pancras,SAT,19:30-19:45,19:30,0.32,11:45-13:45,17:00-19:00
940GZZLUKSX,King's Cross St Pancras,SAT,19:45-20:00,19:45,0.3,11:45-13:45,17:00-19:00
940GZZLUKSX,King's Cross St Pancras,SAT,20:00-20:15,20:00,0.28,11:45-13:45,17:00-19:00
940GZZLUKSX,King's Cross St Pancras,SAT,20:15-20:30,20:15,0.26,11:45-13:45,17:00-19:00
940GZZLUKSX,King's Cross St Pancras,SAT,20:30-20:45,20:30,0.25,11:45-13:45,17:00-19:00
940GZZLUKSX,King's Cross St Pancras,SAT,20:45-21:00,20:45,0.24,11:45-13:45,17:00-19:00
940GZZLUKSX,King's Cross St Pancras,SAT,21:00-21:15,21:00,0.23,11:45-13:45,17:00-19:00
940GZZLUKSX,King's Cross St Pancras,SAT,21:15-21:30,21:15,0.22,11:45-13:45,17:00-19:00
940GZZLUKSX,King's Cross St Pancras,SAT,21:30-21:45,21:30,0.22,11:45-13:45,17:00-19:00
940GZZLUKSX,King's Cross St Pancras,SAT,21:45-22:00,21:45,0.22,11:45-13:45,17:00-19:00
940GZZLUKSX,King's Cross St Pancras,SAT,22:00-22:15,22:00,0.21,11:45-13:45,17:00-19:00
940GZZLUKSX,King's Cross St Pancras,SAT,22:15-22:30,22:15,0.21,11:45-13:45,17:00-19:00
940GZZLUKSX,King's Cross St Pancras,SAT,22:30-22:45,22:30,0.21,11:45-13:45,17:00-19:00
940GZZLUKSX,King's Cross St Pancras,SAT,22:45-23:00,22:45,0.21,11:45-13:45,17:00-19:00
940GZZLUKSX,King's Cross St Pancras,SAT,23:00-23:15,23:00,0.21,11:45-13:45,17:00-19:00
940GZZLUKSX,King's Cross St Pancras,SAT,23:15-23:30,23:15,0.21,11:45-13:45,17:00-19:00
940GZZLUKSX,King's Cross St Pancras,SAT,23:30-23:45,23:30,0.21,11:45-13:45,17:00-19:00
940GZZLUKSX,King's Cross St Pancras,SAT,23:45-00:00,23:45,0.21,11:45-13:45,17:00-19:00
940GZZLUKSX,King's Cross St Pancras,SUN,00:00-00:15,00:00,0.02,11:45-13:45,16:45-18:45
940GZZLUKSX,King's Cross St Pancras,SUN,00:15-00:30,00:15,0.02,11:45-13:45,16:45-18:45
940GZZLUKSX,King's Cross St Pancras,SUN,00:30-00:45,00:30,0.02,11:45-13:45,16:45-18:45
940GZZLUKSX,King's Cross St Pancras,SUN,00:45-01:00,00:45,0.02,11:45-13:45,16:45-18:45
940GZZLUKSX,King's Cross St Pancras,SUN,01:00-01:15,01:00,0.02,11:45-13:45,16:45-18:45
940GZZLUKSX,King's Cross St Pancras,SUN,01:15-01:30,01:15,0.02,11:45-13:45,16:45-18:45
940GZZLUKSX,King's Cross St Pancras,SUN,01:30-01:45,01:30,0.02,11:45-13:45,16:45-18:45
940GZZLUKSX,King's Cross St Pancras,SUN,01:45-02:00,01:45,0.02,11:45-13:45,16:45-18:45
940GZZLUKSX,King's Cross St Pancras,SUN,02:00-02:15,02:00,0.02,11:45-13:45,16:45-18:45
940GZZLUKSX,King's Cross St Pancras,SUN,02:15-02:30,02:15,0.02,11:45-13:45,16:45-18:45
940GZZLUKSX,King's Cross St Pancras,SUN,02:30-02:45,02:30,0.02,11:45-13:45,16:45-18:45
940GZZLUKSX,King's Cross St Pancras,SUN,02:45-03:00,02:45,0.02,11:45-13:45,16:45-18:45
940GZZLUKSX,King's Cross St Pancras,SUN,03:00-03:15,03:00,0.02,11:45-13:45,16:45-18:45
940GZZLUKSX,King's Cross St Pancras,SUN,03:15-03:30,03:15,0.01,11:45-13:45,16:45-18:45
940GZZLUKSX,King's Cross St Pancras,SUN,03:30-03:45,03:30,0.01,11:45-13:45,16:45-18:45
940GZZLUKSX,King's Cross St Pancras,SUN,03:45-04:00,03:45,0.01,11:45-13:45,16:45-18:45
940GZZLUKSX,King's Cross St Pancras,SUN,04:00-04:15,04:00,0.01,11:45-13:45,16:45-18:45
940GZZLUKSX,King's Cross St Pancras,SUN,04:15-04:30,04:15,0.01,11:45-13:45,16:45-18:45
940GZZLUKSX,King's Cross St Pancras,SUN,04:30-04:45,04:30,0.01,11:45-13:45,16:45-18:45
940GZZLUKSX,King's Cross St Pancras,SUN,04:45-05:00,04:45,0.01,11:45-13:45,16:45-18:45
940GZZLUKSX,King's Cross St Pancras,SUN,05:00-05:15,05:00,0,11:45-13:45,16:45-18:45
940GZZLUKSX,King's Cross St Pancras,SUN,05:15-05:30,05:15,0,11:45-13:45,16:45-18:45
940GZZLUKSX,King's Cross St Pancras,SUN,05:30-05:45,05:30,0.01,11:45-13:45,16:45-18:45
940GZZLUKSX,King's Cross St Pancras,SUN,05:45-06:00,05:45,0.01,11:45-13:45,16:45-18:45
940GZZLUKSX,King's Cross St Pancras,SUN,06:00-06:15,06:00,0.01,11:45-13:45,16:45-18:45
940GZZLUKSX,King's Cross St Pancras,SUN,06:15-06:30,06:15,0.02,11:45-13:45,16:45-18:45
940GZZLUKSX,King's Cross St Pancras,SUN,06:30-06:45,06:30,0.02,11:45-13:45,16:45-18:45
940GZZLUKSX,King's Cross St Pancras,SUN,06:45-07:00,06:45,0.03,11:45-13:45,16:45-18:45
940GZZLUKSX,King's Cross St Pancras,SUN,07:00-07:15,07:00,0.04,11:45-13:45,16:45-18:45
940GZZLUKSX,King's Cross St Pancras,SUN,07:15-07:30,07:15,0.05,11:45-13:45,16:45-18:45
940GZZLUKSX,King's Cross St Pancras,SUN,07:30-07:45,07:30,0.06,11:45-13:45,16:45-18:45
940GZZLUKSX,King's Cross St Pancras,SUN,07:45-08:00,07:45,0.07,11:45-13:45,16:45-18:45
940GZZLUKSX,King's Cross St Pancras,SUN,08:00-08:15,08:00,0.07,11:45-13:45,16:45-18:45
940GZZLUKSX,King's Cross St Pancras,SUN,08:15-08:30,08:15,0.08,11:45-13:45,16:45-18:45
940GZZLUKSX,King's Cross St Pancras,SUN,08:30-08:45,08:30,0.1,11:45-13:45,16:45-18:45
940GZZLUKSX,King's Cross St Pancras,SUN,08:45-09:00,08:45,0.11,11:45-13:45,16:45-18:45
940GZZLUKSX,King's Cross St Pancras,SUN,09:00-09:15,09:00,0.12,11:45-13:45,16:45-18:45
940GZZLUKSX,King's Cross St Pancras,SUN,09:15-09:30,09:15,0.13,11:45-13:45,16:45-18:45
940GZZLUKSX,King's Cross St Pancras,SUN,09:30-09:45,09:30,0.14,11:45-13:45,16:45-18:45
940GZZLUKSX,King's Cross St Pancras,SUN,09:45-10:00,09:45,0.16,11:45-13:45,16:45-18:45
940GZZLUKSX,King's Cross St Pancras,SUN,10:00-10:15,10:00,0.17,11:45-13:45,16:45-18:45
940GZZLUKSX,King's Cross St Pancras,SUN,10:15-10:30,10:15,0.19,11:45-13:45,16:45-18:45
940GZZLUKSX,King's Cross St Pancras,SUN,10:30-10:45,10:30,0.2,11:45-13:45,16:45-18:45
940GZZLUKSX,King's Cross St Pancras,SUN,10:45-11:00,10:45,0.22,11:45-13:45,16:45-18:45
940GZZLUKSX,King's Cross St Pancras,SUN,11:00-11:15,11:00,0.23,11:45-13:45,16:45-18:45
940GZZLUKSX,King's Cross St Pancras,SUN,11:15-11:30,11:15,0.25,11:45-13:45,16:45-18:45
940GZZLUKSX,King's Cross St Pancras,SUN,11:30-11:45,11:30,0.26,11:45-13:45,16:45-18:45
940GZZLUKSX,King's Cross St Pancras,SUN,11:45-12:00,11:45,0.27,11:45-13:45,16:45-18:45
940GZZLUKSX,King's Cross St Pancras,SUN,12:00-12:15,12:00,0.28,11:45-13:45,16:45-18:45
940GZZLUKSX,King's Cross St Pancras,SUN,12:15-12:30,12:15,0.29,11:45-13:45,16:45-18:45
940GZZLUKSX,King's Cross St Pancras,SUN,12:30-12:45,12:30,0.29,11:45-13:45,16:45-18:45
940GZZLUKSX,King's Cross St Pancras,SUN,12:45-13:00,12:45,0.3,11:45-13:45,16:45-18:45
940GZZLUKSX,King's Cross St Pancras,SUN,13:00-13:15,13:00,0.3,11:45-13:45,16:45-18:45
940GZZLUKSX,King's Cross St Pancras,SUN,13:15-13:30,13:15,0.3,11:45-13:45,16:45-18:45
940GZZLUKSX,King's Cross St Pancras,SUN,13:30-13:45,13:30,0.3,11:45-13:45,16:45-18:45
940GZZLUKSX,King's Cross St Pancras,SUN,13:45-14:00,13:45,0.3,11:45-13:45,16:45-18:45
940GZZLUKSX,King's Cross St Pancras,SUN,14:00-14:15,14:00,0.3,11:45-13:45,16:45-18:45
940GZZLUKSX,King's Cross St Pancras,SUN,14:15-14:30,14:15,0.3,11:45-13:45,16:45-18:45
940GZZLUKSX,King's Cross St Pancras,SUN,14:30-14:45,14:30,0.3,11:45-13:45,16:45-18:45
940GZZLUKSX,King's Cross St Pancras,SUN,14:45-15:00,14:45,0.3,11:45-13:45,16:45-18:45
940GZZLUKSX,King's Cross St Pancras,SUN,15:00-15:15,15:00,0.3,11:45-13:45,16:45-18:45
940GZZLUKSX,King's Cross St Pancras,SUN,15:15-15:30,15:15,0.3,11:45-13:45,16:45-18:45
940GZZLUKSX,King's Cross St Pancras,SUN,15:30-15:45,15:30,0.3,11:45-13:45,16:45-18:45
940GZZLUKSX,King's Cross St Pancras,SUN,15:45-16:00,15:45,0.3,11:45-13:45,16:45-18:45
940GZZLUKSX,King's Cross St Pancras,SUN,16:00-16:15,16:00,0.3,11:45-13:45,16:45-18:45
940GZZLUKSX,King's Cross St Pancras,SUN,16:15-16:30,16:15,0.3,11:45-13:45,16:45-18:45
940GZZLUKSX,King's Cross St Pancras,SUN,16:30-16:45,16:30,0.3,11:45-13:45,16:45-18:45
940GZZLUKSX,King's Cross St Pancras,SUN,16:45-17:00,16:45,0.3,11:45-13:45,16:45-18:45
940GZZLUKSX,King's Cross St Pancras,SUN,17:00-17:15,17:00,0.31,11:45-13:45,16:45-18:45
940GZZLUKSX,King's Cross St Pancras,SUN,17:15-17:30,17:15,0.31,11:45-13:45,16:45-18:45
940GZZLUKSX,King's Cross St Pancras,SUN,17:30-17:45,17:30,0.31,11:45-13:45,16:45-18:45
940GZZLUKSX,King's Cross St Pancras,SUN,17:45-18:00,17:45,0.31,11:45-13:45,16:45-18:45
940GZZLUKSX,King's Cross St Pancras,SUN,18:00-18:15,18:00,0.31,11:45-13:45,16:45-18:45
940GZZLUKSX,King's Cross St Pancras,SUN,18:15-18:30,18:15,0.31,11:45-13:45,16:45-18:45
940GZZLUKSX,King's Cross St Pancras,SUN,18:30-18:45,18:30,0.31,11:45-13:45,16:45-18:45
940GZZLUKSX,King's Cross St Pancras,SUN,18:45-19:00,18:45,0.3,11:45-13:45,16:45-18:45
940GZZLUKSX,King's Cross St Pancras,SUN,19:00-19:15,19:00,0.29,11:45-13:45,16:45-18:45
940GZZLUKSX,King's Cross St Pancras,SUN,19:15-19:30,19:15,0.28,11:45-13:45,16:45-18:45
940GZZLUKSX,King's Cross St Pancras,SUN,19:30-19:45,19:30,0.27,11:45-13:45,16:45-18:45
940GZZLUKSX,King's Cross St Pancras,SUN,19:45-20:00,19:45,0.26,11:45-13:45,16:45-18:45
940GZZLUKSX,King's Cross St Pancras,SUN,20:00-20:15,20:00,0.24,11:45-13:45,16:45-18:45
940GZZLUKSX,King's Cross St Pancras,SUN,20:15-20:30,20:15,0.23,11:45-13:45,16:45-18:45
940GZZLUKSX,King's Cross St Pancras,SUN,20:30-20:45,20:30,0.21,11:45-13:45,16:45-18:45
940GZZLUKSX,King's Cross St Pancras,SUN,20:45-21:00,20:45,0.19,11:45-13:45,16:45-18:45
940GZZLUKSX,King's Cross St Pancras,SUN,21:00-21:15,21:00,0.18,11:45-13:45,16:45-18:45
940GZZLUKSX,King's Cross St Pancras,SUN,21:15-21:30,21:15,0.17,11:45-13:45,16:45-18:45
940GZZLUKSX,King's Cross St Pancras,SUN,21:30-21:45,21:30,0.16,11:45-13:45,16:45-18:45
940GZZLUKSX,King's Cross St Pancras,SUN,21:45-22:00,21:45,0.15,11:45-13:45,16:45-18:45
940GZZLUKSX,King's Cross St Pancras,SUN,22:00-22:15,22:00,0.14,11:45-13:45,16:45-18:45
940GZZLUKSX,King's Cross St Pancras,SUN,22:15-22:30,22:15,0.14,11:45-13:45,16:45-18:45
940GZZLUKSX,King's Cross St Pancras,SUN,22:30-22:45,22:30,0.13,11:45-13:45,16:45-18:45
940GZZLUKSX,King's Cross St Pancras,SUN,22:45-23:00,22:45,0.12,11:45-13:45,16:45-18:45
940GZZLUKSX,King's Cross St Pancras,SUN,23:00-23:15,23:00,0.11,11:45-13:45,16:45-18:45
940GZZLUKSX,King's Cross St Pancras,SUN,23:15-23:30,23:15,0.1,11:45-13:45,16:45-18:45
940GZZLUKSX,King's Cross St Pancras,SUN,23:30-23:45,23:30,0.08,11:45-13:45,16:45-18:45
940GZZLUKSX,King's Cross St Pancras,SUN,23:45-00:00,23:45,0.07,11:45-13:45,16:45-18:45
940GZZLUVIC,Victoria,MON,00:00-00:15,00:00,0.05,11:45-13:45,13:45-15:45
940GZZLUVIC,Victoria,MON,00:15-00:30,00:15,0.04,11:45-13:45,13:45-15:45
940GZZLUVIC,Victoria,MON,00:30-00:45,00:30,0.03,11:45-13:45,13:45-15:45
940GZZLUVIC,Victoria,MON,00:45-01:00,00:45,0.02,11:45-13:45,13:45-15:45
940GZZLUVIC,Victoria,MON,01:00-01:15,01:00,0.01,11:45-13:45,13:45-15:45
940GZZLUVIC,Victoria,MON,01:15-01:30,01:15,0.01,11:45-13:45,13:45-15:45
940GZZLUVIC,Victoria,MON,01:30-01:45,01:30,0,11:45-13:45,13:45-15:45
940GZZLUVIC,Victoria,MON,01:45-02:00,01:45,0,11:45-13:45,13:45-15:45
940GZZLUVIC,Victoria,MON,02:00-02:15,02:00,0,11:45-13:45,13:45-15:45
940GZZLUVIC,Victoria,MON,02:15-02:30,02:15,0,11:45-13:45,13:45-15:45
940GZZLUVIC,Victoria,MON,02:30-02:45,02:30,0,11:45-13:45,13:45-15:45
940GZZLUVIC,Victoria,MON,02:45-03:00,02:45,0,11:45-13:45,13:45-15:45
940GZZLUVIC,Victoria,MON,03:00-03:15,03:00,0,11:45-13:45,13:45-15:45
940GZZLUVIC,Victoria,MON,03:15-03:30,03:15,0,11:45-13:45,13:45-15:45
940GZZLUVIC,Victoria,MON,03:30-03:45,03:30,0,11:45-13:45,13:45-15:45
940GZZLUVIC,Victoria,MON,03:45-04:00,03:45,0,11:45-13:45,13:45-15:45
940GZZLUVIC,Victoria,MON,04:00-04:15,04:00,0,11:45-13:45,13:45-15:45
940GZZLUVIC,Victoria,MON,04:15-04:30,04:15,0,11:45-13:45,13:45-15:45
940GZZLUVIC,Victoria,MON,04:30-04:45,04:30,0,11:45-13:45,13:45-15:45
940GZZLUVIC,Victoria,MON,04:45-05:00,04:45,0,11:45-13:45,13:45-15:45
940GZZLUVIC,Victoria,MON,05:00-05:15,05:00,0,11:45-13:45,13:45-15:45
940GZZLUVIC,Victoria,MON,05:15-05:30,05:15,0.01,11:45-13:45,13:45-15:45
940GZZLUVIC,Victoria,MON,05:30-05:45,05:30,0.02,11:45-13:45,13:45-15:45
940GZZLUVIC,Victoria,MON,05:45-06:00,05:45,0.03,11:45-13:45,13:45-15:45
940GZZLUVIC,Victoria,MON,06:00-06:15,06:00,0.04,11:45-13:45,13:45-15:45
940GZZLUVIC,Victoria,MON,06:15-06:30,06:15,0.05,11:45-13:45,13:45-15:45
940GZZLUVIC,Victoria,MON,06:30-06:45,06:30,0.06,11:45-13:45,13:45-15:45
940GZZLUVIC,Victoria,MON,06:45-07:00,06:45,0.07,11:45-13:45,13:45-15:45
940GZZLUVIC,Victoria,MON,07:00-07:15,07:00,0.07,11:45-13:45,13:45-15:45
940GZZLUVIC,Victoria,MON,07:15-07:30,07:15,0.07,11:45-13:45,13:45-15:45
940GZZLUVIC,Victoria,MON,07:30-07:45,07:30,0.07,11:45-13:45,13:45-15:45
940GZZLUVIC,Victoria,MON,07:45-08:00,07:45,0.07,11:45-13:45,13:45-15:45
940GZZLUVIC,Victoria,MON,08:00-08:15,08:00,0.07,11:45-13:45,13:45-15:45
940GZZLUVIC,Victoria,MON,08:15-08:30,08:15,0.07,11:45-13:45,13:45-15:45
940GZZLUVIC,Victoria,MON,08:30-08:45,08:30,0.06,11:45-13:45,13:45-15:45
940GZZLUVIC,Victoria,MON,08:45-09:00,08:45,0.06,11:45-13:45,13:45-15:45
940GZZLUVIC,Victoria,MON,09:00-09:15,09:00,0.06,11:45-13:45,13:45-15:45
940GZZLUVIC,Victoria,MON,09:15-09:30,09:15,0.07,11:45-13:45,13:45-15:45
940GZZLUVIC,Victoria,MON,09:30-09:45,09:30,0.07,11:45-13:45,13:45-15:45
940GZZLUVIC,Victoria,MON,09:45-10:00,09:45,0.08,11:45-13:45,13:45-15:45
940GZZLUVIC,Victoria,MON,10:00-10:15,10:00,0.08,11:45-13:45,13:45-15:45
940GZZLUVIC,Victoria,MON,10:15-10:30,10:15,0.08,11:45-13:45,13:45-15:45
940GZZLUVIC,Victoria,MON,10:30-10:45,10:30,0.08,11:45-13:45,13:45-15:45
940GZZLUVIC,Victoria,MON,10:45-11:00,10:45,0.08,11:45-13:45,13:45-15:45
940GZZLUVIC,Victoria,MON,11:00-11:15,11:00,0.08,11:45-13:45,13:45-15:45
940GZZLUVIC,Victoria,MON,11:15-11:30,11:15,0.08,11:45-13:45,13:45-15:45
940GZZLUVIC,Victoria,MON,11:30-11:45,11:30,0.08,11:45-13:45,13:45-15:45
940GZZLUVIC,Victoria,MON,11:45-12:00,11:45,0.08,11:45-13:45,13:45-15:45
940GZZLUVIC,Victoria,MON,12:00-12:15,12:00,0.08,11:45-13:45,13:45-15:45
940GZZLUVIC,Victoria,MON,12:15-12:30,12:15,0.09,11:45-13:45,13:45-15:45
940GZZLUVIC,Victoria,MON,12:30-12:45,12:30,0.09,11:45-13:45,13:45-15:45
940GZZLUVIC,Victoria,MON,12:45-13:00,12:45,0.09,11:45-13:45,13:45-15:45
940GZZLUVIC,Victoria,MON,13:00-13:15,13:00,0.08,11:45-13:45,13:45-15:45
940GZZLUVIC,Victoria,MON,13:15-13:30,13:15,0.08,11:45-13:45,13:45-15:45
940GZZLUVIC,Victoria,MON,13:30-13:45,13:30,0.08,11:45-13:45,13:45-15:45
940GZZLUVIC,Victoria,MON,13:45-14:00,13:45,0.08,11:45-13:45,13:45-15:45
940GZZLUVIC,Victoria,MON,14:00-14:15,14:00,0.08,11:45-13:45,13:45-15:45
940GZZLUVIC,Victoria,MON,14:15-14:30,14:15,0.08,11:45-13:45,13:45-15:45
940GZZLUVIC,Victoria,MON,14:30-14:45,14:30,0.08,11:45-13:45,13:45-15:45
940GZZLUVIC,Victoria,MON,14:45-15:00,14:45,0.08,11:45-13:45,13:45-15:45
940GZZLUVIC,Victoria,MON,15:00-15:15,15:00,0.08,11:45-13:45,13:45-15:45
940GZZLUVIC,Victoria,MON,15:15-15:30,15:15,0.08,11:45-13:45,13:45-15:45
940GZZLUVIC,Victoria,MON,15:30-15:45,15:30,0.08,11:45-13:45,13:45-15:45
940GZZLUVIC,Victoria,MON,15:45-16:00,15:45,0.08,11:45-13:45,13:45-15:45
940GZZLUVIC,Victoria,MON,16:00-16:15,16:00,0.08,11:45-13:45,13:45-15:45
940GZZLUVIC,Victoria,MON,16:15-16:30,16:15,0.08,11:45-13:45,13:45-15:45
940GZZLUVIC,Victoria,MON,16:30-16:45,16:30,0.07,11:45-13:45,13:45-15:45
940GZZLUVIC,Victoria,MON,16:45-17:00,16:45,0.07,11:45-13:45,13:45-15:45
940GZZLUVIC,Victoria,MON,17:00-17:15,17:00,0.07,11:45-13:45,13:45-15:45
940GZZLUVIC,Victoria,MON,17:15-17:30,17:15,0.07,11:45-13:45,13:45-15:45
940GZZLUVIC,Victoria,MON,17:30-17:45,17:30,0.06,11:45-13:45,13:45-15:45
940GZZLUVIC,Victoria,MON,17:45-18:00,17:45,0.06,11:45-13:45,13:45-15:45
940GZZLUVIC,Victoria,MON,18:00-18:15,18:00,0.06,11:45-13:45,13:45-15:45
940GZZLUVIC,Victoria,MON,18:15-18:30,18:15,0.06,11:45-13:45,13:45-15:45
940GZZLUVIC,Victoria,MON,18:30-18:45,18:30,0.06,11:45-13:45,13:45-15:45
940GZZLUVIC,Victoria,MON,18:45-19:00,18:45,0.06,11:45-13:45,13:45-15:45
940GZZLUVIC,Victoria,MON,19:00-19:15,19:00,0.06,11:45-13:45,13:45-15:45
940GZZLUVIC,Victoria,MON,19:15-19:30,19:15,0.06,11:45-13:45,13:45-15:45
940GZZLUVIC,Victoria,MON,19:30-19:45,19:30,0.07,11:45-13:45,13:45-15:45
940GZZLUVIC,Victoria,MON,19:45-20:00,19:45,0.07,11:45-13:45,13:45-15:45
940GZZLUVIC,Victoria,MON,20:00-20:15,20:00,0.07,11:45-13:45,13:45-15:45
940GZZLUVIC,Victoria,MON,20:15-20:30,20:15,0.07,11:45-13:45,13:45-15:45
940GZZLUVIC,Victoria,MON,20:30-20:45,20:30,0.07,11:45-13:45,13:45-15:45
940GZZLUVIC,Victoria,MON,20:45-21:00,20:45,0.07,11:45-13:45,13:45-15:45
940GZZLUVIC,Victoria,MON,21:00-21:15,21:00,0.07,11:45-13:45,13:45-15:45
940GZZLUVIC,Victoria,MON,21:15-21:30,21:15,0.07,11:45-13:45,13:45-15:45
940GZZLUVIC,Victoria,MON,21:30-21:45,21:30,0.07,11:45-13:45,13:45-15:45
940GZZLUVIC,Victoria,MON,21:45-22:00,21:45,0.07,11:45-13:45,13:45-15:45
940GZZLUVIC,Victoria,MON,22:00-22:15,22:00,0.07,11:45-13:45,13:45-15:45
940GZZLUVIC,Victoria,MON,22:15-22:30,22:15,0.07,11:45-13:45,13:45-15:45
940GZZLUVIC,Victoria,MON,22:30-22:45,22:30,0.07,11:45-13:45,13:45-15:45
940GZZLUVIC,Victoria,MON,22:45-23:00,22:45,0.07,11:45-13:45,13:45-15:45
940GZZLUVIC,Victoria,MON,23:00-23:15,23:00,0.07,11:45-13:45,13:45-15:45
940GZZLUVIC,Victoria,MON,23:15-23:30,23:15,0.07,11:45-13:45,13:45-15:45
940GZZLUVIC,Victoria,MON,23:30-23:45,23:30,0.06,11:45-13:45,13:45-15:45
940GZZLUVIC,Victoria,MON,23:45-00:00,23:45,0.06,11:45-13:45,13:45-15:45
940GZZLUVIC,Victoria,FRI,00:00-00:15,00:00,0.08,08:30-10:30,14:45-16:45
940GZZLUVIC,Victoria,FRI,00:15-00:30,00:15,0.07,08:30-10:30,14:45-16:45
940GZZLUVIC,Victoria,FRI,00:30-00:45,00:30,0.05,08:30-10:30,14:45-16:45
940GZZLUVIC,Victoria,FRI,00:45-01:00,00:45,0.04,08:30-10:30,14:45-16:45
940GZZLUVIC,Victoria,FRI,01:00-01:15,01:00,0.03,08:30-10:30,14:45-16:45
940GZZLUVIC,Victoria,FRI,01:15-01:30,01:15,0.02,08:30-10:30,14:45-16:45
940GZZLUVIC,Victoria,FRI,01:30-01:45,01:30,0.01,08:30-10:30,14:45-16:45
940GZZLUVIC,Victoria,FRI,01:45-02:00,01:45,0,08:30-10:30,14:45-16:45
940GZZLUVIC,Victoria,FRI,02:00-02:15,02:00,0,08:30-10:30,14:45-16:45
940GZZLUVIC,Victoria,FRI,02:15-02:30,02:15,0,08:30-10:30,14:45-16:45
940GZZLUVIC,Victoria,FRI,02:30-02:45,02:30,0,08:30-10:30,14:45-16:45
940GZZLUVIC,Victoria,FRI,02:45-03:00,02:45,0,08:30-10:30,14:45-16:45
940GZZLUVIC,Victoria,FRI,03:00-03:15,03:00,0,08:30-10:30,14:45-16:45
940GZZLUVIC,Victoria,FRI,03:15-03:30,03:15,0,08:30-10:30,14:45-16:45
940GZZLUVIC,Victoria,FRI,03:30-03:45,03:30,0,08:30-10:30,14:45-16:45
940GZZLUVIC,Victoria,FRI,03:45-04:00,03:45,0,08:30-10:30,14:45-16:45
940GZZLUVIC,Victoria,FRI,04:00-04:15,04:00,0,08:30-10:30,14:45-16:45
940GZZLUVIC,Victoria,FRI,04:15-04:30,04:15,0,08:30-10:30,14:45-16:45
940GZZLUVIC,Victoria,FRI,04:30-04:45,04:30,0,08:30-10:30,14:45-16:45
940GZZLUVIC,Victoria,FRI,04:45-05:00,04:45,0,08:30-10:30,14:45-16:45
940GZZLUVIC,Victoria,FRI,05:00-05:15,05:00,0,08:30-10:30,14:45-16:45
940GZZLUVIC,Victoria,FRI,05:15-05:30,05:15,0.01,08:30-10:30,14:45-16:45
940GZZLUVIC,Victoria,FRI,05:30-05:45,05:30,0.02,08:30-10:30,14:45-16:45
940GZZLUVIC,Victoria,FRI,05:45-06:00,05:45,0.03,08:30-10:30,14:45-16:45
940GZZLUVIC,Victoria,FRI,06:00-06:15,06:00,0.04,08:30-10:30,14:45-16:45
940GZZLUVIC,Victoria,FRI,06:15-06:30,06:15,0.06,08:30-10:30,14:45-16:45
940GZZLUVIC,Victoria,FRI,06:30-06:45,06:30,0.07,08:30-10:30,14:45-16:45
940GZZLUVIC,Victoria,FRI,06:45-07:00,06:45,0.07,08:30-10:30,14:45-16:45
940GZZLUVIC,Victoria,FRI,07:00-07:15,07:00,0.08,08:30-10:30,14:45-16:45
940GZZLUVIC,Victoria,FRI,07:15-07:30,07:15,0.08,08:30-10:30,14:45-16:45
940GZZLUVIC,Victoria,FRI,07:30-07:45,07:30,0.08,08:30-10:30,14:45-16:45
940GZZLUVIC,Victoria,FRI,07:45-08:00,07:45,0.08,08:30-10:30,14:45-16:45
940GZZLUVIC,Victoria,FRI,08:00-08:15,08:00,0.08,08:30-10:30,14:45-16:45
940GZZLUVIC,Victoria,FRI,08:15-08:30,08:15,0.08,08:30-10:30,14:45-16:45
940GZZLUVIC,Victoria,FRI,08:30-08:45,08:30,0.09,08:30-10:30,14:45-16:45
940GZZLUVIC,Victoria,FRI,08:45-09:00,08:45,0.09,08:30-10:30,14:45-16:45
940GZZLUVIC,Victoria,FRI,09:00-09:15,09:00,0.09,08:30-10:30,14:45-16:45
940GZZLUVIC,Victoria,FRI,09:15-09:30,09:15,0.09,08:30-10:30,14:45-16:45
940GZZLUVIC,Victoria,FRI,09:30-09:45,09:30,0.09,08:30-10:30,14:45-16:45
940GZZLUVIC,Victoria,FRI,09:45-10:00,09:45,0.09,08:30-10:30,14:45-16:45
940GZZLUVIC,Victoria,FRI,10:00-10:15,10:00,0.09,08:30-10:30,14:45-16:45
940GZZLUVIC,Victoria,FRI,10:15-10:30,10:15,0.09,08:30-10:30,14:45-16:45
940GZZLUVIC,Victoria,FRI,10:30-10:45,10:30,0.08,08:30-10:30,14:45-16:45
940GZZLUVIC,Victoria,FRI,10:45-11:00,10:45,0.08,08:30-10:30,14:45-16:45
940GZZLUVIC,Victoria,FRI,11:00-11:15,11:00,0.08,08:30-10:30,14:45-16:45
940GZZLUVIC,Victoria,FRI,11:15-11:30,11:15,0.09,08:30-10:30,14:45-16:45
940GZZLUVIC,Victoria,FRI,11:30-11:45,11:30,0.09,08:30-10:30,14:45-16:45
940GZZLUVIC,Victoria,FRI,11:45-12:00,11:45,0.09,08:30-10:30,14:45-16:45
940GZZLUVIC,Victoria,FRI,12:00-12:15,12:00,0.09,08:30-10:30,14:45-16:45
940GZZLUVIC,Victoria,FRI,12:15-12:30,12:15,0.09,08:30-10:30,14:45-16:45
940GZZLUVIC,Victoria,FRI,12:30-12:45,12:30,0.08,08:30-10:30,14:45-16:45
940GZZLUVIC,Victoria,FRI,12:45-13:00,12:45,0.08,08:30-10:30,14:45-16:45
940GZZLUVIC,Victoria,FRI,13:00-13:15,13:00,0.08,08:30-10:30,14:45-16:45
940GZZLUVIC,Victoria,FRI,13:15-13:30,13:15,0.08,08:30-10:30,14:45-16:45
940GZZLUVIC,Victoria,FRI,13:30-13:45,13:30,0.08,08:30-10:30,14:45-16:45
940GZZLUVIC,Victoria,FRI,13:45-14:00,13:45,0.08,08:30-10:30,14:45-16:45
940GZZLUVIC,Victoria,FRI,14:00-14:15,14:00,0.08,08:30-10:30,14:45-16:45
940GZZLUVIC,Victoria,FRI,14:15-14:30,14:15,0.08,08:30-10:30,14:45-16:45
940GZZLUVIC,Victoria,FRI,14:30-14:45,14:30,0.08,08:30-10:30,14:45-16:45
940GZZLUVIC,Victoria,FRI,14:45-15:00,14:45,0.08,08:30-10:30,14:45-16:45
940GZZLUVIC,Victoria,FRI,15:00-15:15,15:00,0.08,08:30-10:30,14:45-16:45
940GZZLUVIC,Victoria,FRI,15:15-15:30,15:15,0.08,08:30-10:30,14:45-16:45
940GZZLUVIC,Victoria,FRI,15:30-15:45,15:30,0.08,08:30-10:30,14:45-16:45
940GZZLUVIC,Victoria,FRI,15:45-16:00,15:45,0.08,08:30-10:30,14:45-16:45
940GZZLUVIC,Victoria,FRI,16:00-16:15,16:00,0.08,08:30-10:30,14:45-16:45
940GZZLUVIC,Victoria,FRI,16:15-16:30,16:15,0.08,08:30-10:30,14:45-16:45
940GZZLUVIC,Victoria,FRI,16:30-16:45,16:30,0.08,08:30-10:30,14:45-16:45
940GZZLUVIC,Victoria,FRI,16:45-17:00,16:45,0.08,08:30-10:30,14:45-16:45
940GZZLUVIC,Victoria,FRI,17:00-17:15,17:00,0.07,08:30-10:30,14:45-16:45
940GZZLUVIC,Victoria,FRI,17:15-17:30,17:15,0.07,08:30-10:30,14:45-16:45
940GZZLUVIC,Victoria,FRI,17:30-17:45,17:30,0.06,08:30-10:30,14:45-16:45
940GZZLUVIC,Victoria,FRI,17:45-18:00,17:45,0.05,08:30-10:30,14:45-16:45
940GZZLUVIC,Victoria,FRI,18:00-18:15,18:00,0.05,08:30-10:30,14:45-16:45
940GZZLUVIC,Victoria,FRI,18:15-18:30,18:15,0.05,08:30-10:30,14:45-16:45
940GZZLUVIC,Victoria,FRI,18:30-18:45,18:30,0.05,08:30-10:30,14:45-16:45
940GZZLUVIC,Victoria,FRI,18:45-19:00,18:45,0.05,08:30-10:30,14:45-16:45
940GZZLUVIC,Victoria,FRI,19:00-19:15,19:00,0.06,08:30-10:30,14:45-16:45
940GZZLUVIC,Victoria,FRI,19:15-19:30,19:15,0.07,08:30-10:30,14:45-16:45
940GZZLUVIC,Victoria,FRI,19:30-19:45,19:30,0.07,08:30-10:30,14:45-16:45
940GZZLUVIC,Victoria,FRI,19:45-20:00,19:45,0.07,08:30-10:30,14:45-16:45
940GZZLUVIC,Victoria,FRI,20:00-20:15,20:00,0.08,08:30-10:30,14:45-16:45
940GZZLUVIC,Victoria,FRI,20:15-20:30,20:15,0.08,08:30-10:30,14:45-16:45
940GZZLUVIC,Victoria,FRI,20:30-20:45,20:30,0.08,08:30-10:30,14:45-16:45
940GZZLUVIC,Victoria,FRI,20:45-21:00,20:45,0.08,08:30-10:30,14:45-16:45
940GZZLUVIC,Victoria,FRI,21:00-21:15,21:00,0.08,08:30-10:30,14:45-16:45
940GZZLUVIC,Victoria,FRI,21:15-21:30,21:15,0.07,08:30-10:30,14:45-16:45
940GZZLUVIC,Victoria,FRI,21:30-21:45,21:30,0.07,08:30-10:30,14:45-16:45
940GZZLUVIC,Victoria,FRI,21:45-22:00,21:45,0.07,08:30-10:30,14:45-16:45
940GZZLUVIC,Victoria,FRI,22:00-22:15,22:00,0.07,08:30-10:30,14:45-16:45
940GZZLUVIC,Victoria,FRI,22:15-22:30,22:15,0.07,08:30-10:30,14:45-16:45
940GZZLUVIC,Victoria,FRI,22:30-22:45,22:30,0.07,08:30-10:30,14:45-16:45
940GZZLUVIC,Victoria,FRI,22:45-23:00,22:45,0.08,08:30-10:30,14:45-16:45
940GZZLUVIC,Victoria,FRI,23:00-23:15,23:00,0.08,08:30-10:30,14:45-16:45
940GZZLUVIC,Victoria,FRI,23:15-23:30,23:15,0.07,08:30-10:30,14:45-16:45
940GZZLUVIC,Victoria,FRI,23:30-23:45,23:30,0.07,08:30-10:30,14:45-16:45
940GZZLUVIC,Victoria,FRI,23:45-00:00,23:45,0.07,08:30-10:30,14:45-16:45
940GZZLUVIC,Victoria,WED,00:00-00:15,00:00,0.06,10:30-12:30,13:45-15:45
940GZZLUVIC,Victoria,WED,00:15-00:30,00:15,0.05,10:30-12:30,13:45-15:45
940GZZLUVIC,Victoria,WED,00:30-00:45,00:30,0.03,10:30-12:30,13:45-15:45
940GZZLUVIC,Victoria,WED,00:45-01:00,00:45,0.02,10:30-12:30,13:45-15:45
940GZZLUVIC,Victoria,WED,01:00-01:15,01:00,0.01,10:30-12:30,13:45-15:45
940GZZLUVIC,Victoria,WED,01:15-01:30,01:15,0.01,10:30-12:30,13:45-15:45
940GZZLUVIC,Victoria,WED,01:30-01:45,01:30,0,10:30-12:30,13:45-15:45
940GZZLUVIC,Victoria,WED,01:45-02:00,01:45,0,10:30-12:30,13:45-15:45
940GZZLUVIC,Victoria,WED,02:00-02:15,02:00,0.01,10:30-12:30,13:45-15:45
940GZZLUVIC,Victoria,WED,02:15-02:30,02:15,0,10:30-12:30,13:45-15:45
940GZZLUVIC,Victoria,WED,02:30-02:45,02:30,0,10:30-12:30,13:45-15:45
940GZZLUVIC,Victoria,WED,02:45-03:00,02:45,0,10:30-12:30,13:45-15:45
940GZZLUVIC,Victoria,WED,03:00-03:15,03:00,0,10:30-12:30,13:45-15:45
940GZZLUVIC,Victoria,WED,03:15-03:30,03:15,0,10:30-12:30,13:45-15:45
940GZZLUVIC,Victoria,WED,03:30-03:45,03:30,0,10:30-12:30,13:45-15:45
940GZZLUVIC,Victoria,WED,03:45-04:00,03:45,0,10:30-12:30,13:45-15:45
940GZZLUVIC,Victoria,WED,04:00-04:15,04:00,0,10:30-12:30,13:45-15:45
940GZZLUVIC,Victoria,WED,04:15-04:30,04:15,0,10:30-12:30,13:45-15:45
940GZZLUVIC,Victoria,WED,04:30-04:45,04:30,0,10:30-12:30,13:45-15:45
940GZZLUVIC,Victoria,WED,04:45-05:00,04:45,0,10:30-12:30,13:45-15:45
940GZZLUVIC,Victoria,WED,05:00-05:15,05:00,0,10:30-12:30,13:45-15:45
940GZZLUVIC,Victoria,WED,05:15-05:30,05:15,0.01,10:30-12:30,13:45-15:45
940GZZLUVIC,Victoria,WED,05:30-05:45,05:30,0.02,10:30-12:30,13:45-15:45
940GZZLUVIC,Victoria,WED,05:45-06:00,05:45,0.03,10:30-12:30,13:45-15:45
940GZZLUVIC,Victoria,WED,06:00-06:15,06:00,0.05,10:30-12:30,13:45-15:45
940GZZLUVIC,Victoria,WED,06:15-06:30,06:15,0.06,10:30-12:30,13:45-15:45
940GZZLUVIC,Victoria,WED,06:30-06:45,06:30,0.07,10:30-12:30,13:45-15:45
940GZZLUVIC,Victoria,WED,06:45-07:00,06:45,0.07,10:30-12:30,13:45-15:45
940GZZLUVIC,Victoria,WED,07:00-07:15,07:00,0.07,10:30-12:30,13:45-15:45
940GZZLUVIC,Victoria,WED,07:15-07:30,07:15,0.08,10:30-12:30,13:45-15:45
940GZZLUVIC,Victoria,WED,07:30-07:45,07:30,0.08,10:30-12:30,13:45-15:45
940GZZLUVIC,Victoria,WED,07:45-08:00,07:45,0.08,10:30-12:30,13:45-15:45
940GZZLUVIC,Victoria,WED,08:00-08:15,08:00,0.08,10:30-12:30,13:45-15:45
940GZZLUVIC,Victoria,WED,08:15-08:30,08:15,0.08,10:30-12:30,13:45-15:45
940GZZLUVIC,Victoria,WED,08:30-08:45,08:30,0.09,10:30-12:30,13:45-15:45
940GZZLUVIC,Victoria,WED,08:45-09:00,08:45,0.09,10:30-12:30,13:45-15:45
940GZZLUVIC,Victoria,WED,09:00-09:15,09:00,0.08,10:30-12:30,13:45-15:45
940GZZLUVIC,Victoria,WED,09:15-09:30,09:15,0.08,10:30-12:30,13:45-15:45
940GZZLUVIC,Victoria,WED,09:30-09:45,09:30,0.07,10:30-12:30,13:45-15:45
940GZZLUVIC,Victoria,WED,09:45-10:00,09:45,0.07,10:30-12:30,13:45-15:45
940GZZLUVIC,Victoria,WED,10:00-10:15,10:00,0.08,10:30-12:30,13:45-15:45
940GZZLUVIC,Victoria,WED,10:15-10:30,10:15,0.08,10:30-12:30,13:45-15:45
940GZZLUVIC,Victoria,WED,10:30-10:45,10:30,0.09,10:30-12:30,13:45-15:45
940GZZLUVIC,Victoria,WED,10:45-11:00,10:45,0.09,10:30-12:30,13:45-15:45
940GZZLUVIC,Victoria,WED,11:00-11:15,11:00,0.09,10:30-12:30,13:45-15:45
940GZZLUVIC,Victoria,WED,11:15-11:30,11:15,0.09,10:30-12:30,13:45-15:45
940GZZLUVIC,Victoria,WED,11:30-11:45,11:30,0.09,10:30-12:30,13:45-15:45
940GZZLUVIC,Victoria,WED,11:45-12:00,11:45,0.09,10:30-12:30,13:45-15:45
940GZZLUVIC,Victoria,WED,12:00-12:15,12:00,0.09,10:30-12:30,13:45-15:45
940GZZLUVIC,Victoria,WED,12:15-12:30,12:15,0.09,10:30-12:30,13:45-15:45
940GZZLUVIC,Victoria,WED,12:30-12:45,12:30,0.09,10:30-12:30,13:45-15:45
940GZZLUVIC,Victoria,WED,12:45-13:00,12:45,0.08,10:30-12:30,13:45-15:45
940GZZLUVIC,Victoria,WED,13:00-13:15,13:00,0.08,10:30-12:30,13:45-15:45
940GZZLUVIC,Victoria,WED,13:15-13:30,13:15,0.08,10:30-12:30,13:45-15:45
940GZZLUVIC,Victoria,WED,13:30-13:45,13:30,0.08,10:30-12:30,13:45-15:45
940GZZLUVIC,Victoria,WED,13:45-14:00,13:45,0.08,10:30-12:30,13:45-15:45
940GZZLUVIC,Victoria,WED,14:00-14:15,14:00,0.08,10:30-12:30,13:45-15:45
940GZZLUVIC,Victoria,WED,14:15-14:30,14:15,0.08,10:30-12:30,13:45-15:45
940GZZLUVIC,Victoria,WED,14:30-14:45,14:30,0.08,10:30-12:30,13:45-15:45
940GZZLUVIC,Victoria,WED,14:45-15:00,14:45,0.08,10:30-12:30,13:45-15:45
940GZZLUVIC,Victoria,WED,15:00-15:15,15:00,0.08,10:30-12:30,13:45-15:45
940GZZLUVIC,Victoria,WED,15:15-15:30,15:15,0.08,10:30-12:30,13:45-15:45
940GZZLUVIC,Victoria,WED,15:30-15:45,15:30,0.08,10:30-12:30,13:45-15:45
940GZZLUVIC,Victoria,WED,15:45-16:00,15:45,0.08,10:30-12:30,13:45-15:45
940GZZLUVIC,Victoria,WED,16:00-16:15,16:00,0.08,10:30-12:30,13:45-15:45
940GZZLUVIC,Victoria,WED,16:15-16:30,16:15,0.07,10:30-12:30,13:45-15:45
940GZZLUVIC,Victoria,WED,16:30-16:45,16:30,0.07,10:30-12:30,13:45-15:45
940GZZLUVIC,Victoria,WED,16:45-17:00,16:45,0.06,10:30-12:30,13:45-15:45
940GZZLUVIC,Victoria,WED,17:00-17:15,17:00,0.06,10:30-12:30,13:45-15:45
940GZZLUVIC,Victoria,WED,17:15-17:30,17:15,0.07,10:30-12:30,13:45-15:45
940GZZLUVIC,Victoria,WED,17:30-17:45,17:30,0.07,10:30-12:30,13:45-15:45
940GZZLUVIC,Victoria,WED,17:45-18:00,17:45,0.08,10:30-12:30,13:45-15:45
940GZZLUVIC,Victoria,WED,18:00-18:15,18:00,0.09,10:30-12:30,13:45-15:45
940GZZLUVIC,Victoria,WED,18:15-18:30,18:15,0.08,10:30-12:30,13:45-15:45
940GZZLUVIC,Victoria,WED,18:30-18:45,18:30,0.08,10:30-12:30,13:45-15:45
940GZZLUVIC,Victoria,WED,18:45-19:00,18:45,0.07,10:30-12:30,13:45-15:45
940GZZLUVIC,Victoria,WED,19:00-19:15,19:00,0.07,10:30-12:30,13:45-15:45
940GZZLUVIC,Victoria,WED,19:15-19:30,19:15,0.06,10:30-12:30,13:45-15:45
940GZZLUVIC,Victoria,WED,19:30-19:45,19:30,0.06,10:30-12:30,13:45-15:45
940GZZLUVIC,Victoria,WED,19:45-20:00,19:45,0.06,10:30-12:30,13:45-15:45
940GZZLUVIC,Victoria,WED,20:00-20:15,20:00,0.07,10:30-12:30,13:45-15:45
940GZZLUVIC,Victoria,WED,20:15-20:30,20:15,0.07,10:30-12:30,13:45-15:45
940GZZLUVIC,Victoria,WED,20:30-20:45,20:30,0.08,10:30-12:30,13:45-15:45
940GZZLUVIC,Victoria,WED,20:45-21:00,20:45,0.08,10:30-12:30,13:45-15:45
940GZZLUVIC,Victoria,WED,21:00-21:15,21:00,0.08,10:30-12:30,13:45-15:45
940GZZLUVIC,Victoria,WED,21:15-21:30,21:15,0.08,10:30-12:30,13:45-15:45
940GZZLUVIC,Victoria,WED,21:30-21:45,21:30,0.08,10:30-12:30,13:45-15:45
940GZZLUVIC,Victoria,WED,21:45-22:00,21:45,0.08,10:30-12:30,13:45-15:45
940GZZLUVIC,Victoria,WED,22:00-22:15,22:00,0.08,10:30-12:30,13:45-15:45
940GZZLUVIC,Victoria,WED,22:15-22:30,22:15,0.08,10:30-12:30,13:45-15:45
940GZZLUVIC,Victoria,WED,22:30-22:45,22:30,0.08,10:30-12:30,13:45-15:45
940GZZLUVIC,Victoria,WED,22:45-23:00,22:45,0.08,10:30-12:30,13:45-15:45
940GZZLUVIC,Victoria,WED,23:00-23:15,23:00,0.07,10:30-12:30,13:45-15:45
940GZZLUVIC,Victoria,WED,23:15-23:30,23:15,0.07,10:30-12:30,13:45-15:45
940GZZLUVIC,Victoria,WED,23:30-23:45,23:30,0.07,10:30-12:30,13:45-15:45
940GZZLUVIC,Victoria,WED,23:45-00:00,23:45,0.06,10:30-12:30,13:45-15:45
940GZZLUVIC,Victoria,SAT,00:00-00:15,00:00,0.09,11:45-13:45,16:15-18:15
940GZZLUVIC,Victoria,SAT,00:15-00:30,00:15,0.07,11:45-13:45,16:15-18:15
940GZZLUVIC,Victoria,SAT,00:30-00:45,00:30,0.06,11:45-13:45,16:15-18:15
940GZZLUVIC,Victoria,SAT,00:45-01:00,00:45,0.05,11:45-13:45,16:15-18:15
940GZZLUVIC,Victoria,SAT,01:00-01:15,01:00,0.04,11:45-13:45,16:15-18:15
940GZZLUVIC,Victoria,SAT,01:15-01:30,01:15,0.03,11:45-13:45,16:15-18:15
940GZZLUVIC,Victoria,SAT,01:30-01:45,01:30,0.02,11:45-13:45,16:15-18:15
940GZZLUVIC,Victoria,SAT,01:45-02:00,01:45,0.02,11:45-13:45,16:15-18:15
940GZZLUVIC,Victoria,SAT,02:00-02:15,02:00,0.01,11:45-13:45,16:15-18:15
940GZZLUVIC,Victoria,SAT,02:15-02:30,02:15,0.01,11:45-13:45,16:15-18:15
940GZZLUVIC,Victoria,SAT,02:30-02:45,02:30,0.01,11:45-13:45,16:15-18:15
940GZZLUVIC,Victoria,SAT,02:45-03:00,02:45,0.01,11:45-13:45,16:15-18:15
940GZZLUVIC,Victoria,SAT,03:00-03:15,03:00,0.01,11:45-13:45,16:15-18:15
940GZZLUVIC,Victoria,SAT,03:15-03:30,03:15,0.01,11:45-13:45,16:15-18:15
940GZZLUVIC,Victoria,SAT,03:30-03:45,03:30,0.01,11:45-13:45,16:15-18:15
940GZZLUVIC,Victoria,SAT,03:45-04:00,03:45,0,11:45-13:45,16:15-18:15
940GZZLUVIC,Victoria,SAT,04:00-04:15,04:00,0,11:45-13:45,16:15-18:15
940GZZLUVIC,Victoria,SAT,04:15-04:30,04:15,0,11:45-13:45,16:15-18:15
940GZZLUVIC,Victoria,SAT,04:30-04:45,04:30,0,11:45-13:45,16:15-18:15
940GZZLUVIC,Victoria,SAT,04:45-05:00,04:45,0.01,11:45-13:45,16:15-18:15
940GZZLUVIC,Victoria,SAT,05:00-05:15,05:00,0.01,11:45-13:45,16:15-18:15
940GZZLUVIC,Victoria,SAT,05:15-05:30,05:15,0.02,11:45-13:45,16:15-18:15
940GZZLUVIC,Victoria,SAT,05:30-05:45,05:30,0.02,11:45-13:45,16:15-18:15
940GZZLUVIC,Victoria,SAT,05:45-06:00,05:45,0.03,11:45-13:45,16:15-18:15
940GZZLUVIC,Victoria,SAT,06:00-06:15,06:00,0.04,11:45-13:45,16:15-18:15
940GZZLUVIC,Victoria,SAT,06:15-06:30,06:15,0.04,11:45-13:45,16:15-18:15
940GZZLUVIC,Victoria,SAT,06:30-06:45,06:30,0.05,11:45-13:45,16:15-18:15
940GZZLUVIC,Victoria,SAT,06:45-07:00,06:45,0.06,11:45-13:45,16:15-18:15
940GZZLUVIC,Victoria,SAT,07:00-07:15,07:00,0.07,11:45-13:45,16:15-18:15
940GZZLUVIC,Victoria,SAT,07:15-07:30,07:15,0.07,11:45-13:45,16:15-18:15
940GZZLUVIC,Victoria,SAT,07:30-07:45,07:30,0.08,11:45-13:45,16:15-18:15
940GZZLUVIC,Victoria,SAT,07:45-08:00,07:45,0.08,11:45-13:45,16:15-18:15
940GZZLUVIC,Victoria,SAT,08:00-08:15,08:00,0.08,11:45-13:45,16:15-18:15
940GZZLUVIC,Victoria,SAT,08:15-08:30,08:15,0.08,11:45-13:45,16:15-18:15
940GZZLUVIC,Victoria,SAT,08:30-08:45,08:30,0.08,11:45-13:45,16:15-18:15
940GZZLUVIC,Victoria,SAT,08:45-09:00,08:45,0.08,11:45-13:45,16:15-18:15
940GZZLUVIC,Victoria,SAT,09:00-09:15,09:00,0.08,11:45-13:45,16:15-18:15
940GZZLUVIC,Victoria,SAT,09:15-09:30,09:15,0.08,11:45-13:45,16:15-18:15
940GZZLUVIC,Victoria,SAT,09:30-09:45,09:30,0.08,11:45-13:45,16:15-18:15
940GZZLUVIC,Victoria,SAT,09:45-10:00,09:45,0.08,11:45-13:45,16:15-18:15
940GZZLUVIC,Victoria,SAT,10:00-10:15,10:00,0.08,11:45-13:45,16:15-18:15
940GZZLUVIC,Victoria,SAT,10:15-10:30,10:15,0.08,11:45-13:45,16:15-18:15
940GZZLUVIC,Victoria,SAT,10:30-10:45,10:30,0.08,11:45-13:45,16:15-18:15
940GZZLUVIC,Victoria,SAT,10:45-11:00,10:45,0.08,11:45-13:45,16:15-18:15
940GZZLUVIC,Victoria,SAT,11:00-11:15,11:00,0.09,11:45-13:45,16:15-18:15
940GZZLUVIC,Victoria,SAT,11:15-11:30,11:15,0.09,11:45-13:45,16:15-18:15
940GZZLUVIC,Victoria,SAT,11:30-11:45,11:30,0.09,11:45-13:45,16:15-18:15
940GZZLUVIC,Victoria,SAT,11:45-12:00,11:45,0.09,11:45-13:45,16:15-18:15
940GZZLUVIC,Victoria,SAT,12:00-12:15,12:00,0.09,11:45-13:45,16:15-18:15
940GZZLUVIC,Victoria,SAT,12:15-12:30,12:15,0.09,11:45-13:45,16:15-18:15
940GZZLUVIC,Victoria,SAT,12:30-12:45,12:30,0.09,11:45-13:45,16:15-18:15
940GZZLUVIC,Victoria,SAT,12:45-13:00,12:45,0.09,11:45-13:45,16:15-18:15
940GZZLUVIC,Victoria,SAT,13:00-13:15,13:00,0.09,11:45-13:45,16:15-18:15
940GZZLUVIC,Victoria,SAT,13:15-13:30,13:15,0.09,11:45-13:45,16:15-18:15
940GZZLUVIC,Victoria,SAT,13:30-13:45,13:30,0.09,11:45-13:45,16:15-18:15
940GZZLUVIC,Victoria,SAT,13:45-14:00,13:45,0.09,11:45-13:45,16:15-18:15
940GZZLUVIC,Victoria,SAT,14:00-14:15,14:00,0.09,11:45-13:45,16:15-18:15
940GZZLUVIC,Victoria,SAT,14:15-14:30,14:15,0.09,11:45-13:45,16:15-18:15
940GZZLUVIC,Victoria,SAT,14:30-14:45,14:30,0.09,11:45-13:45,16:15-18:15
940GZZLUVIC,Victoria,SAT,14:45-15:00,14:45,0.09,11:45-13:45,16:15-18:15
940GZZLUVIC,Victoria,SAT,15:00-15:15,15:00,0.09,11:45-13:45,16:15-18:15
940GZZLUVIC,Victoria,SAT,15:15-15:30,15:15,0.09,11:45-13:45,16:15-18:15
940GZZLUVIC,Victoria,SAT,15:30-15:45,15:30,0.09,11:45-13:45,16:15-18:15
940GZZLUVIC,Victoria,SAT,15:45-16:00,15:45,0.09,11:45-13:45,16:15-18:15
940GZZLUVIC,Victoria,SAT,16:00-16:15,16:00,0.09,11:45-13:45,16:15-18:15
940GZZLUVIC,Victoria,SAT,16:15-16:30,16:15,0.09,11:45-13:45,16:15-18:15
940GZZLUVIC,Victoria,SAT,16:30-16:45,16:30,0.09,11:45-13:45,16:15-18:15
940GZZLUVIC,Victoria,SAT,16:45-17:00,16:45,0.09,11:45-13:45,16:15-18:15
940GZZLUVIC,Victoria,SAT,17:00-17:15,17:00,0.09,11:45-13:45,16:15-18:15
940GZZLUVIC,Victoria,SAT,17:15-17:30,17:15,0.09,11:45-13:45,16:15-18:15
940GZZLUVIC,Victoria,SAT,17:30-17:45,17:30,0.09,11:45-13:45,16:15-18:15
940GZZLUVIC,Victoria,SAT,17:45-18:00,17:45,0.09,11:45-13:45,16:15-18:15
940GZZLUVIC,Victoria,SAT,18:00-18:15,18:00,0.09,11:45-13:45,16:15-18:15
940GZZLUVIC,Victoria,SAT,18:15-18:30,18:15,0.09,11:45-13:45,16:15-18:15
940GZZLUVIC,Victoria,SAT,18:30-18:45,18:30,0.09,11:45-13:45,16:15-18:15
940GZZLUVIC,Victoria,SAT,18:45-19:00,18:45,0.08,11:45-13:45,16:15-18:15
940GZZLUVIC,Victoria,SAT,19:00-19:15,19:00,0.08,11:45-13:45,16:15-18:15
940GZZLUVIC,Victoria,SAT,19:15-19:30,19:15,0.08,11:45-13:45,16:15-18:15
940GZZLUVIC,Victoria,SAT,19:30-19:45,19:30,0.08,11:45-13:45,16:15-18:15
940GZZLUVIC,Victoria,SAT,19:45-20:00,19:45,0.08,11:45-13:45,16:15-18:15
940GZZLUVIC,Victoria,SAT,20:00-20:15,20:00,0.07,11:45-13:45,16:15-18:15
940GZZLUVIC,Victoria,SAT,20:15-20:30,20:15,0.07,11:45-13:45,16:15-18:15
940GZZLUVIC,Victoria,SAT,20:30-20:45,20:30,0.07,11:45-13:45,16:15-18:15
940GZZLUVIC,Victoria,SAT,20:45-21:00,20:45,0.07,11:45-13:45,16:15-18:15
940GZZLUVIC,Victoria,SAT,21:00-21:15,21:00,0.07,11:45-13:45,16:15-18:15
940GZZLUVIC,Victoria,SAT,21:15-21:30,21:15,0.08,11:45-13:45,16:15-18:15
940GZZLUVIC,Victoria,SAT,21:30-21:45,21:30,0.08,11:45-13:45,16:15-18:15
940GZZLUVIC,Victoria,SAT,21:45-22:00,21:45,0.08,11:45-13:45,16:15-18:15
940GZZLUVIC,Victoria,SAT,22:00-22:15,22:00,0.08,11:45-13:45,16:15-18:15
940GZZLUVIC,Victoria,SAT,22:15-22:30,22:15,0.08,11:45-13:45,16:15-18:15
940GZZLUVIC,Victoria,SAT,22:30-22:45,22:30,0.08,11:45-13:45,16:15-18:15
940GZZLUVIC,Victoria,SAT,22:45-23:00,22:45,0.08,11:45-13:45,16:15-18:15
940GZZLUVIC,Victoria,SAT,23:00-23:15,23:00,0.08,11:45-13:45,16:15-18:15
940GZZLUVIC,Victoria,SAT,23:15-23:30,23:15,0.08,11:45-13:45,16:15-18:15
940GZZLUVIC,Victoria,SAT,23:30-23:45,23:30,0.08,11:45-13:45,16:15-18:15
940GZZLUVIC,Victoria,SAT,23:45-00:00,23:45,0.07,11:45-13:45,16:15-18:15
940GZZLUVIC,Victoria,THU,00:00-00:15,00:00,0.08,11:30-13:30,21:00-23:00
940GZZLUVIC,Victoria,THU,00:15-00:30,00:15,0.06,11:30-13:30,21:00-23:00
940GZZLUVIC,Victoria,THU,00:30-00:45,00:30,0.04,11:30-13:30,21:00-23:00
940GZZLUVIC,Victoria,THU,00:45-01:00,00:45,0.03,11:30-13:30,21:00-23:00
940GZZLUVIC,Victoria,THU,01:00-01:15,01:00,0.02,11:30-13:30,21:00-23:00
940GZZLUVIC,Victoria,THU,01:15-01:30,01:15,0.01,11:30-13:30,21:00-23:00
940GZZLUVIC,Victoria,THU,01:30-01:45,01:30,0,11:30-13:30,21:00-23:00
940GZZLUVIC,Victoria,THU,01:45-02:00,01:45,0,11:30-13:30,21:00-23:00
940GZZLUVIC,Victoria,THU,02:00-02:15,02:00,0.01,11:30-13:30,21:00-23:00
940GZZLUVIC,Victoria,THU,02:15-02:30,02:15,0.01,11:30-13:30,21:00-23:00
940GZZLUVIC,Victoria,THU,02:30-02:45,02:30,0.01,11:30-13:30,21:00-23:00
940GZZLUVIC,Victoria,THU,02:45-03:00,02:45,0,11:30-13:30,21:00-23:00
940GZZLUVIC,Victoria,THU,03:00-03:15,03:00,0,11:30-13:30,21:00-23:00
940GZZLUVIC,Victoria,THU,03:15-03:30,03:15,0,11:30-13:30,21:00-23:00
940GZZLUVIC,Victoria,THU,03:30-03:45,03:30,0,11:30-13:30,21:00-23:00
940GZZLUVIC,Victoria,THU,03:45-04:00,03:45,0,11:30-13:30,21:00-23:00
940GZZLUVIC,Victoria,THU,04:00-04:15,04:00,0,11:30-13:30,21:00-23:00
940GZZLUVIC,Victoria,THU,04:15-04:30,04:15,0,11:30-13:30,21:00-23:00
940GZZLUVIC,Victoria,THU,04:30-04:45,04:30,0,11:30-13:30,21:00-23:00
940GZZLUVIC,Victoria,THU,04:45-05:00,04:45,0,11:30-13:30,21:00-23:00
940GZZLUVIC,Victoria,THU,05:00-05:15,05:00,0,11:30-13:30,21:00-23:00
940GZZLUVIC,Victoria,THU,05:15-05:30,05:15,0.01,11:30-13:30,21:00-23:00
940GZZLUVIC,Victoria,THU,05:30-05:45,05:30,0.02,11:30-13:30,21:00-23:00
940GZZLUVIC,Victoria,THU,05:45-06:00,05:45,0.03,11:30-13:30,21:00-23:00
940GZZLUVIC,Victoria,THU,06:00-06:15,06:00,0.04,11:30-13:30,21:00-23:00
940GZZLUVIC,Victoria,THU,06:15-06:30,06:15,0.06,11:30-13:30,21:00-23:00
940GZZLUVIC,Victoria,THU,06:30-06:45,06:30,0.06,11:30-13:30,21:00-23:00
940GZZLUVIC,Victoria,THU,06:45-07:00,06:45,0.07,11:30-13:30,21:00-23:00
940GZZLUVIC,Victoria,THU,07:00-07:15,07:00,0.07,11:30-13:30,21:00-23:00
940GZZLUVIC,Victoria,THU,07:15-07:30,07:15,0.07,11:30-13:30,21:00-23:00
940GZZLUVIC,Victoria,THU,07:30-07:45,07:30,0.07,11:30-13:30,21:00-23:00
940GZZLUVIC,Victoria,THU,07:45-08:00,07:45,0.07,11:30-13:30,21:00-23:00
940GZZLUVIC,Victoria,THU,08:00-08:15,08:00,0.07,11:30-13:30,21:00-23:00
940GZZLUVIC,Victoria,THU,08:15-08:30,08:15,0.08,11:30-13:30,21:00-23:00
940GZZLUVIC,Victoria,THU,08:30-08:45,08:30,0.08,11:30-13:30,21:00-23:00
940GZZLUVIC,Victoria,THU,08:45-09:00,08:45,0.09,11:30-13:30,21:00-23:00
940GZZLUVIC,Victoria,THU,09:00-09:15,09:00,0.09,11:30-13:30,21:00-23:00
940GZZLUVIC,Victoria,THU,09:15-09:30,09:15,0.08,11:30-13:30,21:00-23:00
940GZZLUVIC,Victoria,THU,09:30-09:45,09:30,0.08,11:30-13:30,21:00-23:00
940GZZLUVIC,Victoria,THU,09:45-10:00,09:45,0.08,11:30-13:30,21:00-23:00
940GZZLUVIC,Victoria,THU,10:00-10:15,10:00,0.08,11:30-13:30,21:00-23:00
940GZZLUVIC,Victoria,THU,10:15-10:30,10:15,0.08,11:30-13:30,21:00-23:00
940GZZLUVIC,Victoria,THU,10:30-10:45,10:30,0.08,11:30-13:30,21:00-23:00
940GZZLUVIC,Victoria,THU,10:45-11:00,10:45,0.08,11:30-13:30,21:00-23:00
940GZZLUVIC,Victoria,THU,11:00-11:15,11:00,0.08,11:30-13:30,21:00-23:00
940GZZLUVIC,Victoria,THU,11:15-11:30,11:15,0.08,11:30-13:30,21:00-23:00
940GZZLUVIC,Victoria,THU,11:30-11:45,11:30,0.09,11:30-13:30,21:00-23:00
940GZZLUVIC,Victoria,THU,11:45-12:00,11:45,0.09,11:30-13:30,21:00-23:00
940GZZLUVIC,Victoria,THU,12:00-12:15,12:00,0.09,11:30-13:30,21:00-23:00
940GZZLUVIC,Victoria,THU,12:15-12:30,12:15,0.09,11:30-13:30,21:00-23:00
940GZZLUVIC,Victoria,THU,12:30-12:45,12:30,0.09,11:30-13:30,21:00-23:00
940GZZLUVIC,Victoria,THU,12:45-13:00,12:45,0.09,11:30-13:30,21:00-23:00
940GZZLUVIC,Victoria,THU,13:00-13:15,13:00,0.09,11:30-13:30,21:00-23:00
940GZZLUVIC,Victoria,THU,13:15-13:30,13:15,0.08,11:30-13:30,21:00-23:00
940GZZLUVIC,Victoria,THU,13:30-13:45,13:30,0.08,11:30-13:30,21:00-23:00
940GZZLUVIC,Victoria,THU,13:45-14:00,13:45,0.08,11:30-13:30,21:00-23:00
940GZZLUVIC,Victoria,THU,14:00-14:15,14:00,0.07,11:30-13:30,21:00-23:00
940GZZLUVIC,Victoria,THU,14:15-14:30,14:15,0.07,11:30-13:30,21:00-23:00
940GZZLUVIC,Victoria,THU,14:30-14:45,14:30,0.08,11:30-13:30,21:00-23:00
940GZZLUVIC,Victoria,THU,14:45-15:00,14:45,0.08,11:30-13:30,21:00-23:00
940GZZLUVIC,Victoria,THU,15:00-15:15,15:00,0.08,11:30-13:30,21:00-23:00
940GZZLUVIC,Victoria,THU,15:15-15:30,15:15,0.08,11:30-13:30,21:00-23:00
940GZZLUVIC,Victoria,THU,15:30-15:45,15:30,0.08,11:30-13:30,21:00-23:00
940GZZLUVIC,Victoria,THU,15:45-16:00,15:45,0.08,11:30-13:30,21:00-23:00
940GZZLUVIC,Victoria,THU,16:00-16:15,16:00,0.08,11:30-13:30,21:00-23:00
940GZZLUVIC,Victoria,THU,16:15-16:30,16:15,0.08,11:30-13:30,21:00-23:00
940GZZLUVIC,Victoria,THU,16:30-16:45,16:30,0.07,11:30-13:30,21:00-23:00
940GZZLUVIC,Victoria,THU,16:45-17:00,16:45,0.06,11:30-13:30,21:00-23:00
940GZZLUVIC,Victoria,THU,17:00-17:15,17:00,0.06,11:30-13:30,21:00-23:00
940GZZLUVIC,Victoria,THU,17:15-17:30,17:15,0.07,11:30-13:30,21:00-23:00
940GZZLUVIC,Victoria,THU,17:30-17:45,17:30,0.08,11:30-13:30,21:00-23:00
940GZZLUVIC,Victoria,THU,17:45-18:00,17:45,0.08,11:30-13:30,21:00-23:00
940GZZLUVIC,Victoria,THU,18:00-18:15,18:00,0.08,11:30-13:30,21:00-23:00
940GZZLUVIC,Victoria,THU,18:15-18:30,18:15,0.08,11:30-13:30,21:00-23:00
940GZZLUVIC,Victoria,THU,18:30-18:45,18:30,0.07,11:30-13:30,21:00-23:00
940GZZLUVIC,Victoria,THU,18:45-19:00,18:45,0.06,11:30-13:30,21:00-23:00
940GZZLUVIC,Victoria,THU,19:00-19:15,19:00,0.06,11:30-13:30,21:00-23:00
940GZZLUVIC,Victoria,THU,19:15-19:30,19:15,0.06,11:30-13:30,21:00-23:00
940GZZLUVIC,Victoria,THU,19:30-19:45,19:30,0.07,11:30-13:30,21:00-23:00
940GZZLUVIC,Victoria,THU,19:45-20:00,19:45,0.07,11:30-13:30,21:00-23:00
940GZZLUVIC,Victoria,THU,20:00-20:15,20:00,0.07,11:30-13:30,21:00-23:00
940GZZLUVIC,Victoria,THU,20:15-20:30,20:15,0.08,11:30-13:30,21:00-23:00
940GZZLUVIC,Victoria,THU,20:30-20:45,20:30,0.08,11:30-13:30,21:00-23:00
940GZZLUVIC,Victoria,THU,20:45-21:00,20:45,0.08,11:30-13:30,21:00-23:00
940GZZLUVIC,Victoria,THU,21:00-21:15,21:00,0.08,11:30-13:30,21:00-23:00
940GZZLUVIC,Victoria,THU,21:15-21:30,21:15,0.08,11:30-13:30,21:00-23:00
940GZZLUVIC,Victoria,THU,21:30-21:45,21:30,0.08,11:30-13:30,21:00-23:00
940GZZLUVIC,Victoria,THU,21:45-22:00,21:45,0.08,11:30-13:30,21:00-23:00
940GZZLUVIC,Victoria,THU,22:00-22:15,22:00,0.08,11:30-13:30,21:00-23:00
940GZZLUVIC,Victoria,THU,22:15-22:30,22:15,0.08,11:30-13:30,21:00-23:00
940GZZLUVIC,Victoria,THU,22:30-22:45,22:30,0.08,11:30-13:30,21:00-23:00
940GZZLUVIC,Victoria,THU,22:45-23:00,22:45,0.08,11:30-13:30,21:00-23:00
940GZZLUVIC,Victoria,THU,23:00-23:15,23:00,0.08,11:30-13:30,21:00-23:00
940GZZLUVIC,Victoria,THU,23:15-23:30,23:15,0.08,11:30-13:30,21:00-23:00
940GZZLUVIC,Victoria,THU,23:30-23:45,23:30,0.07,11:30-13:30,21:00-23:00
940GZZLUVIC,Victoria,THU,23:45-00:00,23:45,0.07,11:30-13:30,21:00-23:00
940GZZLUVIC,Victoria,SUN,00:00-00:15,00:00,0.01,11:45-13:45,13:45-15:45
940GZZLUVIC,Victoria,SUN,00:15-00:30,00:15,0.01,11:45-13:45,13:45-15:45
940GZZLUVIC,Victoria,SUN,00:30-00:45,00:30,0.01,11:45-13:45,13:45-15:45
940GZZLUVIC,Victoria,SUN,00:45-01:00,00:45,0.02,11:45-13:45,13:45-15:45
940GZZLUVIC,Victoria,SUN,01:00-01:15,01:00,0.02,11:45-13:45,13:45-15:45
940GZZLUVIC,Victoria,SUN,01:15-01:30,01:15,0.02,11:45-13:45,13:45-15:45
940GZZLUVIC,Victoria,SUN,01:30-01:45,01:30,0.02,11:45-13:45,13:45-15:45
940GZZLUVIC,Victoria,SUN,01:45-02:00,01:45,0.02,11:45-13:45,13:45-15:45
940GZZLUVIC,Victoria,SUN,02:00-02:15,02:00,0.02,11:45-13:45,13:45-15:45
940GZZLUVIC,Victoria,SUN,02:15-02:30,02:15,0.02,11:45-13:45,13:45-15:45
940GZZLUVIC,Victoria,SUN,02:30-02:45,02:30,0.02,11:45-13:45,13:45-15:45
940GZZLUVIC,Victoria,SUN,02:45-03:00,02:45,0.02,11:45-13:45,13:45-15:45
940GZZLUVIC,Victoria,SUN,03:00-03:15,03:00,0.02,11:45-13:45,13:45-15:45
940GZZLUVIC,Victoria,SUN,03:15-03:30,03:15,0.01,11:45-13:45,13:45-15:45
940GZZLUVIC,Victoria,SUN,03:30-03:45,03:30,0.01,11:45-13:45,13:45-15:45
940GZZLUVIC,Victoria,SUN,03:45-04:00,03:45,0.01,11:45-13:45,13:45-15:45
940GZZLUVIC,Victoria,SUN,04:00-04:15,04:00,0.01,11:45-13:45,13:45-15:45
940GZZLUVIC,Victoria,SUN,04:15-04:30,04:15,0.01,11:45-13:45,13:45-15:45
940GZZLUVIC,Victoria,SUN,04:30-04:45,04:30,0.01,11:45-13:45,13:45-15:45
940GZZLUVIC,Victoria,SUN,04:45-05:00,04:45,0.01,11:45-13:45,13:45-15:45
940GZZLUVIC,Victoria,SUN,05:00-05:15,05:00,0.01,11:45-13:45,13:45-15:45
940GZZLUVIC,Victoria,SUN,05:15-05:30,05:15,0.01,11:45-13:45,13:45-15:45
940GZZLUVIC,Victoria,SUN,05:30-05:45,05:30,0.01,11:45-13:45,13:45-15:45
940GZZLUVIC,Victoria,SUN,05:45-06:00,05:45,0.02,11:45-13:45,13:45-15:45
940GZZLUVIC,Victoria,SUN,06:00-06:15,06:00,0.02,11:45-13:45,13:45-15:45
940GZZLUVIC,Victoria,SUN,06:15-06:30,06:15,0.03,11:45-13:45,13:45-15:45
940GZZLUVIC,Victoria,SUN,06:30-06:45,06:30,0.03,11:45-13:45,13:45-15:45
940GZZLUVIC,Victoria,SUN,06:45-07:00,06:45,0.04,11:45-13:45,13:45-15:45
940GZZLUVIC,Victoria,SUN,07:00-07:15,07:00,0.05,11:45-13:45,13:45-15:45
940GZZLUVIC,Victoria,SUN,07:15-07:30,07:15,0.06,11:45-13:45,13:45-15:45
940GZZLUVIC,Victoria,SUN,07:30-07:45,07:30,0.06,11:45-13:45,13:45-15:45
940GZZLUVIC,Victoria,SUN,07:45-08:00,07:45,0.07,11:45-13:45,13:45-15:45
940GZZLUVIC,Victoria,SUN,08:00-08:15,08:00,0.08,11:45-13:45,13:45-15:45
940GZZLUVIC,Victoria,SUN,08:15-08:30,08:15,0.08,11:45-13:45,13:45-15:45
940GZZLUVIC,Victoria,SUN,08:30-08:45,08:30,0.08,11:45-13:45,13:45-15:45
940GZZLUVIC,Victoria,SUN,08:45-09:00,08:45,0.09,11:45-13:45,13:45-15:45
940GZZLUVIC,Victoria,SUN,09:00-09:15,09:00,0.09,11:45-13:45,13:45-15:45
940GZZLUVIC,Victoria,SUN,09:15-09:30,09:15,0.09,11:45-13:45,13:45-15:45
940GZZLUVIC,Victoria,SUN,09:30-09:45,09:30,0.09,11:45-13:45,13:45-15:45
940GZZLUVIC,Victoria,SUN,09:45-10:00,09:45,0.09,11:45-13:45,13:45-15:45
940GZZLUVIC,Victoria,SUN,10:00-10:15,10:00,0.09,11:45-13:45,13:45-15:45
940GZZLUVIC,Victoria,SUN,10:15-10:30,10:15,0.09,11:45-13:45,13:45-15:45
940GZZLUVIC,Victoria,SUN,10:30-10:45,10:30,0.09,11:45-13:45,13:45-15:45
940GZZLUVIC,Victoria,SUN,10:45-11:00,10:45,0.09,11:45-13:45,13:45-15:45
940GZZLUVIC,Victoria,SUN,11:00-11:15,11:00,0.09,11:45-13:45,13:45-15:45
940GZZLUVIC,Victoria,SUN,11:15-11:30,11:15,0.09,11:45-13:45,13:45-15:45
940GZZLUVIC,Victoria,SUN,11:30-11:45,11:30,0.09,11:45-13:45,13:45-15:45
940GZZLUVIC,Victoria,SUN,11:45-12:00,11:45,0.09,11:45-13:45,13:45-15:45
940GZZLUVIC,Victoria,SUN,12:00-12:15,12:00,0.09,11:45-13:45,13:45-15:45
940GZZLUVIC,Victoria,SUN,12:15-12:30,12:15,0.09,11:45-13:45,13:45-15:45
940GZZLUVIC,Victoria,SUN,12:30-12:45,12:30,0.09,11:45-13:45,13:45-15:45
940GZZLUVIC,Victoria,SUN,12:45-13:00,12:45,0.09,11:45-13:45,13:45-15:45
940GZZLUVIC,Victoria,SUN,13:00-13:15,13:00,0.09,11:45-13:45,13:45-15:45
940GZZLUVIC,Victoria,SUN,13:15-13:30,13:15,0.09,11:45-13:45,13:45-15:45
940GZZLUVIC,Victoria,SUN,13:30-13:45,13:30,0.09,11:45-13:45,13:45-15:45
940GZZLUVIC,Victoria,SUN,13:45-14:00,13:45,0.09,11:45-13:45,13:45-15:45
940GZZLUVIC,Victoria,SUN,14:00-14:15,14:00,0.09,11:45-13:45,13:45-15:45
940GZZLUVIC,Victoria,SUN,14:15-14:30,14:15,0.09,11:45-13:45,13:45-15:45
940GZZLUVIC,Victoria,SUN,14:30-14:45,14:30,0.09,11:45-13:45,13:45-15:45
940GZZLUVIC,Victoria,SUN,14:45-15:00,14:45,0.09,11:45-13:45,13:45-15:45
940GZZLUVIC,Victoria,SUN,15:00-15:15,15:00,0.09,11:45-13:45,13:45-15:45
940GZZLUVIC,Victoria,SUN,15:15-15:30,15:15,0.08,11:45-13:45,13:45-15:45
940GZZLUVIC,Victoria,SUN,15:30-15:45,15:30,0.08,11:45-13:45,13:45-15:45
940GZZLUVIC,Victoria,SUN,15:45-16:00,15:45,0.08,11:45-13:45,13:45-15:45
940GZZLUVIC,Victoria,SUN,16:00-16:15,16:00,0.08,11:45-13:45,13:45-15:45
940GZZLUVIC,Victoria,SUN,16:15-16:30,16:15,0.08,11:45-13:45,13:45-15:45
940GZZLUVIC,Victoria,SUN,16:30-16:45,16:30,0.08,11:45-13:45,13:45-15:45
940GZZLUVIC,Victoria,SUN,16:45-17:00,16:45,0.08,11:45-13:45,13:45-15:45
940GZZLUVIC,Victoria,SUN,17:00-17:15,17:00,0.08,11:45-13:45,13:45-15:45
940GZZLUVIC,Victoria,SUN,17:15-17:30,17:15,0.08,11:45-13:45,13:45-15:45
940GZZLUVIC,Victoria,SUN,17:30-17:45,17:30,0.08,11:45-13:45,13:45-15:45
940GZZLUVIC,Victoria,SUN,17:45-18:00,17:45,0.08,11:45-13:45,13:45-15:45
940GZZLUVIC,Victoria,SUN,18:00-18:15,18:00,0.08,11:45-13:45,13:45-15:45
940GZZLUVIC,Victoria,SUN,18:15-18:30,18:15,0.08,11:45-13:45,13:45-15:45
940GZZLUVIC,Victoria,SUN,18:30-18:45,18:30,0.08,11:45-13:45,13:45-15:45
940GZZLUVIC,Victoria,SUN,18:45-19:00,18:45,0.08,11:45-13:45,13:45-15:45
940GZZLUVIC,Victoria,SUN,19:00-19:15,19:00,0.08,11:45-13:45,13:45-15:45
940GZZLUVIC,Victoria,SUN,19:15-19:30,19:15,0.08,11:45-13:45,13:45-15:45
940GZZLUVIC,Victoria,SUN,19:30-19:45,19:30,0.08,11:45-13:45,13:45-15:45
940GZZLUVIC,Victoria,SUN,19:45-20:00,19:45,0.08,11:45-13:45,13:45-15:45
940GZZLUVIC,Victoria,SUN,20:00-20:15,20:00,0.08,11:45-13:45,13:45-15:45
940GZZLUVIC,Victoria,SUN,20:15-20:30,20:15,0.08,11:45-13:45,13:45-15:45
940GZZLUVIC,Victoria,SUN,20:30-20:45,20:30,0.08,11:45-13:45,13:45-15:45
940GZZLUVIC,Victoria,SUN,20:45-21:00,20:45,0.08,11:45-13:45,13:45-15:45
940GZZLUVIC,Victoria,SUN,21:00-21:15,21:00,0.08,11:45-13:45,13:45-15:45
940GZZLUVIC,Victoria,SUN,21:15-21:30,21:15,0.08,11:45-13:45,13:45-15:45
940GZZLUVIC,Victoria,SUN,21:30-21:45,21:30,0.08,11:45-13:45,13:45-15:45
940GZZLUVIC,Victoria,SUN,21:45-22:00,21:45,0.08,11:45-13:45,13:45-15:45
940GZZLUVIC,Victoria,SUN,22:00-22:15,22:00,0.08,11:45-13:45,13:45-15:45
940GZZLUVIC,Victoria,SUN,22:15-22:30,22:15,0.08,11:45-13:45,13:45-15:45
940GZZLUVIC,Victoria,SUN,22:30-22:45,22:30,0.07,11:45-13:45,13:45-15:45
940GZZLUVIC,Victoria,SUN,22:45-23:00,22:45,0.07,11:45-13:45,13:45-15:45
940GZZLUVIC,Victoria,SUN,23:00-23:15,23:00,0.07,11:45-13:45,13:45-15:45
940GZZLUVIC,Victoria,SUN,23:15-23:30,23:15,0.06,11:45-13:45,13:45-15:45
940GZZLUVIC,Victoria,SUN,23:30-23:45,23:30,0.06,11:45-13:45,13:45-15:45
940GZZLUVIC,Victoria,SUN,23:45-00:00,23:45,0.05,11:45-13:45,13:45-15:45
940GZZLUVIC,Victoria,TUE,00:00-00:15,00:00,0.05,10:30-12:30,13:45-15:45
940GZZLUVIC,Victoria,TUE,00:15-00:30,00:15,0.04,10:30-12:30,13:45-15:45
940GZZLUVIC,Victoria,TUE,00:30-00:45,00:30,0.03,10:30-12:30,13:45-15:45
940GZZLUVIC,Victoria,TUE,00:45-01:00,00:45,0.02,10:30-12:30,13:45-15:45
940GZZLUVIC,Victoria,TUE,01:00-01:15,01:00,0.01,10:30-12:30,13:45-15:45
940GZZLUVIC,Victoria,TUE,01:15-01:30,01:15,0.01,10:30-12:30,13:45-15:45
940GZZLUVIC,Victoria,TUE,01:30-01:45,01:30,0,10:30-12:30,13:45-15:45
940GZZLUVIC,Victoria,TUE,01:45-02:00,01:45,0.01,10:30-12:30,13:45-15:45
940GZZLUVIC,Victoria,TUE,02:00-02:15,02:00,0.01,10:30-12:30,13:45-15:45
940GZZLUVIC,Victoria,TUE,02:15-02:30,02:15,0,10:30-12:30,13:45-15:45
940GZZLUVIC,Victoria,TUE,02:30-02:45,02:30,0,10:30-12:30,13:45-15:45
940GZZLUVIC,Victoria,TUE,02:45-03:00,02:45,0,10:30-12:30,13:45-15:45
940GZZLUVIC,Victoria,TUE,03:00-03:15,03:00,0,10:30-12:30,13:45-15:45
940GZZLUVIC,Victoria,TUE,03:15-03:30,03:15,0,10:30-12:30,13:45-15:45
940GZZLUVIC,Victoria,TUE,03:30-03:45,03:30,0,10:30-12:30,13:45-15:45
940GZZLUVIC,Victoria,TUE,03:45-04:00,03:45,0,10:30-12:30,13:45-15:45
940GZZLUVIC,Victoria,TUE,04:00-04:15,04:00,0,10:30-12:30,13:45-15:45
940GZZLUVIC,Victoria,TUE,04:15-04:30,04:15,0,10:30-12:30,13:45-15:45
940GZZLUVIC,Victoria,TUE,04:30-04:45,04:30,0,10:30-12:30,13:45-15:45
940GZZLUVIC,Victoria,TUE,04:45-05:00,04:45,0,10:30-12:30,13:45-15:45
940GZZLUVIC,Victoria,TUE,05:00-05:15,05:00,0,10:30-12:30,13:45-15:45
940GZZLUVIC,Victoria,TUE,05:15-05:30,05:15,0.01,10:30-12:30,13:45-15:45
940GZZLUVIC,Victoria,TUE,05:30-05:45,05:30,0.01,10:30-12:30,13:45-15:45
940GZZLUVIC,Victoria,TUE,05:45-06:00,05:45,0.02,10:30-12:30,13:45-15:45
940GZZLUVIC,Victoria,TUE,06:00-06:15,06:00,0.04,10:30-12:30,13:45-15:45
940GZZLUVIC,Victoria,TUE,06:15-06:30,06:15,0.05,10:30-12:30,13:45-15:45
940GZZLUVIC,Victoria,TUE,06:30-06:45,06:30,0.06,10:30-12:30,13:45-15:45
940GZZLUVIC,Victoria,TUE,06:45-07:00,06:45,0.06,10:30-12:30,13:45-15:45
940GZZLUVIC,Victoria,TUE,07:00-07:15,07:00,0.06,10:30-12:30,13:45-15:45
940GZZLUVIC,Victoria,TUE,07:15-07:30,07:15,0.06,10:30-12:30,13:45-15:45
940GZZLUVIC,Victoria,TUE,07:30-07:45,07:30,0.06,10:30-12:30,13:45-15:45
940GZZLUVIC,Victoria,TUE,07:45-08:00,07:45,0.06,10:30-12:30,13:45-15:45
940GZZLUVIC,Victoria,TUE,08:00-08:15,08:00,0.06,10:30-12:30,13:45-15:45
940GZZLUVIC,Victoria,TUE,08:15-08:30,08:15,0.07,10:30-12:30,13:45-15:45
940GZZLUVIC,Victoria,TUE,08:30-08:45,08:30,0.08,10:30-12:30,13:45-15:45
940GZZLUVIC,Victoria,TUE,08:45-09:00,08:45,0.08,10:30-12:30,13:45-15:45
940GZZLUVIC,Victoria,TUE,09:00-09:15,09:00,0.08,10:30-12:30,13:45-15:45
940GZZLUVIC,Victoria,TUE,09:15-09:30,09:15,0.07,10:30-12:30,13:45-15:45
940GZZLUVIC,Victoria,TUE,09:30-09:45,09:30,0.06,10:30-12:30,13:45-15:45
940GZZLUVIC,Victoria,TUE,09:45-10:00,09:45,0.05,10:30-12:30,13:45-15:45
940GZZLUVIC,Victoria,TUE,10:00-10:15,10:00,0.06,10:30-12:30,13:45-15:45
940GZZLUVIC,Victoria,TUE,10:15-10:30,10:15,0.07,10:30-12:30,13:45-15:45
940GZZLUVIC,Victoria,TUE,10:30-10:45,10:30,0.07,10:30-12:30,13:45-15:45
940GZZLUVIC,Victoria,TUE,10:45-11:00,10:45,0.07,10:30-12:30,13:45-15:45
940GZZLUVIC,Victoria,TUE,11:00-11:15,11:00,0.07,10:30-12:30,13:45-15:45
940GZZLUVIC,Victoria,TUE,11:15-11:30,11:15,0.07,10:30-12:30,13:45-15:45
940GZZLUVIC,Victoria,TUE,11:30-11:45,11:30,0.07,10:30-12:30,13:45-15:45
940GZZLUVIC,Victoria,TUE,11:45-12:00,11:45,0.07,10:30-12:30,13:45-15:45
940GZZLUVIC,Victoria,TUE,12:00-12:15,12:00,0.07,10:30-12:30,13:45-15:45
940GZZLUVIC,Victoria,TUE,12:15-12:30,12:15,0.07,10:30-12:30,13:45-15:45
940GZZLUVIC,Victoria,TUE,12:30-12:45,12:30,0.07,10:30-12:30,13:45-15:45
940GZZLUVIC,Victoria,TUE,12:45-13:00,12:45,0.07,10:30-12:30,13:45-15:45
940GZZLUVIC,Victoria,TUE,13:00-13:15,13:00,0.07,10:30-12:30,13:45-15:45
940GZZLUVIC,Victoria,TUE,13:15-13:30,13:15,0.07,10:30-12:30,13:45-15:45
940GZZLUVIC,Victoria,TUE,13:30-13:45,13:30,0.07,10:30-12:30,13:45-15:45
940GZZLUVIC,Victoria,TUE,13:45-14:00,13:45,0.07,10:30-12:30,13:45-15:45
940GZZLUVIC,Victoria,TUE,14:00-14:15,14:00,0.07,10:30-12:30,13:45-15:45
940GZZLUVIC,Victoria,TUE,14:15-14:30,14:15,0.07,10:30-12:30,13:45-15:45
940GZZLUVIC,Victoria,TUE,14:30-14:45,14:30,0.07,10:30-12:30,13:45-15:45
940GZZLUVIC,Victoria,TUE,14:45-15:00,14:45,0.07,10:30-12:30,13:45-15:45
940GZZLUVIC,Victoria,TUE,15:00-15:15,15:00,0.07,10:30-12:30,13:45-15:45
940GZZLUVIC,Victoria,TUE,15:15-15:30,15:15,0.07,10:30-12:30,13:45-15:45
940GZZLUVIC,Victoria,TUE,15:30-15:45,15:30,0.07,10:30-12:30,13:45-15:45
940GZZLUVIC,Victoria,TUE,15:45-16:00,15:45,0.07,10:30-12:30,13:45-15:45
940GZZLUVIC,Victoria,TUE,16:00-16:15,16:00,0.07,10:30-12:30,13:45-15:45
940GZZLUVIC,Victoria,TUE,16:15-16:30,16:15,0.06,10:30-12:30,13:45-15:45
940GZZLUVIC,Victoria,TUE,16:30-16:45,16:30,0.06,10:30-12:30,13:45-15:45
940GZZLUVIC,Victoria,TUE,16:45-17:00,16:45,0.05,10:30-12:30,13:45-15:45
940GZZLUVIC,Victoria,TUE,17:00-17:15,17:00,0.05,10:30-12:30,13:45-15:45
940GZZLUVIC,Victoria,TUE,17:15-17:30,17:15,0.04,10:30-12:30,13:45-15:45
940GZZLUVIC,Victoria,TUE,17:30-17:45,17:30,0.05,10:30-12:30,13:45-15:45
940GZZLUVIC,Victoria,TUE,17:45-18:00,17:45,0.06,10:30-12:30,13:45-15:45
940GZZLUVIC,Victoria,TUE,18:00-18:15,18:00,0.06,10:30-12:30,13:45-15:45
940GZZLUVIC,Victoria,TUE,18:15-18:30,18:15,0.07,10:30-12:30,13:45-15:45
940GZZLUVIC,Victoria,TUE,18:30-18:45,18:30,0.07,10:30-12:30,13:45-15:45
940GZZLUVIC,Victoria,TUE,18:45-19:00,18:45,0.06,10:30-12:30,13:45-15:45
940GZZLUVIC,Victoria,TUE,19:00-19:15,19:00,0.06,10:30-12:30,13:45-15:45
940GZZLUVIC,Victoria,TUE,19:15-19:30,19:15,0.05,10:30-12:30,13:45-15:45
940GZZLUVIC,Victoria,TUE,19:30-19:45,19:30,0.05,10:30-12:30,13:45-15:45
940GZZLUVIC,Victoria,TUE,19:45-20:00,19:45,0.06,10:30-12:30,13:45-15:45
940GZZLUVIC,Victoria,TUE,20:00-20:15,20:00,0.06,10:30-12:30,13:45-15:45
940GZZLUVIC,Victoria,TUE,20:15-20:30,20:15,0.06,10:30-12:30,13:45-15:45
940GZZLUVIC,Victoria,TUE,20:30-20:45,20:30,0.06,10:30-12:30,13:45-15:45
940GZZLUVIC,Victoria,TUE,20:45-21:00,20:45,0.06,10:30-12:30,13:45-15:45
940GZZLUVIC,Victoria,TUE,21:00-21:15,21:00,0.06,10:30-12:30,13:45-15:45
940GZZLUVIC,Victoria,TUE,21:15-21:30,21:15,0.06,10:30-12:30,13:45-15:45
940GZZLUVIC,Victoria,TUE,21:30-21:45,21:30,0.06,10:30-12:30,13:45-15:45
940GZZLUVIC,Victoria,TUE,21:45-22:00,21:45,0.06,10:30-12:30,13:45-15:45
940GZZLUVIC,Victoria,TUE,22:00-22:15,22:00,0.06,10:30-12:30,13:45-15:45
940GZZLUVIC,Victoria,TUE,22:15-22:30,22:15,0.06,10:30-12:30,13:45-15:45
940GZZLUVIC,Victoria,TUE,22:30-22:45,22:30,0.06,10:30-12:30,13:45-15:45
940GZZLUVIC,Victoria,TUE,22:45-23:00,22:45,0.06,10:30-12:30,13:45-15:45
940GZZLUVIC,Victoria,TUE,23:00-23:15,23:00,0.06,10:30-12:30,13:45-15:45
940GZZLUVIC,Victoria,TUE,23:15-23:30,23:15,0.06,10:30-12:30,13:45-15:45
940GZZLUVIC,Victoria,TUE,23:30-23:45,23:30,0.05,10:30-12:30,13:45-15:45
940GZZLUVIC,Victoria,TUE,23:45-00:00,23:45,0.05,10:30-12:30,13:45-15:45
940GZZLUOXC,Oxford Circus,FRI,00:00-00:15,00:00,0.11,08:00-10:00,16:45-18:45
940GZZLUOXC,Oxford Circus,FRI,00:15-00:30,00:15,0.09,08:00-10:00,16:45-18:45
940GZZLUOXC,Oxford Circus,FRI,00:30-00:45,00:30,0.06,08:00-10:00,16:45-18:45
940GZZLUOXC,Oxford Circus,FRI,00:45-01:00,00:45,0.04,08:00-10:00,16:45-18:45
940GZZLUOXC,Oxford Circus,FRI,01:00-01:15,01:00,0.03,08:00-10:00,16:45-18:45
940GZZLUOXC,Oxford Circus,FRI,01:15-01:30,01:15,0.01,08:00-10:00,16:45-18:45
940GZZLUOXC,Oxford Circus,FRI,01:30-01:45,01:30,0,08:00-10:00,16:45-18:45
940GZZLUOXC,Oxford Circus,FRI,01:45-02:00,01:45,0,08:00-10:00,16:45-18:45
940GZZLUOXC,Oxford Circus,FRI,02:00-02:15,02:00,0,08:00-10:00,16:45-18:45
940GZZLUOXC,Oxford Circus,FRI,02:15-02:30,02:15,0,08:00-10:00,16:45-18:45
940GZZLUOXC,Oxford Circus,FRI,02:30-02:45,02:30,0,08:00-10:00,16:45-18:45
940GZZLUOXC,Oxford Circus,FRI,02:45-03:00,02:45,0,08:00-10:00,16:45-18:45
940GZZLUOXC,Oxford Circus,FRI,03:00-03:15,03:00,0,08:00-10:00,16:45-18:45
940GZZLUOXC,Oxford Circus,FRI,03:15-03:30,03:15,0,08:00-10:00,16:45-18:45
940GZZLUOXC,Oxford Circus,FRI,03:30-03:45,03:30,0,08:00-10:00,16:45-18:45
940GZZLUOXC,Oxford Circus,FRI,03:45-04:00,03:45,0,08:00-10:00,16:45-18:45
940GZZLUOXC,Oxford Circus,FRI,04:00-04:15,04:00,0,08:00-10:00,16:45-18:45
940GZZLUOXC,Oxford Circus,FRI,04:15-04:30,04:15,0,08:00-10:00,16:45-18:45
940GZZLUOXC,Oxford Circus,FRI,04:30-04:45,04:30,0,08:00-10:00,16:45-18:45
940GZZLUOXC,Oxford Circus,FRI,04:45-05:00,04:45,0,08:00-10:00,16:45-18:45
940GZZLUOXC,Oxford Circus,FRI,05:00-05:15,05:00,0,08:00-10:00,16:45-18:45
940GZZLUOXC,Oxford Circus,FRI,05:15-05:30,05:15,0,08:00-10:00,16:45-18:45
940GZZLUOXC,Oxford Circus,FRI,05:30-05:45,05:30,0.01,08:00-10:00,16:45-18:45
940GZZLUOXC,Oxford Circus,FRI,05:45-06:00,05:45,0.01,08:00-10:00,16:45-18:45
940GZZLUOXC,Oxford Circus,FRI,06:00-06:15,06:00,0.03,08:00-10:00,16:45-18:45
940GZZLUOXC,Oxford Circus,FRI,06:15-06:30,06:15,0.05,08:00-10:00,16:45-18:45
940GZZLUOXC,Oxford Circus,FRI,06:30-06:45,06:30,0.07,08:00-10:00,16:45-18:45
940GZZLUOXC,Oxford Circus,FRI,06:45-07:00,06:45,0.09,08:00-10:00,16:45-18:45
940GZZLUOXC,Oxford Circus,FRI,07:00-07:15,07:00,0.12,08:00-10:00,16:45-18:45
940GZZLUOXC,Oxford Circus,FRI,07:15-07:30,07:15,0.14,08:00-10:00,16:45-18:45
940GZZLUOXC,Oxford Circus,FRI,07:30-07:45,07:30,0.16,08:00-10:00,16:45-18:45
940GZZLUOXC,Oxford Circus,FRI,07:45-08:00,07:45,0.19,08:00-10:00,16:45-18:45
940GZZLUOXC,Oxford Circus,FRI,08:00-08:15,08:00,0.22,08:00-10:00,16:45-18:45
940GZZLUOXC,Oxford Circus,FRI,08:15-08:30,08:15,0.25,08:00-10:00,16:45-18:45
940GZZLUOXC,Oxford Circus,FRI,08:30-08:45,08:30,0.28,08:00-10:00,16:45-18:45
940GZZLUOXC,Oxford Circus,FRI,08:45-09:00,08:45,0.3,08:00-10:00,16:45-18:45
940GZZLUOXC,Oxford Circus,FRI,09:00-09:15,09:00,0.3,08:00-10:00,16:45-18:45
940GZZLUOXC,Oxford Circus,FRI,09:15-09:30,09:15,0.29,08:00-10:00,16:45-18:45
940GZZLUOXC,Oxford Circus,FRI,09:30-09:45,09:30,0.27,08:00-10:00,16:45-18:45
940GZZLUOXC,Oxford Circus,FRI,09:45-10:00,09:45,0.24,08:00-10:00,16:45-18:45
940GZZLUOXC,Oxford Circus,FRI,10:00-10:15,10:00,0.22,08:00-10:00,16:45-18:45
940GZZLUOXC,Oxford Circus,FRI,10:15-10:30,10:15,0.2,08:00-10:00,16:45-18:45
940GZZLUOXC,Oxford Circus,FRI,10:30-10:45,10:30,0.19,08:00-10:00,16:45-18:45
940GZZLUOXC,Oxford Circus,FRI,10:45-11:00,10:45,0.18,08:00-10:00,16:45-18:45
940GZZLUOXC,Oxford Circus,FRI,11:00-11:15,11:00,0.18,08:00-10:00,16:45-18:45
940GZZLUOXC,Oxford Circus,FRI,11:15-11:30,11:15,0.18,08:00-10:00,16:45-18:45
940GZZLUOXC,Oxford Circus,FRI,11:30-11:45,11:30,0.19,08:00-10:00,16:45-18:45
940GZZLUOXC,Oxford Circus,FRI,11:45-12:00,11:45,0.19,08:00-10:00,16:45-18:45
940GZZLUOXC,Oxford Circus,FRI,12:00-12:15,12:00,0.19,08:00-10:00,16:45-18:45
940GZZLUOXC,Oxford Circus,FRI,12:15-12:30,12:15,0.2,08:00-10:00,16:45-18:45
940GZZLUOXC,Oxford Circus,FRI,12:30-12:45,12:30,0.2,08:00-10:00,16:45-18:45
940GZZLUOXC,Oxford Circus,FRI,12:45-13:00,12:45,0.2,08:00-10:00,16:45-18:45
940GZZLUOXC,Oxford Circus,FRI,13:00-13:15,13:00,0.21,08:00-10:00,16:45-18:45
940GZZLUOXC,Oxford Circus,FRI,13:15-13:30,13:15,0.21,08:00-10:00,16:45-18:45
940GZZLUOXC,Oxford Circus,FRI,13:30-13:45,13:30,0.21,08:00-10:00,16:45-18:45
940GZZLUOXC,Oxford Circus,FRI,13:45-14:00,13:45,0.21,08:00-10:00,16:45-18:45
940GZZLUOXC,Oxford Circus,FRI,14:00-14:15,14:00,0.22,08:00-10:00,16:45-18:45
940GZZLUOXC,Oxford Circus,FRI,14:15-14:30,14:15,0.22,08:00-10:00,16:45-18:45
940GZZLUOXC,Oxford Circus,FRI,14:30-14:45,14:30,0.23,08:00-10:00,16:45-18:45
940GZZLUOXC,Oxford Circus,FRI,14:45-15:00,14:45,0.24,08:00-10:00,16:45-18:45
940GZZLUOXC,Oxford Circus,FRI,15:00-15:15,15:00,0.25,08:00-10:00,16:45-18:45
940GZZLUOXC,Oxford Circus,FRI,15:15-15:30,15:15,0.25,08:00-10:00,16:45-18:45
940GZZLUOXC,Oxford Circus,FRI,15:30-15:45,15:30,0.26,08:00-10:00,16:45-18:45
940GZZLUOXC,Oxford Circus,FRI,15:45-16:00,15:45,0.27,08:00-10:00,16:45-18:45
940GZZLUOXC,Oxford Circus,FRI,16:00-16:15,16:00,0.29,08:00-10:00,16:45-18:45
940GZZLUOXC,Oxford Circus,FRI,16:15-16:30,16:15,0.3,08:00-10:00,16:45-18:45
940GZZLUOXC,Oxford Circus,FRI,16:30-16:45,16:30,0.32,08:00-10:00,16:45-18:45
940GZZLUOXC,Oxford Circus,FRI,16:45-17:00,16:45,0.34,08:00-10:00,16:45-18:45
940GZZLUOXC,Oxford Circus,FRI,17:00-17:15,17:00,0.36,08:00-10:00,16:45-18:45
940GZZLUOXC,Oxford Circus,FRI,17:15-17:30,17:15,0.39,08:00-10:00,16:45-18:45
940GZZLUOXC,Oxford Circus,FRI,17:30-17:45,17:30,0.41,08:00-10:00,16:45-18:45
940GZZLUOXC,Oxford Circus,FRI,17:45-18:00,17:45,0.42,08:00-10:00,16:45-18:45
940GZZLUOXC,Oxford Circus,FRI,18:00-18:15,18:00,0.42,08:00-10:00,16:45-18:45
940GZZLUOXC,Oxford Circus,FRI,18:15-18:30,18:15,0.4,08:00-10:00,16:45-18:45
940GZZLUOXC,Oxford Circus,FRI,18:30-18:45,18:30,0.37,08:00-10:00,16:45-18:45
940GZZLUOXC,Oxford Circus,FRI,18:45-19:00,18:45,0.33,08:00-10:00,16:45-18:45
940GZZLUOXC,Oxford Circus,FRI,19:00-19:15,19:00,0.3,08:00-10:00,16:45-18:45
940GZZLUOXC,Oxford Circus,FRI,19:15-19:30,19:15,0.28,08:00-10:00,16:45-18:45
940GZZLUOXC,Oxford Circus,FRI,19:30-19:45,19:30,0.26,08:00-10:00,16:45-18:45
940GZZLUOXC,Oxford Circus,FRI,19:45-20:00,19:45,0.24,08:00-10:00,16:45-18:45
940GZZLUOXC,Oxford Circus,FRI,20:00-20:15,20:00,0.21,08:00-10:00,16:45-18:45
940GZZLUOXC,Oxford Circus,FRI,20:15-20:30,20:15,0.19,08:00-10:00,16:45-18:45
940GZZLUOXC,Oxford Circus,FRI,20:30-20:45,20:30,0.18,08:00-10:00,16:45-18:45
940GZZLUOXC,Oxford Circus,FRI,20:45-21:00,20:45,0.16,08:00-10:00,16:45-18:45
940GZZLUOXC,Oxford Circus,FRI,21:00-21:15,21:00,0.15,08:00-10:00,16:45-18:45
940GZZLUOXC,Oxford Circus,FRI,21:15-21:30,21:15,0.15,08:00-10:00,16:45-18:45
940GZZLUOXC,Oxford Circus,FRI,21:30-21:45,21:30,0.15,08:00-10:00,16:45-18:45
940GZZLUOXC,Oxford Circus,FRI,21:45-22:00,21:45,0.15,08:00-10:00,16:45-18:45
940GZZLUOXC,Oxford Circus,FRI,22:00-22:15,22:00,0.16,08:00-10:00,16:45-18:45
940GZZLUOXC,Oxford Circus,FRI,22:15-22:30,22:15,0.16,08:00-10:00,16:45-18:45
940GZZLUOXC,Oxford Circus,FRI,22:30-22:45,22:30,0.17,08:00-10:00,16:45-18:45
940GZZLUOXC,Oxford Circus,FRI,22:45-23:00,22:45,0.17,08:00-10:00,16:45-18:45
940GZZLUOXC,Oxford Circus,FRI,23:00-23:15,23:00,0.16,08:00-10:00,16:45-18:45
940GZZLUOXC,Oxford Circus,FRI,23:15-23:30,23:15,0.16,08:00-10:00,16:45-18:45
940GZZLUOXC,Oxford Circus,FRI,23:30-23:45,23:30,0.14,08:00-10:00,16:45-18:45
940GZZLUOXC,Oxford Circus,FRI,23:45-00:00,23:45,0.12,08:00-10:00,16:45-18:45
940GZZLUOXC,Oxford Circus,WED,00:00-00:15,00:00,0.04,11:45-13:45,15:45-17:45
940GZZLUOXC,Oxford Circus,WED,00:15-00:30,00:15,0.03,11:45-13:45,15:45-17:45
940GZZLUOXC,Oxford Circus,WED,00:30-00:45,00:30,0.02,11:45-13:45,15:45-17:45
940GZZLUOXC,Oxford Circus,WED,00:45-01:00,00:45,0.01,11:45-13:45,15:45-17:45
940GZZLUOXC,Oxford Circus,WED,01:00-01:15,01:00,0.01,11:45-13:45,15:45-17:45
940GZZLUOXC,Oxford Circus,WED,01:15-01:30,01:15,0,11:45-13:45,15:45-17:45
940GZZLUOXC,Oxford Circus,WED,01:30-01:45,01:30,0,11:45-13:45,15:45-17:45
940GZZLUOXC,Oxford Circus,WED,01:45-02:00,01:45,0,11:45-13:45,15:45-17:45
940GZZLUOXC,Oxford Circus,WED,02:00-02:15,02:00,0,11:45-13:45,15:45-17:45
940GZZLUOXC,Oxford Circus,WED,02:15-02:30,02:15,0,11:45-13:45,15:45-17:45
940GZZLUOXC,Oxford Circus,WED,02:30-02:45,02:30,0,11:45-13:45,15:45-17:45
940GZZLUOXC,Oxford Circus,WED,02:45-03:00,02:45,0,11:45-13:45,15:45-17:45
940GZZLUOXC,Oxford Circus,WED,03:00-03:15,03:00,0,11:45-13:45,15:45-17:45
940GZZLUOXC,Oxford Circus,WED,03:15-03:30,03:15,0,11:45-13:45,15:45-17:45
940GZZLUOXC,Oxford Circus,WED,03:30-03:45,03:30,0,11:45-13:45,15:45-17:45
940GZZLUOXC,Oxford Circus,WED,03:45-04:00,03:45,0,11:45-13:45,15:45-17:45
940GZZLUOXC,Oxford Circus,WED,04:00-04:15,04:00,0,11:45-13:45,15:45-17:45
940GZZLUOXC,Oxford Circus,WED,04:15-04:30,04:15,0,11:45-13:45,15:45-17:45
940GZZLUOXC,Oxford Circus,WED,04:30-04:45,04:30,0,11:45-13:45,15:45-17:45
940GZZLUOXC,Oxford Circus,WED,04:45-05:00,04:45,0,11:45-13:45,15:45-17:45
940GZZLUOXC,Oxford Circus,WED,05:00-05:15,05:00,0,11:45-13:45,15:45-17:45
940GZZLUOXC,Oxford Circus,WED,05:15-05:30,05:15,0,11:45-13:45,15:45-17:45
940GZZLUOXC,Oxford Circus,WED,05:30-05:45,05:30,0.01,11:45-13:45,15:45-17:45
940GZZLUOXC,Oxford Circus,WED,05:45-06:00,05:45,0.01,11:45-13:45,15:45-17:45
940GZZLUOXC,Oxford Circus,WED,06:00-06:15,06:00,0.03,11:45-13:45,15:45-17:45
940GZZLUOXC,Oxford Circus,WED,06:15-06:30,06:15,0.05,11:45-13:45,15:45-17:45
940GZZLUOXC,Oxford Circus,WED,06:30-06:45,06:30,0.08,11:45-13:45,15:45-17:45
940GZZLUOXC,Oxford Circus,WED,06:45-07:00,06:45,0.1,11:45-13:45,15:45-17:45
940GZZLUOXC,Oxford Circus,WED,07:00-07:15,07:00,0.14,11:45-13:45,15:45-17:45
940GZZLUOXC,Oxford Circus,WED,07:15-07:30,07:15,0.18,11:45-13:45,15:45-17:45
940GZZLUOXC,Oxford Circus,WED,07:30-07:45,07:30,0.23,11:45-13:45,15:45-17:45
940GZZLUOXC,Oxford Circus,WED,07:45-08:00,07:45,0.27,11:45-13:45,15:45-17:45
940GZZLUOXC,Oxford Circus,WED,08:00-08:15,08:00,0.28,11:45-13:45,15:45-17:45
940GZZLUOXC,Oxford Circus,WED,08:15-08:30,08:15,0.25,11:45-13:45,15:45-17:45
940GZZLUOXC,Oxford Circus,WED,08:30-08:45,08:30,0.19,11:45-13:45,15:45-17:45
940GZZLUOXC,Oxford Circus,WED,08:45-09:00,08:45,0.12,11:45-13:45,15:45-17:45
940GZZLUOXC,Oxford Circus,WED,09:00-09:15,09:00,0.07,11:45-13:45,15:45-17:45
940GZZLUOXC,Oxford Circus,WED,09:15-09:30,09:15,0.05,11:45-13:45,15:45-17:45
940GZZLUOXC,Oxford Circus,WED,09:30-09:45,09:30,0.08,11:45-13:45,15:45-17:45
940GZZLUOXC,Oxford Circus,WED,09:45-10:00,09:45,0.12,11:45-13:45,15:45-17:45
940GZZLUOXC,Oxford Circus,WED,10:00-10:15,10:00,0.17,11:45-13:45,15:45-17:45
940GZZLUOXC,Oxford Circus,WED,10:15-10:30,10:15,0.19,11:45-13:45,15:45-17:45
940GZZLUOXC,Oxford Circus,WED,10:30-10:45,10:30,0.2,11:45-13:45,15:45-17:45
940GZZLUOXC,Oxford Circus,WED,10:45-11:00,10:45,0.2,11:45-13:45,15:45-17:45
940GZZLUOXC,Oxford Circus,WED,11:00-11:15,11:00,0.19,11:45-13:45,15:45-17:45
940GZZLUOXC,Oxford Circus,WED,11:15-11:30,11:15,0.19,11:45-13:45,15:45-17:45
940GZZLUOXC,Oxford Circus,WED,11:30-11:45,11:30,0.19,11:45-13:45,15:45-17:45
940GZZLUOXC,Oxford Circus,WED,11:45-12:00,11:45,0.2,11:45-13:45,15:45-17:45
940GZZLUOXC,Oxford Circus,WED,12:00-12:15,12:00,0.21,11:45-13:45,15:45-17:45
940GZZLUOXC,Oxford Circus,WED,12:15-12:30,12:15,0.22,11:45-13:45,15:45-17:45
940GZZLUOXC,Oxford Circus,WED,12:30-12:45,12:30,0.22,11:45-13:45,15:45-17:45
940GZZLUOXC,Oxford Circus,WED,12:45-13:00,12:45,0.22,11:45-13:45,15:45-17:45
940GZZLUOXC,Oxford Circus,WED,13:00-13:15,13:00,0.22,11:45-13:45,15:45-17:45
940GZZLUOXC,Oxford Circus,WED,13:15-13:30,13:15,0.23,11:45-13:45,15:45-17:45
940GZZLUOXC,Oxford Circus,WED,13:30-13:45,13:30,0.23,11:45-13:45,15:45-17:45
940GZZLUOXC,Oxford Circus,WED,13:45-14:00,13:45,0.23,11:45-13:45,15:45-17:45
940GZZLUOXC,Oxford Circus,WED,14:00-14:15,14:00,0.23,11:45-13:45,15:45-17:45
940GZZLUOXC,Oxford Circus,WED,14:15-14:30,14:15,0.23,11:45-13:45,15:45-17:45
940GZZLUOXC,Oxford Circus,WED,14:30-14:45,14:30,0.23,11:45-13:45,15:45-17:45
940GZZLUOXC,Oxford Circus,WED,14:45-15:00,14:45,0.24,11:45-13:45,15:45-17:45
940GZZLUOXC,Oxford Circus,WED,15:00-15:15,15:00,0.24,11:45-13:45,15:45-17:45
940GZZLUOXC,Oxford Circus,WED,15:15-15:30,15:15,0.25,11:45-13:45,15:45-17:45
940GZZLUOXC,Oxford Circus,WED,15:30-15:45,15:30,0.26,11:45-13:45,15:45-17:45
940GZZLUOXC,Oxford Circus,WED,15:45-16:00,15:45,0.27,11:45-13:45,15:45-17:45
940GZZLUOXC,Oxford Circus,WED,16:00-16:15,16:00,0.29,11:45-13:45,15:45-17:45
940GZZLUOXC,Oxford Circus,WED,16:15-16:30,16:15,0.32,11:45-13:45,15:45-17:45
940GZZLUOXC,Oxford Circus,WED,16:30-16:45,16:30,0.35,11:45-13:45,15:45-17:45
940GZZLUOXC,Oxford Circus,WED,16:45-17:00,16:45,0.38,11:45-13:45,15:45-17:45
940GZZLUOXC,Oxford Circus,WED,17:00-17:15,17:00,0.38,11:45-13:45,15:45-17:45
940GZZLUOXC,Oxford Circus,WED,17:15-17:30,17:15,0.35,11:45-13:45,15:45-17:45
940GZZLUOXC,Oxford Circus,WED,17:30-17:45,17:30,0.28,11:45-13:45,15:45-17:45
940GZZLUOXC,Oxford Circus,WED,17:45-18:00,17:45,0.19,11:45-13:45,15:45-17:45
940GZZLUOXC,Oxford Circus,WED,18:00-18:15,18:00,0.11,11:45-13:45,15:45-17:45
940GZZLUOXC,Oxford Circus,WED,18:15-18:30,18:15,0.05,11:45-13:45,15:45-17:45
940GZZLUOXC,Oxford Circus,WED,18:30-18:45,18:30,0.03,11:45-13:45,15:45-17:45
940GZZLUOXC,Oxford Circus,WED,18:45-19:00,18:45,0.03,11:45-13:45,15:45-17:45
940GZZLUOXC,Oxford Circus,WED,19:00-19:15,19:00,0.04,11:45-13:45,15:45-17:45
940GZZLUOXC,Oxford Circus,WED,19:15-19:30,19:15,0.07,11:45-13:45,15:45-17:45
940GZZLUOXC,Oxford Circus,WED,19:30-19:45,19:30,0.1,11:45-13:45,15:45-17:45
940GZZLUOXC,Oxford Circus,WED,19:45-20:00,19:45,0.14,11:45-13:45,15:45-17:45
940GZZLUOXC,Oxford Circus,WED,20:00-20:15,20:00,0.17,11:45-13:45,15:45-17:45
940GZZLUOXC,Oxford Circus,WED,20:15-20:30,20:15,0.19,11:45-13:45,15:45-17:45
940GZZLUOXC,Oxford Circus,WED,20:30-20:45,20:30,0.2,11:45-13:45,15:45-17:45
940GZZLUOXC,Oxford Circus,WED,20:45-21:00,20:45,0.2,11:45-13:45,15:45-17:45
940GZZLUOXC,Oxford Circus,WED,21:00-21:15,21:00,0.19,11:45-13:45,15:45-17:45
940GZZLUOXC,Oxford Circus,WED,21:15-21:30,21:15,0.18,11:45-13:45,15:45-17:45
940GZZLUOXC,Oxford Circus,WED,21:30-21:45,21:30,0.17,11:45-13:45,15:45-17:45
940GZZLUOXC,Oxford Circus,WED,21:45-22:00,21:45,0.17,11:45-13:45,15:45-17:45
940GZZLUOXC,Oxford Circus,WED,22:00-22:15,22:00,0.17,11:45-13:45,15:45-17:45
940GZZLUOXC,Oxford Circus,WED,22:15-22:30,22:15,0.16,11:45-13:45,15:45-17:45
940GZZLUOXC,Oxford Circus,WED,22:30-22:45,22:30,0.15,11:45-13:45,15:45-17:45
940GZZLUOXC,Oxford Circus,WED,22:45-23:00,22:45,0.14,11:45-13:45,15:45-17:45
940GZZLUOXC,Oxford Circus,WED,23:00-23:15,23:00,0.12,11:45-13:45,15:45-17:45
940GZZLUOXC,Oxford Circus,WED,23:15-23:30,23:15,0.11,11:45-13:45,15:45-17:45
940GZZLUOXC,Oxford Circus,WED,23:30-23:45,23:30,0.09,11:45-13:45,15:45-17:45
940GZZLUOXC,Oxford Circus,WED,23:45-00:00,23:45,0.06,11:45-13:45,15:45-17:45
940GZZLUOXC,Oxford Circus,MON,00:00-00:15,00:00,0.03,07:45-09:45,16:30-18:30
940GZZLUOXC,Oxford Circus,MON,00:15-00:30,00:15,0.02,07:45-09:45,16:30-18:30
940GZZLUOXC,Oxford Circus,MON,00:30-00:45,00:30,0.01,07:45-09:45,16:30-18:30
940GZZLUOXC,Oxford Circus,MON,00:45-01:00,00:45,0.01,07:45-09:45,16:30-18:30
940GZZLUOXC,Oxford Circus,MON,01:00-01:15,01:00,0.01,07:45-09:45,16:30-18:30
940GZZLUOXC,Oxford Circus,MON,01:15-01:30,01:15,0,07:45-09:45,16:30-18:30
940GZZLUOXC,Oxford Circus,MON,01:30-01:45,01:30,0,07:45-09:45,16:30-18:30
940GZZLUOXC,Oxford Circus,MON,01:45-02:00,01:45,0,07:45-09:45,16:30-18:30
940GZZLUOXC,Oxford Circus,MON,02:00-02:15,02:00,0,07:45-09:45,16:30-18:30
940GZZLUOXC,Oxford Circus,MON,02:15-02:30,02:15,0,07:45-09:45,16:30-18:30
940GZZLUOXC,Oxford Circus,MON,02:30-02:45,02:30,0,07:45-09:45,16:30-18:30
940GZZLUOXC,Oxford Circus,MON,02:45-03:00,02:45,0,07:45-09:45,16:30-18:30
940GZZLUOXC,Oxford Circus,MON,03:00-03:15,03:00,0,07:45-09:45,16:30-18:30
940GZZLUOXC,Oxford Circus,MON,03:15-03:30,03:15,0,07:45-09:45,16:30-18:30
940GZZLUOXC,Oxford Circus,MON,03:30-03:45,03:30,0,07:45-09:45,16:30-18:30
940GZZLUOXC,Oxford Circus,MON,03:45-04:00,03:45,0,07:45-09:45,16:30-18:30
940GZZLUOXC,Oxford Circus,MON,04:00-04:15,04:00,0,07:45-09:45,16:30-18:30
940GZZLUOXC,Oxford Circus,MON,04:15-04:30,04:15,0,07:45-09:45,16:30-18:30
940GZZLUOXC,Oxford Circus,MON,04:30-04:45,04:30,0,07:45-09:45,16:30-18:30
940GZZLUOXC,Oxford Circus,MON,04:45-05:00,04:45,0,07:45-09:45,16:30-18:30
940GZZLUOXC,Oxford Circus,MON,05:00-05:15,05:00,0,07:45-09:45,16:30-18:30
940GZZLUOXC,Oxford Circus,MON,05:15-05:30,05:15,0,07:45-09:45,16:30-18:30
940GZZLUOXC,Oxford Circus,MON,05:30-05:45,05:30,0.01,07:45-09:45,16:30-18:30
940GZZLUOXC,Oxford Circus,MON,05:45-06:00,05:45,0.01,07:45-09:45,16:30-18:30
940GZZLUOXC,Oxford Circus,MON,06:00-06:15,06:00,0.03,07:45-09:45,16:30-18:30
940GZZLUOXC,Oxford Circus,MON,06:15-06:30,06:15,0.04,07:45-09:45,16:30-18:30
940GZZLUOXC,Oxford Circus,MON,06:30-06:45,06:30,0.06,07:45-09:45,16:30-18:30
940GZZLUOXC,Oxford Circus,MON,06:45-07:00,06:45,0.08,07:45-09:45,16:30-18:30
940GZZLUOXC,Oxford Circus,MON,07:00-07:15,07:00,0.11,07:45-09:45,16:30-18:30
940GZZLUOXC,Oxford Circus,MON,07:15-07:30,07:15,0.13,07:45-09:45,16:30-18:30
940GZZLUOXC,Oxford Circus,MON,07:30-07:45,07:30,0.17,07:45-09:45,16:30-18:30
940GZZLUOXC,Oxford Circus,MON,07:45-08:00,07:45,0.2,07:45-09:45,16:30-18:30
940GZZLUOXC,Oxford Circus,MON,08:00-08:15,08:00,0.23,07:45-09:45,16:30-18:30
940GZZLUOXC,Oxford Circus,MON,08:15-08:30,08:15,0.24,07:45-09:45,16:30-18:30
940GZZLUOXC,Oxford Circus,MON,08:30-08:45,08:30,0.24,07:45-09:45,16:30-18:30
940GZZLUOXC,Oxford Circus,MON,08:45-09:00,08:45,0.23,07:45-09:45,16:30-18:30
940GZZLUOXC,Oxford Circus,MON,09:00-09:15,09:00,0.21,07:45-09:45,16:30-18:30
940GZZLUOXC,Oxford Circus,MON,09:15-09:30,09:15,0.2,07:45-09:45,16:30-18:30
940GZZLUOXC,Oxford Circus,MON,09:30-09:45,09:30,0.19,07:45-09:45,16:30-18:30
940GZZLUOXC,Oxford Circus,MON,09:45-10:00,09:45,0.19,07:45-09:45,16:30-18:30
940GZZLUOXC,Oxford Circus,MON,10:00-10:15,10:00,0.18,07:45-09:45,16:30-18:30
940GZZLUOXC,Oxford Circus,MON,10:15-10:30,10:15,0.18,07:45-09:45,16:30-18:30
940GZZLUOXC,Oxford Circus,MON,10:30-10:45,10:30,0.17,07:45-09:45,16:30-18:30
940GZZLUOXC,Oxford Circus,MON,10:45-11:00,10:45,0.16,07:45-09:45,16:30-18:30
940GZZLUOXC,Oxford Circus,MON,11:00-11:15,11:00,0.16,07:45-09:45,16:30-18:30
940GZZLUOXC,Oxford Circus,MON,11:15-11:30,11:15,0.16,07:45-09:45,16:30-18:30
940GZZLUOXC,Oxford Circus,MON,11:30-11:45,11:30,0.16,07:45-09:45,16:30-18:30
940GZZLUOXC,Oxford Circus,MON,11:45-12:00,11:45,0.17,07:45-09:45,16:30-18:30
940GZZLUOXC,Oxford Circus,MON,12:00-12:15,12:00,0.18,07:45-09:45,16:30-18:30
940GZZLUOXC,Oxford Circus,MON,12:15-12:30,12:15,0.18,07:45-09:45,16:30-18:30
940GZZLUOXC,Oxford Circus,MON,12:30-12:45,12:30,0.19,07:45-09:45,16:30-18:30
940GZZLUOXC,Oxford Circus,MON,12:45-13:00,12:45,0.19,07:45-09:45,16:30-18:30
940GZZLUOXC,Oxford Circus,MON,13:00-13:15,13:00,0.2,07:45-09:45,16:30-18:30
940GZZLUOXC,Oxford Circus,MON,13:15-13:30,13:15,0.2,07:45-09:45,16:30-18:30
940GZZLUOXC,Oxford Circus,MON,13:30-13:45,13:30,0.21,07:45-09:45,16:30-18:30
940GZZLUOXC,Oxford Circus,MON,13:45-14:00,13:45,0.21,07:45-09:45,16:30-18:30
940GZZLUOXC,Oxford Circus,MON,14:00-14:15,14:00,0.22,07:45-09:45,16:30-18:30
940GZZLUOXC,Oxford Circus,MON,14:15-14:30,14:15,0.22,07:45-09:45,16:30-18:30
940GZZLUOXC,Oxford Circus,MON,14:30-14:45,14:30,0.22,07:45-09:45,16:30-18:30
940GZZLUOXC,Oxford Circus,MON,14:45-15:00,14:45,0.22,07:45-09:45,16:30-18:30
940GZZLUOXC,Oxford Circus,MON,15:00-15:15,15:00,0.23,07:45-09:45,16:30-18:30
940GZZLUOXC,Oxford Circus,MON,15:15-15:30,15:15,0.23,07:45-09:45,16:30-18:30
940GZZLUOXC,Oxford Circus,MON,15:30-15:45,15:30,0.24,07:45-09:45,16:30-18:30
940GZZLUOXC,Oxford Circus,MON,15:45-16:00,15:45,0.24,07:45-09:45,16:30-18:30
940GZZLUOXC,Oxford Circus,MON,16:00-16:15,16:00,0.26,07:45-09:45,16:30-18:30
940GZZLUOXC,Oxford Circus,MON,16:15-16:30,16:15,0.27,07:45-09:45,16:30-18:30
940GZZLUOXC,Oxford Circus,MON,16:30-16:45,16:30,0.28,07:45-09:45,16:30-18:30
940GZZLUOXC,Oxford Circus,MON,16:45-17:00,16:45,0.31,07:45-09:45,16:30-18:30
940GZZLUOXC,Oxford Circus,MON,17:00-17:15,17:00,0.33,07:45-09:45,16:30-18:30
940GZZLUOXC,Oxford Circus,MON,17:15-17:30,17:15,0.36,07:45-09:45,16:30-18:30
940GZZLUOXC,Oxford Circus,MON,17:30-17:45,17:30,0.37,07:45-09:45,16:30-18:30
940GZZLUOXC,Oxford Circus,MON,17:45-18:00,17:45,0.36,07:45-09:45,16:30-18:30
940GZZLUOXC,Oxford Circus,MON,18:00-18:15,18:00,0.33,07:45-09:45,16:30-18:30
940GZZLUOXC,Oxford Circus,MON,18:15-18:30,18:15,0.28,07:45-09:45,16:30-18:30
940GZZLUOXC,Oxford Circus,MON,18:30-18:45,18:30,0.24,07:45-09:45,16:30-18:30
940GZZLUOXC,Oxford Circus,MON,18:45-19:00,18:45,0.2,07:45-09:45,16:30-18:30
940GZZLUOXC,Oxford Circus,MON,19:00-19:15,19:00,0.18,07:45-09:45,16:30-18:30
940GZZLUOXC,Oxford Circus,MON,19:15-19:30,19:15,0.18,07:45-09:45,16:30-18:30
940GZZLUOXC,Oxford Circus,MON,19:30-19:45,19:30,0.18,07:45-09:45,16:30-18:30
940GZZLUOXC,Oxford Circus,MON,19:45-20:00,19:45,0.18,07:45-09:45,16:30-18:30
940GZZLUOXC,Oxford Circus,MON,20:00-20:15,20:00,0.18,07:45-09:45,16:30-18:30
940GZZLUOXC,Oxford Circus,MON,20:15-20:30,20:15,0.17,07:45-09:45,16:30-18:30
940GZZLUOXC,Oxford Circus,MON,20:30-20:45,20:30,0.16,07:45-09:45,16:30-18:30
940GZZLUOXC,Oxford Circus,MON,20:45-21:00,20:45,0.15,07:45-09:45,16:30-18:30
940GZZLUOXC,Oxford Circus,MON,21:00-21:15,21:00,0.14,07:45-09:45,16:30-18:30
940GZZLUOXC,Oxford Circus,MON,21:15-21:30,21:15,0.13,07:45-09:45,16:30-18:30
940GZZLUOXC,Oxford Circus,MON,21:30-21:45,21:30,0.12,07:45-09:45,16:30-18:30
940GZZLUOXC,Oxford Circus,MON,21:45-22:00,21:45,0.11,07:45-09:45,16:30-18:30
940GZZLUOXC,Oxford Circus,MON,22:00-22:15,22:00,0.11,07:45-09:45,16:30-18:30
940GZZLUOXC,Oxford Circus,MON,22:15-22:30,22:15,0.1,07:45-09:45,16:30-18:30
940GZZLUOXC,Oxford Circus,MON,22:30-22:45,22:30,0.1,07:45-09:45,16:30-18:30
940GZZLUOXC,Oxford Circus,MON,22:45-23:00,22:45,0.09,07:45-09:45,16:30-18:30
940GZZLUOXC,Oxford Circus,MON,23:00-23:15,23:00,0.08,07:45-09:45,16:30-18:30
940GZZLUOXC,Oxford Circus,MON,23:15-23:30,23:15,0.07,07:45-09:45,16:30-18:30
940GZZLUOXC,Oxford Circus,MON,23:30-23:45,23:30,0.06,07:45-09:45,16:30-18:30
940GZZLUOXC,Oxford Circus,MON,23:45-00:00,23:45,0.04,07:45-09:45,16:30-18:30
940GZZLUOXC,Oxford Circus,SAT,00:00-00:15,00:00,0.11,11:45-13:45,15:15-17:15
940GZZLUOXC,Oxford Circus,SAT,00:15-00:30,00:15,0.09,11:45-13:45,15:15-17:15
940GZZLUOXC,Oxford Circus,SAT,00:30-00:45,00:30,0.07,11:45-13:45,15:15-17:15
940GZZLUOXC,Oxford Circus,SAT,00:45-01:00,00:45,0.06,11:45-13:45,15:15-17:15
940GZZLUOXC,Oxford Circus,SAT,01:00-01:15,01:00,0.05,11:45-13:45,15:15-17:15
940GZZLUOXC,Oxford Circus,SAT,01:15-01:30,01:15,0.04,11:45-13:45,15:15-17:15
940GZZLUOXC,Oxford Circus,SAT,01:30-01:45,01:30,0.03,11:45-13:45,15:15-17:15
940GZZLUOXC,Oxford Circus,SAT,01:45-02:00,01:45,0.03,11:45-13:45,15:15-17:15
940GZZLUOXC,Oxford Circus,SAT,02:00-02:15,02:00,0.02,11:45-13:45,15:15-17:15
940GZZLUOXC,Oxford Circus,SAT,02:15-02:30,02:15,0.02,11:45-13:45,15:15-17:15
940GZZLUOXC,Oxford Circus,SAT,02:30-02:45,02:30,0.02,11:45-13:45,15:15-17:15
940GZZLUOXC,Oxford Circus,SAT,02:45-03:00,02:45,0.01,11:45-13:45,15:15-17:15
940GZZLUOXC,Oxford Circus,SAT,03:00-03:15,03:00,0.01,11:45-13:45,15:15-17:15
940GZZLUOXC,Oxford Circus,SAT,03:15-03:30,03:15,0.01,11:45-13:45,15:15-17:15
940GZZLUOXC,Oxford Circus,SAT,03:30-03:45,03:30,0.01,11:45-13:45,15:15-17:15
940GZZLUOXC,Oxford Circus,SAT,03:45-04:00,03:45,0.01,11:45-13:45,15:15-17:15
940GZZLUOXC,Oxford Circus,SAT,04:00-04:15,04:00,0.01,11:45-13:45,15:15-17:15
940GZZLUOXC,Oxford Circus,SAT,04:15-04:30,04:15,0.01,11:45-13:45,15:15-17:15
940GZZLUOXC,Oxford Circus,SAT,04:30-04:45,04:30,0.01,11:45-13:45,15:15-17:15
940GZZLUOXC,Oxford Circus,SAT,04:45-05:00,04:45,0.01,11:45-13:45,15:15-17:15
940GZZLUOXC,Oxford Circus,SAT,05:00-05:15,05:00,0.01,11:45-13:45,15:15-17:15
940GZZLUOXC,Oxford Circus,SAT,05:15-05:30,05:15,0.01,11:45-13:45,15:15-17:15
940GZZLUOXC,Oxford Circus,SAT,05:30-05:45,05:30,0.01,11:45-13:45,15:15-17:15
940GZZLUOXC,Oxford Circus,SAT,05:45-06:00,05:45,0.02,11:45-13:45,15:15-17:15
940GZZLUOXC,Oxford Circus,SAT,06:00-06:15,06:00,0.02,11:45-13:45,15:15-17:15
940GZZLUOXC,Oxford Circus,SAT,06:15-06:30,06:15,0.03,11:45-13:45,15:15-17:15
940GZZLUOXC,Oxford Circus,SAT,06:30-06:45,06:30,0.03,11:45-13:45,15:15-17:15
940GZZLUOXC,Oxford Circus,SAT,06:45-07:00,06:45,0.04,11:45-13:45,15:15-17:15
940GZZLUOXC,Oxford Circus,SAT,07:00-07:15,07:00,0.05,11:45-13:45,15:15-17:15
940GZZLUOXC,Oxford Circus,SAT,07:15-07:30,07:15,0.05,11:45-13:45,15:15-17:15
940GZZLUOXC,Oxford Circus,SAT,07:30-07:45,07:30,0.06,11:45-13:45,15:15-17:15
940GZZLUOXC,Oxford Circus,SAT,07:45-08:00,07:45,0.07,11:45-13:45,15:15-17:15
940GZZLUOXC,Oxford Circus,SAT,08:00-08:15,08:00,0.08,11:45-13:45,15:15-17:15
940GZZLUOXC,Oxford Circus,SAT,08:15-08:30,08:15,0.09,11:45-13:45,15:15-17:15
940GZZLUOXC,Oxford Circus,SAT,08:30-08:45,08:30,0.1,11:45-13:45,15:15-17:15
940GZZLUOXC,Oxford Circus,SAT,08:45-09:00,08:45,0.11,11:45-13:45,15:15-17:15
940GZZLUOXC,Oxford Circus,SAT,09:00-09:15,09:00,0.12,11:45-13:45,15:15-17:15
940GZZLUOXC,Oxford Circus,SAT,09:15-09:30,09:15,0.13,11:45-13:45,15:15-17:15
940GZZLUOXC,Oxford Circus,SAT,09:30-09:45,09:30,0.14,11:45-13:45,15:15-17:15
940GZZLUOXC,Oxford Circus,SAT,09:45-10:00,09:45,0.15,11:45-13:45,15:15-17:15
940GZZLUOXC,Oxford Circus,SAT,10:00-10:15,10:00,0.17,11:45-13:45,15:15-17:15
940GZZLUOXC,Oxford Circus,SAT,10:15-10:30,10:15,0.18,11:45-13:45,15:15-17:15
940GZZLUOXC,Oxford Circus,SAT,10:30-10:45,10:30,0.2,11:45-13:45,15:15-17:15
940GZZLUOXC,Oxford Circus,SAT,10:45-11:00,10:45,0.21,11:45-13:45,15:15-17:15
940GZZLUOXC,Oxford Circus,SAT,11:00-11:15,11:00,0.22,11:45-13:45,15:15-17:15
940GZZLUOXC,Oxford Circus,SAT,11:15-11:30,11:15,0.24,11:45-13:45,15:15-17:15
940GZZLUOXC,Oxford Circus,SAT,11:30-11:45,11:30,0.25,11:45-13:45,15:15-17:15
940GZZLUOXC,Oxford Circus,SAT,11:45-12:00,11:45,0.26,11:45-13:45,15:15-17:15
940GZZLUOXC,Oxford Circus,SAT,12:00-12:15,12:00,0.26,11:45-13:45,15:15-17:15
940GZZLUOXC,Oxford Circus,SAT,12:15-12:30,12:15,0.27,11:45-13:45,15:15-17:15
940GZZLUOXC,Oxford Circus,SAT,12:30-12:45,12:30,0.28,11:45-13:45,15:15-17:15
940GZZLUOXC,Oxford Circus,SAT,12:45-13:00,12:45,0.29,11:45-13:45,15:15-17:15
940GZZLUOXC,Oxford Circus,SAT,13:00-13:15,13:00,0.29,11:45-13:45,15:15-17:15
940GZZLUOXC,Oxford Circus,SAT,13:15-13:30,13:15,0.3,11:45-13:45,15:15-17:15
940GZZLUOXC,Oxford Circus,SAT,13:30-13:45,13:30,0.3,11:45-13:45,15:15-17:15
940GZZLUOXC,Oxford Circus,SAT,13:45-14:00,13:45,0.31,11:45-13:45,15:15-17:15
940GZZLUOXC,Oxford Circus,SAT,14:00-14:15,14:00,0.31,11:45-13:45,15:15-17:15
940GZZLUOXC,Oxford Circus,SAT,14:15-14:30,14:15,0.32,11:45-13:45,15:15-17:15
940GZZLUOXC,Oxford Circus,SAT,14:30-14:45,14:30,0.33,11:45-13:45,15:15-17:15
940GZZLUOXC,Oxford Circus,SAT,14:45-15:00,14:45,0.33,11:45-13:45,15:15-17:15
940GZZLUOXC,Oxford Circus,SAT,15:00-15:15,15:00,0.34,11:45-13:45,15:15-17:15
940GZZLUOXC,Oxford Circus,SAT,15:15-15:30,15:15,0.34,11:45-13:45,15:15-17:15
940GZZLUOXC,Oxford Circus,SAT,15:30-15:45,15:30,0.35,11:45-13:45,15:15-17:15
940GZZLUOXC,Oxford Circus,SAT,15:45-16:00,15:45,0.35,11:45-13:45,15:15-17:15
940GZZLUOXC,Oxford Circus,SAT,16:00-16:15,16:00,0.35,11:45-13:45,15:15-17:15
940GZZLUOXC,Oxford Circus,SAT,16:15-16:30,16:15,0.35,11:45-13:45,15:15-17:15
940GZZLUOXC,Oxford Circus,SAT,16:30-16:45,16:30,0.35,11:45-13:45,15:15-17:15
940GZZLUOXC,Oxford Circus,SAT,16:45-17:00,16:45,0.35,11:45-13:45,15:15-17:15
940GZZLUOXC,Oxford Circus,SAT,17:00-17:15,17:00,0.34,11:45-13:45,15:15-17:15
940GZZLUOXC,Oxford Circus,SAT,17:15-17:30,17:15,0.34,11:45-13:45,15:15-17:15
940GZZLUOXC,Oxford Circus,SAT,17:30-17:45,17:30,0.33,11:45-13:45,15:15-17:15
940GZZLUOXC,Oxford Circus,SAT,17:45-18:00,17:45,0.32,11:45-13:45,15:15-17:15
940GZZLUOXC,Oxford Circus,SAT,18:00-18:15,18:00,0.31,11:45-13:45,15:15-17:15
940GZZLUOXC,Oxford Circus,SAT,18:15-18:30,18:15,0.3,11:45-13:45,15:15-17:15
940GZZLUOXC,Oxford Circus,SAT,18:30-18:45,18:30,0.29,11:45-13:45,15:15-17:15
940GZZLUOXC,Oxford Circus,SAT,18:45-19:00,18:45,0.28,11:45-13:45,15:15-17:15
940GZZLUOXC,Oxford Circus,SAT,19:00-19:15,19:00,0.28,11:45-13:45,15:15-17:15
940GZZLUOXC,Oxford Circus,SAT,19:15-19:30,19:15,0.27,11:45-13:45,15:15-17:15
940GZZLUOXC,Oxford Circus,SAT,19:30-19:45,19:30,0.25,11:45-13:45,15:15-17:15
940GZZLUOXC,Oxford Circus,SAT,19:45-20:00,19:45,0.24,11:45-13:45,15:15-17:15
940GZZLUOXC,Oxford Circus,SAT,20:00-20:15,20:00,0.23,11:45-13:45,15:15-17:15
940GZZLUOXC,Oxford Circus,SAT,20:15-20:30,20:15,0.22,11:45-13:45,15:15-17:15
940GZZLUOXC,Oxford Circus,SAT,20:30-20:45,20:30,0.21,11:45-13:45,15:15-17:15
940GZZLUOXC,Oxford Circus,SAT,20:45-21:00,20:45,0.2,11:45-13:45,15:15-17:15
940GZZLUOXC,Oxford Circus,SAT,21:00-21:15,21:00,0.2,11:45-13:45,15:15-17:15
940GZZLUOXC,Oxford Circus,SAT,21:15-21:30,21:15,0.19,11:45-13:45,15:15-17:15
940GZZLUOXC,Oxford Circus,SAT,21:30-21:45,21:30,0.18,11:45-13:45,15:15-17:15
940GZZLUOXC,Oxford Circus,SAT,21:45-22:00,21:45,0.18,11:45-13:45,15:15-17:15
940GZZLUOXC,Oxford Circus,SAT,22:00-22:15,22:00,0.18,11:45-13:45,15:15-17:15
940GZZLUOXC,Oxford Circus,SAT,22:15-22:30,22:15,0.17,11:45-13:45,15:15-17:15
940GZZLUOXC,Oxford Circus,SAT,22:30-22:45,22:30,0.17,11:45-13:45,15:15-17:15
940GZZLUOXC,Oxford Circus,SAT,22:45-23:00,22:45,0.17,11:45-13:45,15:15-17:15
940GZZLUOXC,Oxford Circus,SAT,23:00-23:15,23:00,0.17,11:45-13:45,15:15-17:15
940GZZLUOXC,Oxford Circus,SAT,23:15-23:30,23:15,0.16,11:45-13:45,15:15-17:15
940GZZLUOXC,Oxford Circus,SAT,23:30-23:45,23:30,0.16,11:45-13:45,15:15-17:15
940GZZLUOXC,Oxford Circus,SAT,23:45-00:00,23:45,0.16,11:45-13:45,15:15-17:15
940GZZLUOXC,Oxford Circus,TUE,00:00-00:15,00:00,0.03,11:45-13:45,15:30-17:30
940GZZLUOXC,Oxford Circus,TUE,00:15-00:30,00:15,0.02,11:45-13:45,15:30-17:30
940GZZLUOXC,Oxford Circus,TUE,00:30-00:45,00:30,0.01,11:45-13:45,15:30-17:30
940GZZLUOXC,Oxford Circus,TUE,00:45-01:00,00:45,0.01,11:45-13:45,15:30-17:30
940GZZLUOXC,Oxford Circus,TUE,01:00-01:15,01:00,0.01,11:45-13:45,15:30-17:30
940GZZLUOXC,Oxford Circus,TUE,01:15-01:30,01:15,0,11:45-13:45,15:30-17:30
940GZZLUOXC,Oxford Circus,TUE,01:30-01:45,01:30,0,11:45-13:45,15:30-17:30
940GZZLUOXC,Oxford Circus,TUE,01:45-02:00,01:45,0,11:45-13:45,15:30-17:30
940GZZLUOXC,Oxford Circus,TUE,02:00-02:15,02:00,0,11:45-13:45,15:30-17:30
940GZZLUOXC,Oxford Circus,TUE,02:15-02:30,02:15,0,11:45-13:45,15:30-17:30
940GZZLUOXC,Oxford Circus,TUE,02:30-02:45,02:30,0,11:45-13:45,15:30-17:30
940GZZLUOXC,Oxford Circus,TUE,02:45-03:00,02:45,0,11:45-13:45,15:30-17:30
940GZZLUOXC,Oxford Circus,TUE,03:00-03:15,03:00,0,11:45-13:45,15:30-17:30
940GZZLUOXC,Oxford Circus,TUE,03:15-03:30,03:15,0,11:45-13:45,15:30-17:30
940GZZLUOXC,Oxford Circus,TUE,03:30-03:45,03:30,0,11:45-13:45,15:30-17:30
940GZZLUOXC,Oxford Circus,TUE,03:45-04:00,03:45,0,11:45-13:45,15:30-17:30
940GZZLUOXC,Oxford Circus,TUE,04:00-04:15,04:00,0,11:45-13:45,15:30-17:30
940GZZLUOXC,Oxford Circus,TUE,04:15-04:30,04:15,0,11:45-13:45,15:30-17:30
940GZZLUOXC,Oxford Circus,TUE,04:30-04:45,04:30,0,11:45-13:45,15:30-17:30
940GZZLUOXC,Oxford Circus,TUE,04:45-05:00,04:45,0,11:45-13:45,15:30-17:30
940GZZLUOXC,Oxford Circus,TUE,05:00-05:15,05:00,0,11:45-13:45,15:30-17:30
940GZZLUOXC,Oxford Circus,TUE,05:15-05:30,05:15,0,11:45-13:45,15:30-17:30
940GZZLUOXC,Oxford Circus,TUE,05:30-05:45,05:30,0,11:45-13:45,15:30-17:30
940GZZLUOXC,Oxford Circus,TUE,05:45-06:00,05:45,0.01,11:45-13:45,15:30-17:30
940GZZLUOXC,Oxford Circus,TUE,06:00-06:15,06:00,0.02,11:45-13:45,15:30-17:30
940GZZLUOXC,Oxford Circus,TUE,06:15-06:30,06:15,0.04,11:45-13:45,15:30-17:30
940GZZLUOXC,Oxford Circus,TUE,06:30-06:45,06:30,0.06,11:45-13:45,15:30-17:30
940GZZLUOXC,Oxford Circus,TUE,06:45-07:00,06:45,0.09,11:45-13:45,15:30-17:30
940GZZLUOXC,Oxford Circus,TUE,07:00-07:15,07:00,0.11,11:45-13:45,15:30-17:30
940GZZLUOXC,Oxford Circus,TUE,07:15-07:30,07:15,0.15,11:45-13:45,15:30-17:30
940GZZLUOXC,Oxford Circus,TUE,07:30-07:45,07:30,0.19,11:45-13:45,15:30-17:30
940GZZLUOXC,Oxford Circus,TUE,07:45-08:00,07:45,0.21,11:45-13:45,15:30-17:30
940GZZLUOXC,Oxford Circus,TUE,08:00-08:15,08:00,0.2,11:45-13:45,15:30-17:30
940GZZLUOXC,Oxford Circus,TUE,08:15-08:30,08:15,0.16,11:45-13:45,15:30-17:30
940GZZLUOXC,Oxford Circus,TUE,08:30-08:45,08:30,0.11,11:45-13:45,15:30-17:30
940GZZLUOXC,Oxford Circus,TUE,08:45-09:00,08:45,0.06,11:45-13:45,15:30-17:30
940GZZLUOXC,Oxford Circus,TUE,09:00-09:15,09:00,0.02,11:45-13:45,15:30-17:30
940GZZLUOXC,Oxford Circus,TUE,09:15-09:30,09:15,0.02,11:45-13:45,15:30-17:30
940GZZLUOXC,Oxford Circus,TUE,09:30-09:45,09:30,0.05,11:45-13:45,15:30-17:30
940GZZLUOXC,Oxford Circus,TUE,09:45-10:00,09:45,0.09,11:45-13:45,15:30-17:30
940GZZLUOXC,Oxford Circus,TUE,10:00-10:15,10:00,0.12,11:45-13:45,15:30-17:30
940GZZLUOXC,Oxford Circus,TUE,10:15-10:30,10:15,0.16,11:45-13:45,15:30-17:30
940GZZLUOXC,Oxford Circus,TUE,10:30-10:45,10:30,0.17,11:45-13:45,15:30-17:30
940GZZLUOXC,Oxford Circus,TUE,10:45-11:00,10:45,0.17,11:45-13:45,15:30-17:30
940GZZLUOXC,Oxford Circus,TUE,11:00-11:15,11:00,0.16,11:45-13:45,15:30-17:30
940GZZLUOXC,Oxford Circus,TUE,11:15-11:30,11:15,0.16,11:45-13:45,15:30-17:30
940GZZLUOXC,Oxford Circus,TUE,11:30-11:45,11:30,0.15,11:45-13:45,15:30-17:30
940GZZLUOXC,Oxford Circus,TUE,11:45-12:00,11:45,0.15,11:45-13:45,15:30-17:30
940GZZLUOXC,Oxford Circus,TUE,12:00-12:15,12:00,0.16,11:45-13:45,15:30-17:30
940GZZLUOXC,Oxford Circus,TUE,12:15-12:30,12:15,0.17,11:45-13:45,15:30-17:30
940GZZLUOXC,Oxford Circus,TUE,12:30-12:45,12:30,0.17,11:45-13:45,15:30-17:30
940GZZLUOXC,Oxford Circus,TUE,12:45-13:00,12:45,0.17,11:45-13:45,15:30-17:30
940GZZLUOXC,Oxford Circus,TUE,13:00-13:15,13:00,0.17,11:45-13:45,15:30-17:30
940GZZLUOXC,Oxford Circus,TUE,13:15-13:30,13:15,0.17,11:45-13:45,15:30-17:30
940GZZLUOXC,Oxford Circus,TUE,13:30-13:45,13:30,0.17,11:45-13:45,15:30-17:30
940GZZLUOXC,Oxford Circus,TUE,13:45-14:00,13:45,0.17,11:45-13:45,15:30-17:30
940GZZLUOXC,Oxford Circus,TUE,14:00-14:15,14:00,0.17,11:45-13:45,15:30-17:30
940GZZLUOXC,Oxford Circus,TUE,14:15-14:30,14:15,0.17,11:45-13:45,15:30-17:30
940GZZLUOXC,Oxford Circus,TUE,14:30-14:45,14:30,0.18,11:45-13:45,15:30-17:30
940GZZLUOXC,Oxford Circus,TUE,14:45-15:00,14:45,0.18,11:45-13:45,15:30-17:30
940GZZLUOXC,Oxford Circus,TUE,15:00-15:15,15:00,0.19,11:45-13:45,15:30-17:30
940GZZLUOXC,Oxford Circus,TUE,15:15-15:30,15:15,0.19,11:45-13:45,15:30-17:30
940GZZLUOXC,Oxford Circus,TUE,15:30-15:45,15:30,0.2,11:45-13:45,15:30-17:30
940GZZLUOXC,Oxford Circus,TUE,15:45-16:00,15:45,0.21,11:45-13:45,15:30-17:30
940GZZLUOXC,Oxford Circus,TUE,16:00-16:15,16:00,0.23,11:45-13:45,15:30-17:30
940GZZLUOXC,Oxford Circus,TUE,16:15-16:30,16:15,0.26,11:45-13:45,15:30-17:30
940GZZLUOXC,Oxford Circus,TUE,16:30-16:45,16:30,0.29,11:45-13:45,15:30-17:30
940GZZLUOXC,Oxford Circus,TUE,16:45-17:00,16:45,0.31,11:45-13:45,15:30-17:30
940GZZLUOXC,Oxford Circus,TUE,17:00-17:15,17:00,0.31,11:45-13:45,15:30-17:30
940GZZLUOXC,Oxford Circus,TUE,17:15-17:30,17:15,0.27,11:45-13:45,15:30-17:30
940GZZLUOXC,Oxford Circus,TUE,17:30-17:45,17:30,0.2,11:45-13:45,15:30-17:30
940GZZLUOXC,Oxford Circus,TUE,17:45-18:00,17:45,0.13,11:45-13:45,15:30-17:30
940GZZLUOXC,Oxford Circus,TUE,18:00-18:15,18:00,0.06,11:45-13:45,15:30-17:30
940GZZLUOXC,Oxford Circus,TUE,18:15-18:30,18:15,0.02,11:45-13:45,15:30-17:30
940GZZLUOXC,Oxford Circus,TUE,18:30-18:45,18:30,0.02,11:45-13:45,15:30-17:30
940GZZLUOXC,Oxford Circus,TUE,18:45-19:00,18:45,0.02,11:45-13:45,15:30-17:30
940GZZLUOXC,Oxford Circus,TUE,19:00-19:15,19:00,0.03,11:45-13:45,15:30-17:30
940GZZLUOXC,Oxford Circus,TUE,19:15-19:30,19:15,0.05,11:45-13:45,15:30-17:30
940GZZLUOXC,Oxford Circus,TUE,19:30-19:45,19:30,0.07,11:45-13:45,15:30-17:30
940GZZLUOXC,Oxford Circus,TUE,19:45-20:00,19:45,0.11,11:45-13:45,15:30-17:30
940GZZLUOXC,Oxford Circus,TUE,20:00-20:15,20:00,0.14,11:45-13:45,15:30-17:30
940GZZLUOXC,Oxford Circus,TUE,20:15-20:30,20:15,0.16,11:45-13:45,15:30-17:30
940GZZLUOXC,Oxford Circus,TUE,20:30-20:45,20:30,0.16,11:45-13:45,15:30-17:30
940GZZLUOXC,Oxford Circus,TUE,20:45-21:00,20:45,0.16,11:45-13:45,15:30-17:30
940GZZLUOXC,Oxford Circus,TUE,21:00-21:15,21:00,0.14,11:45-13:45,15:30-17:30
940GZZLUOXC,Oxford Circus,TUE,21:15-21:30,21:15,0.13,11:45-13:45,15:30-17:30
940GZZLUOXC,Oxford Circus,TUE,21:30-21:45,21:30,0.12,11:45-13:45,15:30-17:30
940GZZLUOXC,Oxford Circus,TUE,21:45-22:00,21:45,0.12,11:45-13:45,15:30-17:30
940GZZLUOXC,Oxford Circus,TUE,22:00-22:15,22:00,0.12,11:45-13:45,15:30-17:30
940GZZLUOXC,Oxford Circus,TUE,22:15-22:30,22:15,0.11,11:45-13:45,15:30-17:30
940GZZLUOXC,Oxford Circus,TUE,22:30-22:45,22:30,0.11,11:45-13:45,15:30-17:30
940GZZLUOXC,Oxford Circus,TUE,22:45-23:00,22:45,0.09,11:45-13:45,15:30-17:30
940GZZLUOXC,Oxford Circus,TUE,23:00-23:15,23:00,0.08,11:45-13:45,15:30-17:30
940GZZLUOXC,Oxford Circus,TUE,23:15-23:30,23:15,0.07,11:45-13:45,15:30-17:30
940GZZLUOXC,Oxford Circus,TUE,23:30-23:45,23:30,0.05,11:45-13:45,15:30-17:30
940GZZLUOXC,Oxford Circus,TUE,23:45-00:00,23:45,0.04,11:45-13:45,15:30-17:30
940GZZLUOXC,Oxford Circus,SUN,00:00-00:15,00:00,0,11:45-13:45,14:15-16:15
940GZZLUOXC,Oxford Circus,SUN,00:15-00:30,00:15,0,11:45-13:45,14:15-16:15
940GZZLUOXC,Oxford Circus,SUN,00:30-00:45,00:30,0.01,11:45-13:45,14:15-16:15
940GZZLUOXC,Oxford Circus,SUN,00:45-01:00,00:45,0.02,11:45-13:45,14:15-16:15
940GZZLUOXC,Oxford Circus,SUN,01:00-01:15,01:00,0.02,11:45-13:45,14:15-16:15
940GZZLUOXC,Oxford Circus,SUN,01:15-01:30,01:15,0.02,11:45-13:45,14:15-16:15
940GZZLUOXC,Oxford Circus,SUN,01:30-01:45,01:30,0.03,11:45-13:45,14:15-16:15
940GZZLUOXC,Oxford Circus,SUN,01:45-02:00,01:45,0.03,11:45-13:45,14:15-16:15
940GZZLUOXC,Oxford Circus,SUN,02:00-02:15,02:00,0.03,11:45-13:45,14:15-16:15
940GZZLUOXC,Oxford Circus,SUN,02:15-02:30,02:15,0.03,11:45-13:45,14:15-16:15
940GZZLUOXC,Oxford Circus,SUN,02:30-02:45,02:30,0.03,11:45-13:45,14:15-16:15
940GZZLUOXC,Oxford Circus,SUN,02:45-03:00,02:45,0.03,11:45-13:45,14:15-16:15
940GZZLUOXC,Oxford Circus,SUN,03:00-03:15,03:00,0.02,11:45-13:45,14:15-16:15
940GZZLUOXC,Oxford Circus,SUN,03:15-03:30,03:15,0.02,11:45-13:45,14:15-16:15
940GZZLUOXC,Oxford Circus,SUN,03:30-03:45,03:30,0.02,11:45-13:45,14:15-16:15
940GZZLUOXC,Oxford Circus,SUN,03:45-04:00,03:45,0.01,11:45-13:45,14:15-16:15
940GZZLUOXC,Oxford Circus,SUN,04:00-04:15,04:00,0.01,11:45-13:45,14:15-16:15
940GZZLUOXC,Oxford Circus,SUN,04:15-04:30,04:15,0.01,11:45-13:45,14:15-16:15
940GZZLUOXC,Oxford Circus,SUN,04:30-04:45,04:30,0.01,11:45-13:45,14:15-16:15
940GZZLUOXC,Oxford Circus,SUN,04:45-05:00,04:45,0.01,11:45-13:45,14:15-16:15
940GZZLUOXC,Oxford Circus,SUN,05:00-05:15,05:00,0.01,11:45-13:45,14:15-16:15
940GZZLUOXC,Oxford Circus,SUN,05:15-05:30,05:15,0.01,11:45-13:45,14:15-16:15
940GZZLUOXC,Oxford Circus,SUN,05:30-05:45,05:30,0.01,11:45-13:45,14:15-16:15
940GZZLUOXC,Oxford Circus,SUN,05:45-06:00,05:45,0.01,11:45-13:45,14:15-16:15
940GZZLUOXC,Oxford Circus,SUN,06:00-06:15,06:00,0.02,11:45-13:45,14:15-16:15
940GZZLUOXC,Oxford Circus,SUN,06:15-06:30,06:15,0.02,11:45-13:45,14:15-16:15
940GZZLUOXC,Oxford Circus,SUN,06:30-06:45,06:30,0.02,11:45-13:45,14:15-16:15
940GZZLUOXC,Oxford Circus,SUN,06:45-07:00,06:45,0.03,11:45-13:45,14:15-16:15
940GZZLUOXC,Oxford Circus,SUN,07:00-07:15,07:00,0.03,11:45-13:45,14:15-16:15
940GZZLUOXC,Oxford Circus,SUN,07:15-07:30,07:15,0.03,11:45-13:45,14:15-16:15
940GZZLUOXC,Oxford Circus,SUN,07:30-07:45,07:30,0.04,11:45-13:45,14:15-16:15
940GZZLUOXC,Oxford Circus,SUN,07:45-08:00,07:45,0.04,11:45-13:45,14:15-16:15
940GZZLUOXC,Oxford Circus,SUN,08:00-08:15,08:00,0.05,11:45-13:45,14:15-16:15
940GZZLUOXC,Oxford Circus,SUN,08:15-08:30,08:15,0.05,11:45-13:45,14:15-16:15
940GZZLUOXC,Oxford Circus,SUN,08:30-08:45,08:30,0.06,11:45-13:45,14:15-16:15
940GZZLUOXC,Oxford Circus,SUN,08:45-09:00,08:45,0.06,11:45-13:45,14:15-16:15
940GZZLUOXC,Oxford Circus,SUN,09:00-09:15,09:00,0.07,11:45-13:45,14:15-16:15
940GZZLUOXC,Oxford Circus,SUN,09:15-09:30,09:15,0.08,11:45-13:45,14:15-16:15
940GZZLUOXC,Oxford Circus,SUN,09:30-09:45,09:30,0.08,11:45-13:45,14:15-16:15
940GZZLUOXC,Oxford Circus,SUN,09:45-10:00,09:45,0.09,11:45-13:45,14:15-16:15
940GZZLUOXC,Oxford Circus,SUN,10:00-10:15,10:00,0.1,11:45-13:45,14:15-16:15
940GZZLUOXC,Oxford Circus,SUN,10:15-10:30,10:15,0.11,11:45-13:45,14:15-16:15
940GZZLUOXC,Oxford Circus,SUN,10:30-10:45,10:30,0.13,11:45-13:45,14:15-16:15
940GZZLUOXC,Oxford Circus,SUN,10:45-11:00,10:45,0.14,11:45-13:45,14:15-16:15
940GZZLUOXC,Oxford Circus,SUN,11:00-11:15,11:00,0.15,11:45-13:45,14:15-16:15
940GZZLUOXC,Oxford Circus,SUN,11:15-11:30,11:15,0.16,11:45-13:45,14:15-16:15
940GZZLUOXC,Oxford Circus,SUN,11:30-11:45,11:30,0.17,11:45-13:45,14:15-16:15
940GZZLUOXC,Oxford Circus,SUN,11:45-12:00,11:45,0.19,11:45-13:45,14:15-16:15
940GZZLUOXC,Oxford Circus,SUN,12:00-12:15,12:00,0.2,11:45-13:45,14:15-16:15
940GZZLUOXC,Oxford Circus,SUN,12:15-12:30,12:15,0.21,11:45-13:45,14:15-16:15
940GZZLUOXC,Oxford Circus,SUN,12:30-12:45,12:30,0.22,11:45-13:45,14:15-16:15
940GZZLUOXC,Oxford Circus,SUN,12:45-13:00,12:45,0.22,11:45-13:45,14:15-16:15
940GZZLUOXC,Oxford Circus,SUN,13:00-13:15,13:00,0.23,11:45-13:45,14:15-16:15
940GZZLUOXC,Oxford Circus,SUN,13:15-13:30,13:15,0.23,11:45-13:45,14:15-16:15
940GZZLUOXC,Oxford Circus,SUN,13:30-13:45,13:30,0.24,11:45-13:45,14:15-16:15
940GZZLUOXC,Oxford Circus,SUN,13:45-14:00,13:45,0.24,11:45-13:45,14:15-16:15
940GZZLUOXC,Oxford Circus,SUN,14:00-14:15,14:00,0.24,11:45-13:45,14:15-16:15
940GZZLUOXC,Oxford Circus,SUN,14:15-14:30,14:15,0.24,11:45-13:45,14:15-16:15
940GZZLUOXC,Oxford Circus,SUN,14:30-14:45,14:30,0.24,11:45-13:45,14:15-16:15
940GZZLUOXC,Oxford Circus,SUN,14:45-15:00,14:45,0.24,11:45-13:45,14:15-16:15
940GZZLUOXC,Oxford Circus,SUN,15:00-15:15,15:00,0.24,11:45-13:45,14:15-16:15
940GZZLUOXC,Oxford Circus,SUN,15:15-15:30,15:15,0.24,11:45-13:45,14:15-16:15
940GZZLUOXC,Oxford Circus,SUN,15:30-15:45,15:30,0.24,11:45-13:45,14:15-16:15
940GZZLUOXC,Oxford Circus,SUN,15:45-16:00,15:45,0.24,11:45-13:45,14:15-16:15
940GZZLUOXC,Oxford Circus,SUN,16:00-16:15,16:00,0.24,11:45-13:45,14:15-16:15
940GZZLUOXC,Oxford Circus,SUN,16:15-16:30,16:15,0.24,11:45-13:45,14:15-16:15
940GZZLUOXC,Oxford Circus,SUN,16:30-16:45,16:30,0.24,11:45-13:45,14:15-16:15
940GZZLUOXC,Oxford Circus,SUN,16:45-17:00,16:45,0.24,11:45-13:45,14:15-16:15
940GZZLUOXC,Oxford Circus,SUN,17:00-17:15,17:00,0.24,11:45-13:45,14:15-16:15
940GZZLUOXC,Oxford Circus,SUN,17:15-17:30,17:15,0.24,11:45-13:45,14:15-16:15
940GZZLUOXC,Oxford Circus,SUN,17:30-17:45,17:30,0.24,11:45-13:45,14:15-16:15
940GZZLUOXC,Oxford Circus,SUN,17:45-18:00,17:45,0.24,11:45-13:45,14:15-16:15
940GZZLUOXC,Oxford Circus,SUN,18:00-18:15,18:00,0.23,11:45-13:45,14:15-16:15
940GZZLUOXC,Oxford Circus,SUN,18:15-18:30,18:15,0.22,11:45-13:45,14:15-16:15
940GZZLUOXC,Oxford Circus,SUN,18:30-18:45,18:30,0.21,11:45-13:45,14:15-16:15
940GZZLUOXC,Oxford Circus,SUN,18:45-19:00,18:45,0.2,11:45-13:45,14:15-16:15
940GZZLUOXC,Oxford Circus,SUN,19:00-19:15,19:00,0.19,11:45-13:45,14:15-16:15
940GZZLUOXC,Oxford Circus,SUN,19:15-19:30,19:15,0.17,11:45-13:45,14:15-16:15
940GZZLUOXC,Oxford Circus,SUN,19:30-19:45,19:30,0.16,11:45-13:45,14:15-16:15
940GZZLUOXC,Oxford Circus,SUN,19:45-20:00,19:45,0.14,11:45-13:45,14:15-16:15
940GZZLUOXC,Oxford Circus,SUN,20:00-20:15,20:00,0.13,11:45-13:45,14:15-16:15
940GZZLUOXC,Oxford Circus,SUN,20:15-20:30,20:15,0.12,11:45-13:45,14:15-16:15
940GZZLUOXC,Oxford Circus,SUN,20:30-20:45,20:30,0.1,11:45-13:45,14:15-16:15
940GZZLUOXC,Oxford Circus,SUN,20:45-21:00,20:45,0.1,11:45-13:45,14:15-16:15
940GZZLUOXC,Oxford Circus,SUN,21:00-21:15,21:00,0.09,11:45-13:45,14:15-16:15
940GZZLUOXC,Oxford Circus,SUN,21:15-21:30,21:15,0.08,11:45-13:45,14:15-16:15
940GZZLUOXC,Oxford Circus,SUN,21:30-21:45,21:30,0.08,11:45-13:45,14:15-16:15
940GZZLUOXC,Oxford Circus,SUN,21:45-22:00,21:45,0.08,11:45-13:45,14:15-16:15
940GZZLUOXC,Oxford Circus,SUN,22:00-22:15,22:00,0.07,11:45-13:45,14:15-16:15
940GZZLUOXC,Oxford Circus,SUN,22:15-22:30,22:15,0.07,11:45-13:45,14:15-16:15
940GZZLUOXC,Oxford Circus,SUN,22:30-22:45,22:30,0.07,11:45-13:45,14:15-16:15
940GZZLUOXC,Oxford Circus,SUN,22:45-23:00,22:45,0.07,11:45-13:45,14:15-16:15
940GZZLUOXC,Oxford Circus,SUN,23:00-23:15,23:00,0.06,11:45-13:45,14:15-16:15
940GZZLUOXC,Oxford Circus,SUN,23:15-23:30,23:15,0.06,11:45-13:45,14:15-16:15
940GZZLUOXC,Oxford Circus,SUN,23:30-23:45,23:30,0.05,11:45-13:45,14:15-16:15
940GZZLUOXC,Oxford Circus,SUN,23:45-00:00,23:45,0.04,11:45-13:45,14:15-16:15
940GZZLUOXC,Oxford Circus,THU,00:00-00:15,00:00,0.06,11:45-13:45,15:45-17:45
940GZZLUOXC,Oxford Circus,THU,00:15-00:30,00:15,0.04,11:45-13:45,15:45-17:45
940GZZLUOXC,Oxford Circus,THU,00:30-00:45,00:30,0.03,11:45-13:45,15:45-17:45
940GZZLUOXC,Oxford Circus,THU,00:45-01:00,00:45,0.02,11:45-13:45,15:45-17:45
940GZZLUOXC,Oxford Circus,THU,01:00-01:15,01:00,0.01,11:45-13:45,15:45-17:45
940GZZLUOXC,Oxford Circus,THU,01:15-01:30,01:15,0,11:45-13:45,15:45-17:45
940GZZLUOXC,Oxford Circus,THU,01:30-01:45,01:30,0,11:45-13:45,15:45-17:45
940GZZLUOXC,Oxford Circus,THU,01:45-02:00,01:45,0,11:45-13:45,15:45-17:45
940GZZLUOXC,Oxford Circus,THU,02:00-02:15,02:00,0,11:45-13:45,15:45-17:45
940GZZLUOXC,Oxford Circus,THU,02:15-02:30,02:15,0,11:45-13:45,15:45-17:45
940GZZLUOXC,Oxford Circus,THU,02:30-02:45,02:30,0,11:45-13:45,15:45-17:45
940GZZLUOXC,Oxford Circus,THU,02:45-03:00,02:45,0,11:45-13:45,15:45-17:45
940GZZLUOXC,Oxford Circus,THU,03:00-03:15,03:00,0,11:45-13:45,15:45-17:45
940GZZLUOXC,Oxford Circus,THU,03:15-03:30,03:15,0,11:45-13:45,15:45-17:45
940GZZLUOXC,Oxford Circus,THU,03:30-03:45,03:30,0,11:45-13:45,15:45-17:45
940GZZLUOXC,Oxford Circus,THU,03:45-04:00,03:45,0,11:45-13:45,15:45-17:45
940GZZLUOXC,Oxford Circus,THU,04:00-04:15,04:00,0,11:45-13:45,15:45-17:45
940GZZLUOXC,Oxford Circus,THU,04:15-04:30,04:15,0,11:45-13:45,15:45-17:45
940GZZLUOXC,Oxford Circus,THU,04:30-04:45,04:30,0,11:45-13:45,15:45-17:45
940GZZLUOXC,Oxford Circus,THU,04:45-05:00,04:45,0,11:45-13:45,15:45-17:45
940GZZLUOXC,Oxford Circus,THU,05:00-05:15,05:00,0,11:45-13:45,15:45-17:45
940GZZLUOXC,Oxford Circus,THU,05:15-05:30,05:15,0,11:45-13:45,15:45-17:45
940GZZLUOXC,Oxford Circus,THU,05:30-05:45,05:30,0.01,11:45-13:45,15:45-17:45
940GZZLUOXC,Oxford Circus,THU,05:45-06:00,05:45,0.02,11:45-13:45,15:45-17:45
940GZZLUOXC,Oxford Circus,THU,06:00-06:15,06:00,0.03,11:45-13:45,15:45-17:45
940GZZLUOXC,Oxford Circus,THU,06:15-06:30,06:15,0.06,11:45-13:45,15:45-17:45
940GZZLUOXC,Oxford Circus,THU,06:30-06:45,06:30,0.08,11:45-13:45,15:45-17:45
940GZZLUOXC,Oxford Circus,THU,06:45-07:00,06:45,0.11,11:45-13:45,15:45-17:45
940GZZLUOXC,Oxford Circus,THU,07:00-07:15,07:00,0.15,11:45-13:45,15:45-17:45
940GZZLUOXC,Oxford Circus,THU,07:15-07:30,07:15,0.19,11:45-13:45,15:45-17:45
940GZZLUOXC,Oxford Circus,THU,07:30-07:45,07:30,0.24,11:45-13:45,15:45-17:45
940GZZLUOXC,Oxford Circus,THU,07:45-08:00,07:45,0.28,11:45-13:45,15:45-17:45
940GZZLUOXC,Oxford Circus,THU,08:00-08:15,08:00,0.29,11:45-13:45,15:45-17:45
940GZZLUOXC,Oxford Circus,THU,08:15-08:30,08:15,0.25,11:45-13:45,15:45-17:45
940GZZLUOXC,Oxford Circus,THU,08:30-08:45,08:30,0.19,11:45-13:45,15:45-17:45
940GZZLUOXC,Oxford Circus,THU,08:45-09:00,08:45,0.12,11:45-13:45,15:45-17:45
940GZZLUOXC,Oxford Circus,THU,09:00-09:15,09:00,0.05,11:45-13:45,15:45-17:45
940GZZLUOXC,Oxford Circus,THU,09:15-09:30,09:15,0.03,11:45-13:45,15:45-17:45
940GZZLUOXC,Oxford Circus,THU,09:30-09:45,09:30,0.06,11:45-13:45,15:45-17:45
940GZZLUOXC,Oxford Circus,THU,09:45-10:00,09:45,0.11,11:45-13:45,15:45-17:45
940GZZLUOXC,Oxford Circus,THU,10:00-10:15,10:00,0.16,11:45-13:45,15:45-17:45
940GZZLUOXC,Oxford Circus,THU,10:15-10:30,10:15,0.2,11:45-13:45,15:45-17:45
940GZZLUOXC,Oxford Circus,THU,10:30-10:45,10:30,0.23,11:45-13:45,15:45-17:45
940GZZLUOXC,Oxford Circus,THU,10:45-11:00,10:45,0.24,11:45-13:45,15:45-17:45
940GZZLUOXC,Oxford Circus,THU,11:00-11:15,11:00,0.23,11:45-13:45,15:45-17:45
940GZZLUOXC,Oxford Circus,THU,11:15-11:30,11:15,0.22,11:45-13:45,15:45-17:45
940GZZLUOXC,Oxford Circus,THU,11:30-11:45,11:30,0.21,11:45-13:45,15:45-17:45
940GZZLUOXC,Oxford Circus,THU,11:45-12:00,11:45,0.22,11:45-13:45,15:45-17:45
940GZZLUOXC,Oxford Circus,THU,12:00-12:15,12:00,0.23,11:45-13:45,15:45-17:45
940GZZLUOXC,Oxford Circus,THU,12:15-12:30,12:15,0.24,11:45-13:45,15:45-17:45
940GZZLUOXC,Oxford Circus,THU,12:30-12:45,12:30,0.24,11:45-13:45,15:45-17:45
940GZZLUOXC,Oxford Circus,THU,12:45-13:00,12:45,0.24,11:45-13:45,15:45-17:45
940GZZLUOXC,Oxford Circus,THU,13:00-13:15,13:00,0.24,11:45-13:45,15:45-17:45
940GZZLUOXC,Oxford Circus,THU,13:15-13:30,13:15,0.24,11:45-13:45,15:45-17:45
940GZZLUOXC,Oxford Circus,THU,13:30-13:45,13:30,0.24,11:45-13:45,15:45-17:45
940GZZLUOXC,Oxford Circus,THU,13:45-14:00,13:45,0.24,11:45-13:45,15:45-17:45
940GZZLUOXC,Oxford Circus,THU,14:00-14:15,14:00,0.24,11:45-13:45,15:45-17:45
940GZZLUOXC,Oxford Circus,THU,14:15-14:30,14:15,0.25,11:45-13:45,15:45-17:45
940GZZLUOXC,Oxford Circus,THU,14:30-14:45,14:30,0.25,11:45-13:45,15:45-17:45
940GZZLUOXC,Oxford Circus,THU,14:45-15:00,14:45,0.25,11:45-13:45,15:45-17:45
940GZZLUOXC,Oxford Circus,THU,15:00-15:15,15:00,0.26,11:45-13:45,15:45-17:45
940GZZLUOXC,Oxford Circus,THU,15:15-15:30,15:15,0.26,11:45-13:45,15:45-17:45
940GZZLUOXC,Oxford Circus,THU,15:30-15:45,15:30,0.27,11:45-13:45,15:45-17:45
940GZZLUOXC,Oxford Circus,THU,15:45-16:00,15:45,0.29,11:45-13:45,15:45-17:45
940GZZLUOXC,Oxford Circus,THU,16:00-16:15,16:00,0.31,11:45-13:45,15:45-17:45
940GZZLUOXC,Oxford Circus,THU,16:15-16:30,16:15,0.34,11:45-13:45,15:45-17:45
940GZZLUOXC,Oxford Circus,THU,16:30-16:45,16:30,0.37,11:45-13:45,15:45-17:45
940GZZLUOXC,Oxford Circus,THU,16:45-17:00,16:45,0.39,11:45-13:45,15:45-17:45
940GZZLUOXC,Oxford Circus,THU,17:00-17:15,17:00,0.38,11:45-13:45,15:45-17:45
940GZZLUOXC,Oxford Circus,THU,17:15-17:30,17:15,0.35,11:45-13:45,15:45-17:45
940GZZLUOXC,Oxford Circus,THU,17:30-17:45,17:30,0.3,11:45-13:45,15:45-17:45
940GZZLUOXC,Oxford Circus,THU,17:45-18:00,17:45,0.24,11:45-13:45,15:45-17:45
940GZZLUOXC,Oxford Circus,THU,18:00-18:15,18:00,0.17,11:45-13:45,15:45-17:45
940GZZLUOXC,Oxford Circus,THU,18:15-18:30,18:15,0.12,11:45-13:45,15:45-17:45
940GZZLUOXC,Oxford Circus,THU,18:30-18:45,18:30,0.08,11:45-13:45,15:45-17:45
940GZZLUOXC,Oxford Circus,THU,18:45-19:00,18:45,0.05,11:45-13:45,15:45-17:45
940GZZLUOXC,Oxford Circus,THU,19:00-19:15,19:00,0.04,11:45-13:45,15:45-17:45
940GZZLUOXC,Oxford Circus,THU,19:15-19:30,19:15,0.05,11:45-13:45,15:45-17:45
940GZZLUOXC,Oxford Circus,THU,19:30-19:45,19:30,0.08,11:45-13:45,15:45-17:45
940GZZLUOXC,Oxford Circus,THU,19:45-20:00,19:45,0.11,11:45-13:45,15:45-17:45
940GZZLUOXC,Oxford Circus,THU,20:00-20:15,20:00,0.15,11:45-13:45,15:45-17:45
940GZZLUOXC,Oxford Circus,THU,20:15-20:30,20:15,0.18,11:45-13:45,15:45-17:45
940GZZLUOXC,Oxford Circus,THU,20:30-20:45,20:30,0.2,11:45-13:45,15:45-17:45
940GZZLUOXC,Oxford Circus,THU,20:45-21:00,20:45,0.21,11:45-13:45,15:45-17:45
940GZZLUOXC,Oxford Circus,THU,21:00-21:15,21:00,0.21,11:45-13:45,15:45-17:45
940GZZLUOXC,Oxford Circus,THU,21:15-21:30,21:15,0.2,11:45-13:45,15:45-17:45
940GZZLUOXC,Oxford Circus,THU,21:30-21:45,21:30,0.19,11:45-13:45,15:45-17:45
940GZZLUOXC,Oxford Circus,THU,21:45-22:00,21:45,0.19,11:45-13:45,15:45-17:45
940GZZLUOXC,Oxford Circus,THU,22:00-22:15,22:00,0.19,11:45-13:45,15:45-17:45
940GZZLUOXC,Oxford Circus,THU,22:15-22:30,22:15,0.19,11:45-13:45,15:45-17:45
940GZZLUOXC,Oxford Circus,THU,22:30-22:45,22:30,0.18,11:45-13:45,15:45-17:45
940GZZLUOXC,Oxford Circus,THU,22:45-23:00,22:45,0.17,11:45-13:45,15:45-17:45
940GZZLUOXC,Oxford Circus,THU,23:00-23:15,23:00,0.16,11:45-13:45,15:45-17:45
940GZZLUOXC,Oxford Circus,THU,23:15-23:30,23:15,0.14,11:45-13:45,15:45-17:45
940GZZLUOXC,Oxford Circus,THU,23:30-23:45,23:30,0.11,11:45-13:45,15:45-17:45
940GZZLUOXC,Oxford Circus,THU,23:45-00:00,23:45,0.08,11:45-13:45,15:45-17:45
940GZZLULSQ,Leicester Square,SUN,00:00-00:15,00:00,0,11:45-13:45,16:45-18:45
940GZZLULSQ,Leicester Square,SUN,00:15-00:30,00:15,0.01,11:45-13:45,16:45-18:45
940GZZLULSQ,Leicester Square,SUN,00:30-00:45,00:30,0.03,11:45-13:45,16:45-18:45
940GZZLULSQ,Leicester Square,SUN,00:45-01:00,00:45,0.05,11:45-13:45,16:45-18:45
940GZZLULSQ,Leicester Square,SUN,01:00-01:15,01:00,0.06,11:45-13:45,16:45-18:45
940GZZLULSQ,Leicester Square,SUN,01:15-01:30,01:15,0.07,11:45-13:45,16:45-18:45
940GZZLULSQ,Leicester Square,SUN,01:30-01:45,01:30,0.08,11:45-13:45,16:45-18:45
940GZZLULSQ,Leicester Square,SUN,01:45-02:00,01:45,0.08,11:45-13:45,16:45-18:45
940GZZLULSQ,Leicester Square,SUN,02:00-02:15,02:00,0.08,11:45-13:45,16:45-18:45
940GZZLULSQ,Leicester Square,SUN,02:15-02:30,02:15,0.08,11:45-13:45,16:45-18:45
940GZZLULSQ,Leicester Square,SUN,02:30-02:45,02:30,0.08,11:45-13:45,16:45-18:45
940GZZLULSQ,Leicester Square,SUN,02:45-03:00,02:45,0.08,11:45-13:45,16:45-18:45
940GZZLULSQ,Leicester Square,SUN,03:00-03:15,03:00,0.07,11:45-13:45,16:45-18:45
940GZZLULSQ,Leicester Square,SUN,03:15-03:30,03:15,0.06,11:45-13:45,16:45-18:45
940GZZLULSQ,Leicester Square,SUN,03:30-03:45,03:30,0.05,11:45-13:45,16:45-18:45
940GZZLULSQ,Leicester Square,SUN,03:45-04:00,03:45,0.04,11:45-13:45,16:45-18:45
940GZZLULSQ,Leicester Square,SUN,04:00-04:15,04:00,0.04,11:45-13:45,16:45-18:45
940GZZLULSQ,Leicester Square,SUN,04:15-04:30,04:15,0.03,11:45-13:45,16:45-18:45
940GZZLULSQ,Leicester Square,SUN,04:30-04:45,04:30,0.03,11:45-13:45,16:45-18:45
940GZZLULSQ,Leicester Square,SUN,04:45-05:00,04:45,0.02,11:45-13:45,16:45-18:45
940GZZLULSQ,Leicester Square,SUN,05:00-05:15,05:00,0.02,11:45-13:45,16:45-18:45
940GZZLULSQ,Leicester Square,SUN,05:15-05:30,05:15,0.02,11:45-13:45,16:45-18:45
940GZZLULSQ,Leicester Square,SUN,05:30-05:45,05:30,0.02,11:45-13:45,16:45-18:45
940GZZLULSQ,Leicester Square,SUN,05:45-06:00,05:45,0.02,11:45-13:45,16:45-18:45
940GZZLULSQ,Leicester Square,SUN,06:00-06:15,06:00,0.02,11:45-13:45,16:45-18:45
940GZZLULSQ,Leicester Square,SUN,06:15-06:30,06:15,0.03,11:45-13:45,16:45-18:45
940GZZLULSQ,Leicester Square,SUN,06:30-06:45,06:30,0.03,11:45-13:45,16:45-18:45
940GZZLULSQ,Leicester Square,SUN,06:45-07:00,06:45,0.03,11:45-13:45,16:45-18:45
940GZZLULSQ,Leicester Square,SUN,07:00-07:15,07:00,0.03,11:45-13:45,16:45-18:45
940GZZLULSQ,Leicester Square,SUN,07:15-07:30,07:15,0.03,11:45-13:45,16:45-18:45
940GZZLULSQ,Leicester Square,SUN,07:30-07:45,07:30,0.04,11:45-13:45,16:45-18:45
940GZZLULSQ,Leicester Square,SUN,07:45-08:00,07:45,0.04,11:45-13:45,16:45-18:45
940GZZLULSQ,Leicester Square,SUN,08:00-08:15,08:00,0.04,11:45-13:45,16:45-18:45
940GZZLULSQ,Leicester Square,SUN,08:15-08:30,08:15,0.05,11:45-13:45,16:45-18:45
940GZZLULSQ,Leicester Square,SUN,08:30-08:45,08:30,0.05,11:45-13:45,16:45-18:45
940GZZLULSQ,Leicester Square,SUN,08:45-09:00,08:45,0.06,11:45-13:45,16:45-18:45
940GZZLULSQ,Leicester Square,SUN,09:00-09:15,09:00,0.06,11:45-13:45,16:45-18:45
940GZZLULSQ,Leicester Square,SUN,09:15-09:30,09:15,0.07,11:45-13:45,16:45-18:45
940GZZLULSQ,Leicester Square,SUN,09:30-09:45,09:30,0.08,11:45-13:45,16:45-18:45
940GZZLULSQ,Leicester Square,SUN,09:45-10:00,09:45,0.09,11:45-13:45,16:45-18:45
940GZZLULSQ,Leicester Square,SUN,10:00-10:15,10:00,0.11,11:45-13:45,16:45-18:45
940GZZLULSQ,Leicester Square,SUN,10:15-10:30,10:15,0.12,11:45-13:45,16:45-18:45
940GZZLULSQ,Leicester Square,SUN,10:30-10:45,10:30,0.13,11:45-13:45,16:45-18:45
940GZZLULSQ,Leicester Square,SUN,10:45-11:00,10:45,0.15,11:45-13:45,16:45-18:45
940GZZLULSQ,Leicester Square,SUN,11:00-11:15,11:00,0.16,11:45-13:45,16:45-18:45
940GZZLULSQ,Leicester Square,SUN,11:15-11:30,11:15,0.18,11:45-13:45,16:45-18:45
940GZZLULSQ,Leicester Square,SUN,11:30-11:45,11:30,0.19,11:45-13:45,16:45-18:45
940GZZLULSQ,Leicester Square,SUN,11:45-12:00,11:45,0.2,11:45-13:45,16:45-18:45
940GZZLULSQ,Leicester Square,SUN,12:00-12:15,12:00,0.22,11:45-13:45,16:45-18:45
940GZZLULSQ,Leicester Square,SUN,12:15-12:30,12:15,0.23,11:45-13:45,16:45-18:45
940GZZLULSQ,Leicester Square,SUN,12:30-12:45,12:30,0.24,11:45-13:45,16:45-18:45
940GZZLULSQ,Leicester Square,SUN,12:45-13:00,12:45,0.25,11:45-13:45,16:45-18:45
940GZZLULSQ,Leicester Square,SUN,13:00-13:15,13:00,0.26,11:45-13:45,16:45-18:45
940GZZLULSQ,Leicester Square,SUN,13:15-13:30,13:15,0.27,11:45-13:45,16:45-18:45
940GZZLULSQ,Leicester Square,SUN,13:30-13:45,13:30,0.27,11:45-13:45,16:45-18:45
940GZZLULSQ,Leicester Square,SUN,13:45-14:00,13:45,0.28,11:45-13:45,16:45-18:45
940GZZLULSQ,Leicester Square,SUN,14:00-14:15,14:00,0.28,11:45-13:45,16:45-18:45
940GZZLULSQ,Leicester Square,SUN,14:15-14:30,14:15,0.28,11:45-13:45,16:45-18:45
940GZZLULSQ,Leicester Square,SUN,14:30-14:45,14:30,0.28,11:45-13:45,16:45-18:45
940GZZLULSQ,Leicester Square,SUN,14:45-15:00,14:45,0.28,11:45-13:45,16:45-18:45
940GZZLULSQ,Leicester Square,SUN,15:00-15:15,15:00,0.28,11:45-13:45,16:45-18:45
940GZZLULSQ,Leicester Square,SUN,15:15-15:30,15:15,0.28,11:45-13:45,16:45-18:45
940GZZLULSQ,Leicester Square,SUN,15:30-15:45,15:30,0.28,11:45-13:45,16:45-18:45
940GZZLULSQ,Leicester Square,SUN,15:45-16:00,15:45,0.29,11:45-13:45,16:45-18:45
940GZZLULSQ,Leicester Square,SUN,16:00-16:15,16:00,0.29,11:45-13:45,16:45-18:45
940GZZLULSQ,Leicester Square,SUN,16:15-16:30,16:15,0.29,11:45-13:45,16:45-18:45
940GZZLULSQ,Leicester Square,SUN,16:30-16:45,16:30,0.3,11:45-13:45,16:45-18:45
940GZZLULSQ,Leicester Square,SUN,16:45-17:00,16:45,0.3,11:45-13:45,16:45-18:45
940GZZLULSQ,Leicester Square,SUN,17:00-17:15,17:00,0.31,11:45-13:45,16:45-18:45
940GZZLULSQ,Leicester Square,SUN,17:15-17:30,17:15,0.31,11:45-13:45,16:45-18:45
940GZZLULSQ,Leicester Square,SUN,17:30-17:45,17:30,0.31,11:45-13:45,16:45-18:45
940GZZLULSQ,Leicester Square,SUN,17:45-18:00,17:45,0.31,11:45-13:45,16:45-18:45
940GZZLULSQ,Leicester Square,SUN,18:00-18:15,18:00,0.31,11:45-13:45,16:45-18:45
940GZZLULSQ,Leicester Square,SUN,18:15-18:30,18:15,0.31,11:45-13:45,16:45-18:45
940GZZLULSQ,Leicester Square,SUN,18:30-18:45,18:30,0.3,11:45-13:45,16:45-18:45
940GZZLULSQ,Leicester Square,SUN,18:45-19:00,18:45,0.29,11:45-13:45,16:45-18:45
940GZZLULSQ,Leicester Square,SUN,19:00-19:15,19:00,0.28,11:45-13:45,16:45-18:45
940GZZLULSQ,Leicester Square,SUN,19:15-19:30,19:15,0.26,11:45-13:45,16:45-18:45
940GZZLULSQ,Leicester Square,SUN,19:30-19:45,19:30,0.25,11:45-13:45,16:45-18:45
940GZZLULSQ,Leicester Square,SUN,19:45-20:00,19:45,0.23,11:45-13:45,16:45-18:45
940GZZLULSQ,Leicester Square,SUN,20:00-20:15,20:00,0.21,11:45-13:45,16:45-18:45
940GZZLULSQ,Leicester Square,SUN,20:15-20:30,20:15,0.2,11:45-13:45,16:45-18:45
940GZZLULSQ,Leicester Square,SUN,20:30-20:45,20:30,0.18,11:45-13:45,16:45-18:45
940GZZLULSQ,Leicester Square,SUN,20:45-21:00,20:45,0.17,11:45-13:45,16:45-18:45
940GZZLULSQ,Leicester Square,SUN,21:00-21:15,21:00,0.16,11:45-13:45,16:45-18:45
940GZZLULSQ,Leicester Square,SUN,21:15-21:30,21:15,0.15,11:45-13:45,16:45-18:45
940GZZLULSQ,Leicester Square,SUN,21:30-21:45,21:30,0.15,11:45-13:45,16:45-18:45
940GZZLULSQ,Leicester Square,SUN,21:45-22:00,21:45,0.14,11:45-13:45,16:45-18:45
940GZZLULSQ,Leicester Square,SUN,22:00-22:15,22:00,0.13,11:45-13:45,16:45-18:45
940GZZLULSQ,Leicester Square,SUN,22:15-22:30,22:15,0.13,11:45-13:45,16:45-18:45
940GZZLULSQ,Leicester Square,SUN,22:30-22:45,22:30,0.12,11:45-13:45,16:45-18:45
940GZZLULSQ,Leicester Square,SUN,22:45-23:00,22:45,0.11,11:45-13:45,16:45-18:45
940GZZLULSQ,Leicester Square,SUN,23:00-23:15,23:00,0.1,11:45-13:45,16:45-18:45
940GZZLULSQ,Leicester Square,SUN,23:15-23:30,23:15,0.09,11:45-13:45,16:45-18:45
940GZZLULSQ,Leicester Square,SUN,23:30-23:45,23:30,0.07,11:45-13:45,16:45-18:45
940GZZLULSQ,Leicester Square,SUN,23:45-00:00,23:45,0.05,11:45-13:45,16:45-18:45
940GZZLULSQ,Leicester Square,SAT,00:00-00:15,00:00,0.23,11:45-13:45,17:15-19:15
940GZZLULSQ,Leicester Square,SAT,00:15-00:30,00:15,0.2,11:45-13:45,17:15-19:15
940GZZLULSQ,Leicester Square,SAT,00:30-00:45,00:30,0.17,11:45-13:45,17:15-19:15
940GZZLULSQ,Leicester Square,SAT,00:45-01:00,00:45,0.14,11:45-13:45,17:15-19:15
940GZZLULSQ,Leicester Square,SAT,01:00-01:15,01:00,0.12,11:45-13:45,17:15-19:15
940GZZLULSQ,Leicester Square,SAT,01:15-01:30,01:15,0.1,11:45-13:45,17:15-19:15
940GZZLULSQ,Leicester Square,SAT,01:30-01:45,01:30,0.09,11:45-13:45,17:15-19:15
940GZZLULSQ,Leicester Square,SAT,01:45-02:00,01:45,0.08,11:45-13:45,17:15-19:15
940GZZLULSQ,Leicester Square,SAT,02:00-02:15,02:00,0.07,11:45-13:45,17:15-19:15
940GZZLULSQ,Leicester Square,SAT,02:15-02:30,02:15,0.06,11:45-13:45,17:15-19:15
940GZZLULSQ,Leicester Square,SAT,02:30-02:45,02:30,0.05,11:45-13:45,17:15-19:15
940GZZLULSQ,Leicester Square,SAT,02:45-03:00,02:45,0.05,11:45-13:45,17:15-19:15
940GZZLULSQ,Leicester Square,SAT,03:00-03:15,03:00,0.04,11:45-13:45,17:15-19:15
940GZZLULSQ,Leicester Square,SAT,03:15-03:30,03:15,0.04,11:45-13:45,17:15-19:15
940GZZLULSQ,Leicester Square,SAT,03:30-03:45,03:30,0.04,11:45-13:45,17:15-19:15
940GZZLULSQ,Leicester Square,SAT,03:45-04:00,03:45,0.03,11:45-13:45,17:15-19:15
940GZZLULSQ,Leicester Square,SAT,04:00-04:15,04:00,0.03,11:45-13:45,17:15-19:15
940GZZLULSQ,Leicester Square,SAT,04:15-04:30,04:15,0.03,11:45-13:45,17:15-19:15
940GZZLULSQ,Leicester Square,SAT,04:30-04:45,04:30,0.02,11:45-13:45,17:15-19:15
940GZZLULSQ,Leicester Square,SAT,04:45-05:00,04:45,0.02,11:45-13:45,17:15-19:15
940GZZLULSQ,Leicester Square,SAT,05:00-05:15,05:00,0.02,11:45-13:45,17:15-19:15
940GZZLULSQ,Leicester Square,SAT,05:15-05:30,05:15,0.02,11:45-13:45,17:15-19:15
940GZZLULSQ,Leicester Square,SAT,05:30-05:45,05:30,0.02,11:45-13:45,17:15-19:15
940GZZLULSQ,Leicester Square,SAT,05:45-06:00,05:45,0.02,11:45-13:45,17:15-19:15
940GZZLULSQ,Leicester Square,SAT,06:00-06:15,06:00,0.02,11:45-13:45,17:15-19:15
940GZZLULSQ,Leicester Square,SAT,06:15-06:30,06:15,0.03,11:45-13:45,17:15-19:15
940GZZLULSQ,Leicester Square,SAT,06:30-06:45,06:30,0.03,11:45-13:45,17:15-19:15
940GZZLULSQ,Leicester Square,SAT,06:45-07:00,06:45,0.03,11:45-13:45,17:15-19:15
940GZZLULSQ,Leicester Square,SAT,07:00-07:15,07:00,0.04,11:45-13:45,17:15-19:15
940GZZLULSQ,Leicester Square,SAT,07:15-07:30,07:15,0.04,11:45-13:45,17:15-19:15
940GZZLULSQ,Leicester Square,SAT,07:30-07:45,07:30,0.05,11:45-13:45,17:15-19:15
940GZZLULSQ,Leicester Square,SAT,07:45-08:00,07:45,0.05,11:45-13:45,17:15-19:15
940GZZLULSQ,Leicester Square,SAT,08:00-08:15,08:00,0.06,11:45-13:45,17:15-19:15
940GZZLULSQ,Leicester Square,SAT,08:15-08:30,08:15,0.06,11:45-13:45,17:15-19:15
940GZZLULSQ,Leicester Square,SAT,08:30-08:45,08:30,0.07,11:45-13:45,17:15-19:15
940GZZLULSQ,Leicester Square,SAT,08:45-09:00,08:45,0.08,11:45-13:45,17:15-19:15
940GZZLULSQ,Leicester Square,SAT,09:00-09:15,09:00,0.09,11:45-13:45,17:15-19:15
940GZZLULSQ,Leicester Square,SAT,09:15-09:30,09:15,0.1,11:45-13:45,17:15-19:15
940GZZLULSQ,Leicester Square,SAT,09:30-09:45,09:30,0.1,11:45-13:45,17:15-19:15
940GZZLULSQ,Leicester Square,SAT,09:45-10:00,09:45,0.11,11:45-13:45,17:15-19:15
940GZZLULSQ,Leicester Square,SAT,10:00-10:15,10:00,0.13,11:45-13:45,17:15-19:15
940GZZLULSQ,Leicester Square,SAT,10:15-10:30,10:15,0.14,11:45-13:45,17:15-19:15
940GZZLULSQ,Leicester Square,SAT,10:30-10:45,10:30,0.16,11:45-13:45,17:15-19:15
940GZZLULSQ,Leicester Square,SAT,10:45-11:00,10:45,0.18,11:45-13:45,17:15-19:15
940GZZLULSQ,Leicester Square,SAT,11:00-11:15,11:00,0.19,11:45-13:45,17:15-19:15
940GZZLULSQ,Leicester Square,SAT,11:15-11:30,11:15,0.22,11:45-13:45,17:15-19:15
940GZZLULSQ,Leicester Square,SAT,11:30-11:45,11:30,0.24,11:45-13:45,17:15-19:15
940GZZLULSQ,Leicester Square,SAT,11:45-12:00,11:45,0.26,11:45-13:45,17:15-19:15
940GZZLULSQ,Leicester Square,SAT,12:00-12:15,12:00,0.28,11:45-13:45,17:15-19:15
940GZZLULSQ,Leicester Square,SAT,12:15-12:30,12:15,0.3,11:45-13:45,17:15-19:15
940GZZLULSQ,Leicester Square,SAT,12:30-12:45,12:30,0.32,11:45-13:45,17:15-19:15
940GZZLULSQ,Leicester Square,SAT,12:45-13:00,12:45,0.34,11:45-13:45,17:15-19:15
940GZZLULSQ,Leicester Square,SAT,13:00-13:15,13:00,0.35,11:45-13:45,17:15-19:15
940GZZLULSQ,Leicester Square,SAT,13:15-13:30,13:15,0.37,11:45-13:45,17:15-19:15
940GZZLULSQ,Leicester Square,SAT,13:30-13:45,13:30,0.38,11:45-13:45,17:15-19:15
940GZZLULSQ,Leicester Square,SAT,13:45-14:00,13:45,0.38,11:45-13:45,17:15-19:15
940GZZLULSQ,Leicester Square,SAT,14:00-14:15,14:00,0.38,11:45-13:45,17:15-19:15
940GZZLULSQ,Leicester Square,SAT,14:15-14:30,14:15,0.38,11:45-13:45,17:15-19:15
940GZZLULSQ,Leicester Square,SAT,14:30-14:45,14:30,0.38,11:45-13:45,17:15-19:15
940GZZLULSQ,Leicester Square,SAT,14:45-15:00,14:45,0.38,11:45-13:45,17:15-19:15
940GZZLULSQ,Leicester Square,SAT,15:00-15:15,15:00,0.38,11:45-13:45,17:15-19:15
940GZZLULSQ,Leicester Square,SAT,15:15-15:30,15:15,0.38,11:45-13:45,17:15-19:15
940GZZLULSQ,Leicester Square,SAT,15:30-15:45,15:30,0.39,11:45-13:45,17:15-19:15
940GZZLULSQ,Leicester Square,SAT,15:45-16:00,15:45,0.4,11:45-13:45,17:15-19:15
940GZZLULSQ,Leicester Square,SAT,16:00-16:15,16:00,0.41,11:45-13:45,17:15-19:15
940GZZLULSQ,Leicester Square,SAT,16:15-16:30,16:15,0.42,11:45-13:45,17:15-19:15
940GZZLULSQ,Leicester Square,SAT,16:30-16:45,16:30,0.44,11:45-13:45,17:15-19:15
940GZZLULSQ,Leicester Square,SAT,16:45-17:00,16:45,0.45,11:45-13:45,17:15-19:15
940GZZLULSQ,Leicester Square,SAT,17:00-17:15,17:00,0.47,11:45-13:45,17:15-19:15
940GZZLULSQ,Leicester Square,SAT,17:15-17:30,17:15,0.48,11:45-13:45,17:15-19:15
940GZZLULSQ,Leicester Square,SAT,17:30-17:45,17:30,0.49,11:45-13:45,17:15-19:15
940GZZLULSQ,Leicester Square,SAT,17:45-18:00,17:45,0.5,11:45-13:45,17:15-19:15
940GZZLULSQ,Leicester Square,SAT,18:00-18:15,18:00,0.5,11:45-13:45,17:15-19:15
940GZZLULSQ,Leicester Square,SAT,18:15-18:30,18:15,0.5,11:45-13:45,17:15-19:15
940GZZLULSQ,Leicester Square,SAT,18:30-18:45,18:30,0.49,11:45-13:45,17:15-19:15
940GZZLULSQ,Leicester Square,SAT,18:45-19:00,18:45,0.48,11:45-13:45,17:15-19:15
940GZZLULSQ,Leicester Square,SAT,19:00-19:15,19:00,0.47,11:45-13:45,17:15-19:15
940GZZLULSQ,Leicester Square,SAT,19:15-19:30,19:15,0.45,11:45-13:45,17:15-19:15
940GZZLULSQ,Leicester Square,SAT,19:30-19:45,19:30,0.43,11:45-13:45,17:15-19:15
940GZZLULSQ,Leicester Square,SAT,19:45-20:00,19:45,0.41,11:45-13:45,17:15-19:15
940GZZLULSQ,Leicester Square,SAT,20:00-20:15,20:00,0.39,11:45-13:45,17:15-19:15
940GZZLULSQ,Leicester Square,SAT,20:15-20:30,20:15,0.37,11:45-13:45,17:15-19:15
940GZZLULSQ,Leicester Square,SAT,20:30-20:45,20:30,0.36,11:45-13:45,17:15-19:15
940GZZLULSQ,Leicester Square,SAT,20:45-21:00,20:45,0.36,11:45-13:45,17:15-19:15
940GZZLULSQ,Leicester Square,SAT,21:00-21:15,21:00,0.36,11:45-13:45,17:15-19:15
940GZZLULSQ,Leicester Square,SAT,21:15-21:30,21:15,0.36,11:45-13:45,17:15-19:15
940GZZLULSQ,Leicester Square,SAT,21:30-21:45,21:30,0.37,11:45-13:45,17:15-19:15
940GZZLULSQ,Leicester Square,SAT,21:45-22:00,21:45,0.38,11:45-13:45,17:15-19:15
940GZZLULSQ,Leicester Square,SAT,22:00-22:15,22:00,0.39,11:45-13:45,17:15-19:15
940GZZLULSQ,Leicester Square,SAT,22:15-22:30,22:15,0.39,11:45-13:45,17:15-19:15
940GZZLULSQ,Leicester Square,SAT,22:30-22:45,22:30,0.4,11:45-13:45,17:15-19:15
940GZZLULSQ,Leicester Square,SAT,22:45-23:00,22:45,0.39,11:45-13:45,17:15-19:15
940GZZLULSQ,Leicester Square,SAT,23:00-23:15,23:00,0.38,11:45-13:45,17:15-19:15
940GZZLULSQ,Leicester Square,SAT,23:15-23:30,23:15,0.36,11:45-13:45,17:15-19:15
940GZZLULSQ,Leicester Square,SAT,23:30-23:45,23:30,0.32,11:45-13:45,17:15-19:15
940GZZLULSQ,Leicester Square,SAT,23:45-00:00,23:45,0.27,11:45-13:45,17:15-19:15
940GZZLULSQ,Leicester Square,THU,00:00-00:15,00:00,0.12,08:15-10:15,17:15-19:15
940GZZLULSQ,Leicester Square,THU,00:15-00:30,00:15,0.09,08:15-10:15,17:15-19:15
940GZZLULSQ,Leicester Square,THU,00:30-00:45,00:30,0.06,08:15-10:15,17:15-19:15
940GZZLULSQ,Leicester Square,THU,00:45-01:00,00:45,0.04,08:15-10:15,17:15-19:15
940GZZLULSQ,Leicester Square,THU,01:00-01:15,01:00,0.02,08:15-10:15,17:15-19:15
940GZZLULSQ,Leicester Square,THU,01:15-01:30,01:15,0.01,08:15-10:15,17:15-19:15
940GZZLULSQ,Leicester Square,THU,01:30-01:45,01:30,0,08:15-10:15,17:15-19:15
940GZZLULSQ,Leicester Square,THU,01:45-02:00,01:45,0,08:15-10:15,17:15-19:15
940GZZLULSQ,Leicester Square,THU,02:00-02:15,02:00,0,08:15-10:15,17:15-19:15
940GZZLULSQ,Leicester Square,THU,02:15-02:30,02:15,0,08:15-10:15,17:15-19:15
940GZZLULSQ,Leicester Square,THU,02:30-02:45,02:30,0,08:15-10:15,17:15-19:15
940GZZLULSQ,Leicester Square,THU,02:45-03:00,02:45,0,08:15-10:15,17:15-19:15
940GZZLULSQ,Leicester Square,THU,03:00-03:15,03:00,0,08:15-10:15,17:15-19:15
940GZZLULSQ,Leicester Square,THU,03:15-03:30,03:15,0,08:15-10:15,17:15-19:15
940GZZLULSQ,Leicester Square,THU,03:30-03:45,03:30,0,08:15-10:15,17:15-19:15
940GZZLULSQ,Leicester Square,THU,03:45-04:00,03:45,0,08:15-10:15,17:15-19:15
940GZZLULSQ,Leicester Square,THU,04:00-04:15,04:00,0,08:15-10:15,17:15-19:15
940GZZLULSQ,Leicester Square,THU,04:15-04:30,04:15,0,08:15-10:15,17:15-19:15
940GZZLULSQ,Leicester Square,THU,04:30-04:45,04:30,0,08:15-10:15,17:15-19:15
940GZZLULSQ,Leicester Square,THU,04:45-05:00,04:45,0,08:15-10:15,17:15-19:15
940GZZLULSQ,Leicester Square,THU,05:00-05:15,05:00,0,08:15-10:15,17:15-19:15
940GZZLULSQ,Leicester Square,THU,05:15-05:30,05:15,0,08:15-10:15,17:15-19:15
940GZZLULSQ,Leicester Square,THU,05:30-05:45,05:30,0.01,08:15-10:15,17:15-19:15
940GZZLULSQ,Leicester Square,THU,05:45-06:00,05:45,0.02,08:15-10:15,17:15-19:15
940GZZLULSQ,Leicester Square,THU,06:00-06:15,06:00,0.03,08:15-10:15,17:15-19:15
940GZZLULSQ,Leicester Square,THU,06:15-06:30,06:15,0.04,08:15-10:15,17:15-19:15
940GZZLULSQ,Leicester Square,THU,06:30-06:45,06:30,0.05,08:15-10:15,17:15-19:15
940GZZLULSQ,Leicester Square,THU,06:45-07:00,06:45,0.06,08:15-10:15,17:15-19:15
940GZZLULSQ,Leicester Square,THU,07:00-07:15,07:00,0.08,08:15-10:15,17:15-19:15
940GZZLULSQ,Leicester Square,THU,07:15-07:30,07:15,0.09,08:15-10:15,17:15-19:15
940GZZLULSQ,Leicester Square,THU,07:30-07:45,07:30,0.11,08:15-10:15,17:15-19:15
940GZZLULSQ,Leicester Square,THU,07:45-08:00,07:45,0.14,08:15-10:15,17:15-19:15
940GZZLULSQ,Leicester Square,THU,08:00-08:15,08:00,0.18,08:15-10:15,17:15-19:15
940GZZLULSQ,Leicester Square,THU,08:15-08:30,08:15,0.25,08:15-10:15,17:15-19:15
940GZZLULSQ,Leicester Square,THU,08:30-08:45,08:30,0.31,08:15-10:15,17:15-19:15
940GZZLULSQ,Leicester Square,THU,08:45-09:00,08:45,0.35,08:15-10:15,17:15-19:15
940GZZLULSQ,Leicester Square,THU,09:00-09:15,09:00,0.37,08:15-10:15,17:15-19:15
940GZZLULSQ,Leicester Square,THU,09:15-09:30,09:15,0.35,08:15-10:15,17:15-19:15
940GZZLULSQ,Leicester Square,THU,09:30-09:45,09:30,0.3,08:15-10:15,17:15-19:15
940GZZLULSQ,Leicester Square,THU,09:45-10:00,09:45,0.25,08:15-10:15,17:15-19:15
940GZZLULSQ,Leicester Square,THU,10:00-10:15,10:00,0.21,08:15-10:15,17:15-19:15
940GZZLULSQ,Leicester Square,THU,10:15-10:30,10:15,0.19,08:15-10:15,17:15-19:15
940GZZLULSQ,Leicester Square,THU,10:30-10:45,10:30,0.18,08:15-10:15,17:15-19:15
940GZZLULSQ,Leicester Square,THU,10:45-11:00,10:45,0.17,08:15-10:15,17:15-19:15
940GZZLULSQ,Leicester Square,THU,11:00-11:15,11:00,0.17,08:15-10:15,17:15-19:15
940GZZLULSQ,Leicester Square,THU,11:15-11:30,11:15,0.18,08:15-10:15,17:15-19:15
940GZZLULSQ,Leicester Square,THU,11:30-11:45,11:30,0.18,08:15-10:15,17:15-19:15
940GZZLULSQ,Leicester Square,THU,11:45-12:00,11:45,0.19,08:15-10:15,17:15-19:15
940GZZLULSQ,Leicester Square,THU,12:00-12:15,12:00,0.2,08:15-10:15,17:15-19:15
940GZZLULSQ,Leicester Square,THU,12:15-12:30,12:15,0.21,08:15-10:15,17:15-19:15
940GZZLULSQ,Leicester Square,THU,12:30-12:45,12:30,0.22,08:15-10:15,17:15-19:15
940GZZLULSQ,Leicester Square,THU,12:45-13:00,12:45,0.21,08:15-10:15,17:15-19:15
940GZZLULSQ,Leicester Square,THU,13:00-13:15,13:00,0.21,08:15-10:15,17:15-19:15
940GZZLULSQ,Leicester Square,THU,13:15-13:30,13:15,0.22,08:15-10:15,17:15-19:15
940GZZLULSQ,Leicester Square,THU,13:30-13:45,13:30,0.22,08:15-10:15,17:15-19:15
940GZZLULSQ,Leicester Square,THU,13:45-14:00,13:45,0.23,08:15-10:15,17:15-19:15
940GZZLULSQ,Leicester Square,THU,14:00-14:15,14:00,0.23,08:15-10:15,17:15-19:15
940GZZLULSQ,Leicester Square,THU,14:15-14:30,14:15,0.23,08:15-10:15,17:15-19:15
940GZZLULSQ,Leicester Square,THU,14:30-14:45,14:30,0.23,08:15-10:15,17:15-19:15
940GZZLULSQ,Leicester Square,THU,14:45-15:00,14:45,0.23,08:15-10:15,17:15-19:15
940GZZLULSQ,Leicester Square,THU,15:00-15:15,15:00,0.23,08:15-10:15,17:15-19:15
940GZZLULSQ,Leicester Square,THU,15:15-15:30,15:15,0.24,08:15-10:15,17:15-19:15
940GZZLULSQ,Leicester Square,THU,15:30-15:45,15:30,0.24,08:15-10:15,17:15-19:15
940GZZLULSQ,Leicester Square,THU,15:45-16:00,15:45,0.26,08:15-10:15,17:15-19:15
940GZZLULSQ,Leicester Square,THU,16:00-16:15,16:00,0.27,08:15-10:15,17:15-19:15
940GZZLULSQ,Leicester Square,THU,16:15-16:30,16:15,0.28,08:15-10:15,17:15-19:15
940GZZLULSQ,Leicester Square,THU,16:30-16:45,16:30,0.29,08:15-10:15,17:15-19:15
940GZZLULSQ,Leicester Square,THU,16:45-17:00,16:45,0.31,08:15-10:15,17:15-19:15
940GZZLULSQ,Leicester Square,THU,17:00-17:15,17:00,0.35,08:15-10:15,17:15-19:15
940GZZLULSQ,Leicester Square,THU,17:15-17:30,17:15,0.4,08:15-10:15,17:15-19:15
940GZZLULSQ,Leicester Square,THU,17:30-17:45,17:30,0.45,08:15-10:15,17:15-19:15
940GZZLULSQ,Leicester Square,THU,17:45-18:00,17:45,0.49,08:15-10:15,17:15-19:15
940GZZLULSQ,Leicester Square,THU,18:00-18:15,18:00,0.52,08:15-10:15,17:15-19:15
940GZZLULSQ,Leicester Square,THU,18:15-18:30,18:15,0.51,08:15-10:15,17:15-19:15
940GZZLULSQ,Leicester Square,THU,18:30-18:45,18:30,0.48,08:15-10:15,17:15-19:15
940GZZLULSQ,Leicester Square,THU,18:45-19:00,18:45,0.43,08:15-10:15,17:15-19:15
940GZZLULSQ,Leicester Square,THU,19:00-19:15,19:00,0.38,08:15-10:15,17:15-19:15
940GZZLULSQ,Leicester Square,THU,19:15-19:30,19:15,0.33,08:15-10:15,17:15-19:15
940GZZLULSQ,Leicester Square,THU,19:30-19:45,19:30,0.3,08:15-10:15,17:15-19:15
940GZZLULSQ,Leicester Square,THU,19:45-20:00,19:45,0.28,08:15-10:15,17:15-19:15
940GZZLULSQ,Leicester Square,THU,20:00-20:15,20:00,0.27,08:15-10:15,17:15-19:15
940GZZLULSQ,Leicester Square,THU,20:15-20:30,20:15,0.27,08:15-10:15,17:15-19:15
940GZZLULSQ,Leicester Square,THU,20:30-20:45,20:30,0.27,08:15-10:15,17:15-19:15
940GZZLULSQ,Leicester Square,THU,20:45-21:00,20:45,0.27,08:15-10:15,17:15-19:15
940GZZLULSQ,Leicester Square,THU,21:00-21:15,21:00,0.27,08:15-10:15,17:15-19:15
940GZZLULSQ,Leicester Square,THU,21:15-21:30,21:15,0.28,08:15-10:15,17:15-19:15
940GZZLULSQ,Leicester Square,THU,21:30-21:45,21:30,0.29,08:15-10:15,17:15-19:15
940GZZLULSQ,Leicester Square,THU,21:45-22:00,21:45,0.32,08:15-10:15,17:15-19:15
940GZZLULSQ,Leicester Square,THU,22:00-22:15,22:00,0.35,08:15-10:15,17:15-19:15
940GZZLULSQ,Leicester Square,THU,22:15-22:30,22:15,0.37,08:15-10:15,17:15-19:15
940GZZLULSQ,Leicester Square,THU,22:30-22:45,22:30,0.36,08:15-10:15,17:15-19:15
940GZZLULSQ,Leicester Square,THU,22:45-23:00,22:45,0.34,08:15-10:15,17:15-19:15
940GZZLULSQ,Leicester Square,THU,23:00-23:15,23:00,0.31,08:15-10:15,17:15-19:15
940GZZLULSQ,Leicester Square,THU,23:15-23:30,23:15,0.26,08:15-10:15,17:15-19:15
940GZZLULSQ,Leicester Square,THU,23:30-23:45,23:30,0.21,08:15-10:15,17:15-19:15
940GZZLULSQ,Leicester Square,THU,23:45-00:00,23:45,0.13,08:15-10:15,17:15-19:15
940GZZLULSQ,Leicester Square,FRI,00:00-00:15,00:00,0.2,11:45-13:45,17:15-19:15
940GZZLULSQ,Leicester Square,FRI,00:15-00:30,00:15,0.17,11:45-13:45,17:15-19:15
940GZZLULSQ,Leicester Square,FRI,00:30-00:45,00:30,0.13,11:45-13:45,17:15-19:15
940GZZLULSQ,Leicester Square,FRI,00:45-01:00,00:45,0.1,11:45-13:45,17:15-19:15
940GZZLULSQ,Leicester Square,FRI,01:00-01:15,01:00,0.07,11:45-13:45,17:15-19:15
940GZZLULSQ,Leicester Square,FRI,01:15-01:30,01:15,0.04,11:45-13:45,17:15-19:15
940GZZLULSQ,Leicester Square,FRI,01:30-01:45,01:30,0.01,11:45-13:45,17:15-19:15
940GZZLULSQ,Leicester Square,FRI,01:45-02:00,01:45,0,11:45-13:45,17:15-19:15
940GZZLULSQ,Leicester Square,FRI,02:00-02:15,02:00,0,11:45-13:45,17:15-19:15
940GZZLULSQ,Leicester Square,FRI,02:15-02:30,02:15,0,11:45-13:45,17:15-19:15
940GZZLULSQ,Leicester Square,FRI,02:30-02:45,02:30,0,11:45-13:45,17:15-19:15
940GZZLULSQ,Leicester Square,FRI,02:45-03:00,02:45,0,11:45-13:45,17:15-19:15
940GZZLULSQ,Leicester Square,FRI,03:00-03:15,03:00,0,11:45-13:45,17:15-19:15
940GZZLULSQ,Leicester Square,FRI,03:15-03:30,03:15,0,11:45-13:45,17:15-19:15
940GZZLULSQ,Leicester Square,FRI,03:30-03:45,03:30,0,11:45-13:45,17:15-19:15
940GZZLULSQ,Leicester Square,FRI,03:45-04:00,03:45,0,11:45-13:45,17:15-19:15
940GZZLULSQ,Leicester Square,FRI,04:00-04:15,04:00,0,11:45-13:45,17:15-19:15
940GZZLULSQ,Leicester Square,FRI,04:15-04:30,04:15,0,11:45-13:45,17:15-19:15
940GZZLULSQ,Leicester Square,FRI,04:30-04:45,04:30,0,11:45-13:45,17:15-19:15
940GZZLULSQ,Leicester Square,FRI,04:45-05:00,04:45,0,11:45-13:45,17:15-19:15
940GZZLULSQ,Leicester Square,FRI,05:00-05:15,05:00,0,11:45-13:45,17:15-19:15
940GZZLULSQ,Leicester Square,FRI,05:15-05:30,05:15,0,11:45-13:45,17:15-19:15
940GZZLULSQ,Leicester Square,FRI,05:30-05:45,05:30,0.01,11:45-13:45,17:15-19:15
940GZZLULSQ,Leicester Square,FRI,05:45-06:00,05:45,0.02,11:45-13:45,17:15-19:15
940GZZLULSQ,Leicester Square,FRI,06:00-06:15,06:00,0.03,11:45-13:45,17:15-19:15
940GZZLULSQ,Leicester Square,FRI,06:15-06:30,06:15,0.04,11:45-13:45,17:15-19:15
940GZZLULSQ,Leicester Square,FRI,06:30-06:45,06:30,0.05,11:45-13:45,17:15-19:15
940GZZLULSQ,Leicester Square,FRI,06:45-07:00,06:45,0.06,11:45-13:45,17:15-19:15
940GZZLULSQ,Leicester Square,FRI,07:00-07:15,07:00,0.08,11:45-13:45,17:15-19:15
940GZZLULSQ,Leicester Square,FRI,07:15-07:30,07:15,0.09,11:45-13:45,17:15-19:15
940GZZLULSQ,Leicester Square,FRI,07:30-07:45,07:30,0.1,11:45-13:45,17:15-19:15
940GZZLULSQ,Leicester Square,FRI,07:45-08:00,07:45,0.12,11:45-13:45,17:15-19:15
940GZZLULSQ,Leicester Square,FRI,08:00-08:15,08:00,0.14,11:45-13:45,17:15-19:15
940GZZLULSQ,Leicester Square,FRI,08:15-08:30,08:15,0.15,11:45-13:45,17:15-19:15
940GZZLULSQ,Leicester Square,FRI,08:30-08:45,08:30,0.16,11:45-13:45,17:15-19:15
940GZZLULSQ,Leicester Square,FRI,08:45-09:00,08:45,0.17,11:45-13:45,17:15-19:15
940GZZLULSQ,Leicester Square,FRI,09:00-09:15,09:00,0.18,11:45-13:45,17:15-19:15
940GZZLULSQ,Leicester Square,FRI,09:15-09:30,09:15,0.18,11:45-13:45,17:15-19:15
940GZZLULSQ,Leicester Square,FRI,09:30-09:45,09:30,0.18,11:45-13:45,17:15-19:15
940GZZLULSQ,Leicester Square,FRI,09:45-10:00,09:45,0.18,11:45-13:45,17:15-19:15
940GZZLULSQ,Leicester Square,FRI,10:00-10:15,10:00,0.17,11:45-13:45,17:15-19:15
940GZZLULSQ,Leicester Square,FRI,10:15-10:30,10:15,0.17,11:45-13:45,17:15-19:15
940GZZLULSQ,Leicester Square,FRI,10:30-10:45,10:30,0.16,11:45-13:45,17:15-19:15
940GZZLULSQ,Leicester Square,FRI,10:45-11:00,10:45,0.16,11:45-13:45,17:15-19:15
940GZZLULSQ,Leicester Square,FRI,11:00-11:15,11:00,0.16,11:45-13:45,17:15-19:15
940GZZLULSQ,Leicester Square,FRI,11:15-11:30,11:15,0.17,11:45-13:45,17:15-19:15
940GZZLULSQ,Leicester Square,FRI,11:30-11:45,11:30,0.18,11:45-13:45,17:15-19:15
940GZZLULSQ,Leicester Square,FRI,11:45-12:00,11:45,0.19,11:45-13:45,17:15-19:15
940GZZLULSQ,Leicester Square,FRI,12:00-12:15,12:00,0.2,11:45-13:45,17:15-19:15
940GZZLULSQ,Leicester Square,FRI,12:15-12:30,12:15,0.2,11:45-13:45,17:15-19:15
940GZZLULSQ,Leicester Square,FRI,12:30-12:45,12:30,0.21,11:45-13:45,17:15-19:15
940GZZLULSQ,Leicester Square,FRI,12:45-13:00,12:45,0.21,11:45-13:45,17:15-19:15
940GZZLULSQ,Leicester Square,FRI,13:00-13:15,13:00,0.21,11:45-13:45,17:15-19:15
940GZZLULSQ,Leicester Square,FRI,13:15-13:30,13:15,0.21,11:45-13:45,17:15-19:15
940GZZLULSQ,Leicester Square,FRI,13:30-13:45,13:30,0.22,11:45-13:45,17:15-19:15
940GZZLULSQ,Leicester Square,FRI,13:45-14:00,13:45,0.22,11:45-13:45,17:15-19:15
940GZZLULSQ,Leicester Square,FRI,14:00-14:15,14:00,0.23,11:45-13:45,17:15-19:15
940GZZLULSQ,Leicester Square,FRI,14:15-14:30,14:15,0.23,11:45-13:45,17:15-19:15
940GZZLULSQ,Leicester Square,FRI,14:30-14:45,14:30,0.23,11:45-13:45,17:15-19:15
940GZZLULSQ,Leicester Square,FRI,14:45-15:00,14:45,0.24,11:45-13:45,17:15-19:15
940GZZLULSQ,Leicester Square,FRI,15:00-15:15,15:00,0.24,11:45-13:45,17:15-19:15
940GZZLULSQ,Leicester Square,FRI,15:15-15:30,15:15,0.25,11:45-13:45,17:15-19:15
940GZZLULSQ,Leicester Square,FRI,15:30-15:45,15:30,0.25,11:45-13:45,17:15-19:15
940GZZLULSQ,Leicester Square,FRI,15:45-16:00,15:45,0.26,11:45-13:45,17:15-19:15
940GZZLULSQ,Leicester Square,FRI,16:00-16:15,16:00,0.28,11:45-13:45,17:15-19:15
940GZZLULSQ,Leicester Square,FRI,16:15-16:30,16:15,0.29,11:45-13:45,17:15-19:15
940GZZLULSQ,Leicester Square,FRI,16:30-16:45,16:30,0.31,11:45-13:45,17:15-19:15
940GZZLULSQ,Leicester Square,FRI,16:45-17:00,16:45,0.33,11:45-13:45,17:15-19:15
940GZZLULSQ,Leicester Square,FRI,17:00-17:15,17:00,0.35,11:45-13:45,17:15-19:15
940GZZLULSQ,Leicester Square,FRI,17:15-17:30,17:15,0.37,11:45-13:45,17:15-19:15
940GZZLULSQ,Leicester Square,FRI,17:30-17:45,17:30,0.4,11:45-13:45,17:15-19:15
940GZZLULSQ,Leicester Square,FRI,17:45-18:00,17:45,0.41,11:45-13:45,17:15-19:15
940GZZLULSQ,Leicester Square,FRI,18:00-18:15,18:00,0.43,11:45-13:45,17:15-19:15
940GZZLULSQ,Leicester Square,FRI,18:15-18:30,18:15,0.43,11:45-13:45,17:15-19:15
940GZZLULSQ,Leicester Square,FRI,18:30-18:45,18:30,0.42,11:45-13:45,17:15-19:15
940GZZLULSQ,Leicester Square,FRI,18:45-19:00,18:45,0.4,11:45-13:45,17:15-19:15
940GZZLULSQ,Leicester Square,FRI,19:00-19:15,19:00,0.38,11:45-13:45,17:15-19:15
940GZZLULSQ,Leicester Square,FRI,19:15-19:30,19:15,0.37,11:45-13:45,17:15-19:15
940GZZLULSQ,Leicester Square,FRI,19:30-19:45,19:30,0.35,11:45-13:45,17:15-19:15
940GZZLULSQ,Leicester Square,FRI,19:45-20:00,19:45,0.32,11:45-13:45,17:15-19:15
940GZZLULSQ,Leicester Square,FRI,20:00-20:15,20:00,0.31,11:45-13:45,17:15-19:15
940GZZLULSQ,Leicester Square,FRI,20:15-20:30,20:15,0.29,11:45-13:45,17:15-19:15
940GZZLULSQ,Leicester Square,FRI,20:30-20:45,20:30,0.27,11:45-13:45,17:15-19:15
940GZZLULSQ,Leicester Square,FRI,20:45-21:00,20:45,0.27,11:45-13:45,17:15-19:15
940GZZLULSQ,Leicester Square,FRI,21:00-21:15,21:00,0.27,11:45-13:45,17:15-19:15
940GZZLULSQ,Leicester Square,FRI,21:15-21:30,21:15,0.28,11:45-13:45,17:15-19:15
940GZZLULSQ,Leicester Square,FRI,21:30-21:45,21:30,0.3,11:45-13:45,17:15-19:15
940GZZLULSQ,Leicester Square,FRI,21:45-22:00,21:45,0.33,11:45-13:45,17:15-19:15
940GZZLULSQ,Leicester Square,FRI,22:00-22:15,22:00,0.36,11:45-13:45,17:15-19:15
940GZZLULSQ,Leicester Square,FRI,22:15-22:30,22:15,0.39,11:45-13:45,17:15-19:15
940GZZLULSQ,Leicester Square,FRI,22:30-22:45,22:30,0.39,11:45-13:45,17:15-19:15
940GZZLULSQ,Leicester Square,FRI,22:45-23:00,22:45,0.38,11:45-13:45,17:15-19:15
940GZZLULSQ,Leicester Square,FRI,23:00-23:15,23:00,0.37,11:45-13:45,17:15-19:15
940GZZLULSQ,Leicester Square,FRI,23:15-23:30,23:15,0.33,11:45-13:45,17:15-19:15
940GZZLULSQ,Leicester Square,FRI,23:30-23:45,23:30,0.28,11:45-13:45,17:15-19:15
940GZZLULSQ,Leicester Square,FRI,23:45-00:00,23:45,0.22,11:45-13:45,17:15-19:15
940GZZLULSQ,Leicester Square,WED,00:00-00:15,00:00,0.09,08:15-10:15,17:15-19:15
940GZZLULSQ,Leicester Square,WED,00:15-00:30,00:15,0.06,08:15-10:15,17:15-19:15
940GZZLULSQ,Leicester Square,WED,00:30-00:45,00:30,0.04,08:15-10:15,17:15-19:15
940GZZLULSQ,Leicester Square,WED,00:45-01:00,00:45,0.03,08:15-10:15,17:15-19:15
940GZZLULSQ,Leicester Square,WED,01:00-01:15,01:00,0.01,08:15-10:15,17:15-19:15
940GZZLULSQ,Leicester Square,WED,01:15-01:30,01:15,0,08:15-10:15,17:15-19:15
940GZZLULSQ,Leicester Square,WED,01:30-01:45,01:30,0,08:15-10:15,17:15-19:15
940GZZLULSQ,Leicester Square,WED,01:45-02:00,01:45,0,08:15-10:15,17:15-19:15
940GZZLULSQ,Leicester Square,WED,02:00-02:15,02:00,0,08:15-10:15,17:15-19:15
940GZZLULSQ,Leicester Square,WED,02:15-02:30,02:15,0,08:15-10:15,17:15-19:15
940GZZLULSQ,Leicester Square,WED,02:30-02:45,02:30,0,08:15-10:15,17:15-19:15
940GZZLULSQ,Leicester Square,WED,02:45-03:00,02:45,0,08:15-10:15,17:15-19:15
940GZZLULSQ,Leicester Square,WED,03:00-03:15,03:00,0,08:15-10:15,17:15-19:15
940GZZLULSQ,Leicester Square,WED,03:15-03:30,03:15,0,08:15-10:15,17:15-19:15
940GZZLULSQ,Leicester Square,WED,03:30-03:45,03:30,0,08:15-10:15,17:15-19:15
940GZZLULSQ,Leicester Square,WED,03:45-04:00,03:45,0,08:15-10:15,17:15-19:15
940GZZLULSQ,Leicester Square,WED,04:00-04:15,04:00,0,08:15-10:15,17:15-19:15
940GZZLULSQ,Leicester Square,WED,04:15-04:30,04:15,0,08:15-10:15,17:15-19:15
940GZZLULSQ,Leicester Square,WED,04:30-04:45,04:30,0,08:15-10:15,17:15-19:15
940GZZLULSQ,Leicester Square,WED,04:45-05:00,04:45,0,08:15-10:15,17:15-19:15
940GZZLULSQ,Leicester Square,WED,05:00-05:15,05:00,0,08:15-10:15,17:15-19:15
940GZZLULSQ,Leicester Square,WED,05:15-05:30,05:15,0,08:15-10:15,17:15-19:15
940GZZLULSQ,Leicester Square,WED,05:30-05:45,05:30,0.01,08:15-10:15,17:15-19:15
940GZZLULSQ,Leicester Square,WED,05:45-06:00,05:45,0.01,08:15-10:15,17:15-19:15
940GZZLULSQ,Leicester Square,WED,06:00-06:15,06:00,0.02,08:15-10:15,17:15-19:15
940GZZLULSQ,Leicester Square,WED,06:15-06:30,06:15,0.04,08:15-10:15,17:15-19:15
940GZZLULSQ,Leicester Square,WED,06:30-06:45,06:30,0.05,08:15-10:15,17:15-19:15
940GZZLULSQ,Leicester Square,WED,06:45-07:00,06:45,0.07,08:15-10:15,17:15-19:15
940GZZLULSQ,Leicester Square,WED,07:00-07:15,07:00,0.09,08:15-10:15,17:15-19:15
940GZZLULSQ,Leicester Square,WED,07:15-07:30,07:15,0.11,08:15-10:15,17:15-19:15
940GZZLULSQ,Leicester Square,WED,07:30-07:45,07:30,0.13,08:15-10:15,17:15-19:15
940GZZLULSQ,Leicester Square,WED,07:45-08:00,07:45,0.15,08:15-10:15,17:15-19:15
940GZZLULSQ,Leicester Square,WED,08:00-08:15,08:00,0.2,08:15-10:15,17:15-19:15
940GZZLULSQ,Leicester Square,WED,08:15-08:30,08:15,0.26,08:15-10:15,17:15-19:15
940GZZLULSQ,Leicester Square,WED,08:30-08:45,08:30,0.31,08:15-10:15,17:15-19:15
940GZZLULSQ,Leicester Square,WED,08:45-09:00,08:45,0.34,08:15-10:15,17:15-19:15
940GZZLULSQ,Leicester Square,WED,09:00-09:15,09:00,0.35,08:15-10:15,17:15-19:15
940GZZLULSQ,Leicester Square,WED,09:15-09:30,09:15,0.33,08:15-10:15,17:15-19:15
940GZZLULSQ,Leicester Square,WED,09:30-09:45,09:30,0.28,08:15-10:15,17:15-19:15
940GZZLULSQ,Leicester Square,WED,09:45-10:00,09:45,0.24,08:15-10:15,17:15-19:15
940GZZLULSQ,Leicester Square,WED,10:00-10:15,10:00,0.2,08:15-10:15,17:15-19:15
940GZZLULSQ,Leicester Square,WED,10:15-10:30,10:15,0.19,08:15-10:15,17:15-19:15
940GZZLULSQ,Leicester Square,WED,10:30-10:45,10:30,0.18,08:15-10:15,17:15-19:15
940GZZLULSQ,Leicester Square,WED,10:45-11:00,10:45,0.18,08:15-10:15,17:15-19:15
940GZZLULSQ,Leicester Square,WED,11:00-11:15,11:00,0.18,08:15-10:15,17:15-19:15
940GZZLULSQ,Leicester Square,WED,11:15-11:30,11:15,0.19,08:15-10:15,17:15-19:15
940GZZLULSQ,Leicester Square,WED,11:30-11:45,11:30,0.19,08:15-10:15,17:15-19:15
940GZZLULSQ,Leicester Square,WED,11:45-12:00,11:45,0.2,08:15-10:15,17:15-19:15
940GZZLULSQ,Leicester Square,WED,12:00-12:15,12:00,0.21,08:15-10:15,17:15-19:15
940GZZLULSQ,Leicester Square,WED,12:15-12:30,12:15,0.22,08:15-10:15,17:15-19:15
940GZZLULSQ,Leicester Square,WED,12:30-12:45,12:30,0.21,08:15-10:15,17:15-19:15
940GZZLULSQ,Leicester Square,WED,12:45-13:00,12:45,0.2,08:15-10:15,17:15-19:15
940GZZLULSQ,Leicester Square,WED,13:00-13:15,13:00,0.2,08:15-10:15,17:15-19:15
940GZZLULSQ,Leicester Square,WED,13:15-13:30,13:15,0.2,08:15-10:15,17:15-19:15
940GZZLULSQ,Leicester Square,WED,13:30-13:45,13:30,0.2,08:15-10:15,17:15-19:15
940GZZLULSQ,Leicester Square,WED,13:45-14:00,13:45,0.21,08:15-10:15,17:15-19:15
940GZZLULSQ,Leicester Square,WED,14:00-14:15,14:00,0.22,08:15-10:15,17:15-19:15
940GZZLULSQ,Leicester Square,WED,14:15-14:30,14:15,0.23,08:15-10:15,17:15-19:15
940GZZLULSQ,Leicester Square,WED,14:30-14:45,14:30,0.23,08:15-10:15,17:15-19:15
940GZZLULSQ,Leicester Square,WED,14:45-15:00,14:45,0.23,08:15-10:15,17:15-19:15
940GZZLULSQ,Leicester Square,WED,15:00-15:15,15:00,0.24,08:15-10:15,17:15-19:15
940GZZLULSQ,Leicester Square,WED,15:15-15:30,15:15,0.24,08:15-10:15,17:15-19:15
940GZZLULSQ,Leicester Square,WED,15:30-15:45,15:30,0.25,08:15-10:15,17:15-19:15
940GZZLULSQ,Leicester Square,WED,15:45-16:00,15:45,0.26,08:15-10:15,17:15-19:15
940GZZLULSQ,Leicester Square,WED,16:00-16:15,16:00,0.27,08:15-10:15,17:15-19:15
940GZZLULSQ,Leicester Square,WED,16:15-16:30,16:15,0.28,08:15-10:15,17:15-19:15
940GZZLULSQ,Leicester Square,WED,16:30-16:45,16:30,0.29,08:15-10:15,17:15-19:15
940GZZLULSQ,Leicester Square,WED,16:45-17:00,16:45,0.3,08:15-10:15,17:15-19:15
940GZZLULSQ,Leicester Square,WED,17:00-17:15,17:00,0.34,08:15-10:15,17:15-19:15
940GZZLULSQ,Leicester Square,WED,17:15-17:30,17:15,0.38,08:15-10:15,17:15-19:15
940GZZLULSQ,Leicester Square,WED,17:30-17:45,17:30,0.43,08:15-10:15,17:15-19:15
940GZZLULSQ,Leicester Square,WED,17:45-18:00,17:45,0.48,08:15-10:15,17:15-19:15
940GZZLULSQ,Leicester Square,WED,18:00-18:15,18:00,0.51,08:15-10:15,17:15-19:15
940GZZLULSQ,Leicester Square,WED,18:15-18:30,18:15,0.51,08:15-10:15,17:15-19:15
940GZZLULSQ,Leicester Square,WED,18:30-18:45,18:30,0.49,08:15-10:15,17:15-19:15
940GZZLULSQ,Leicester Square,WED,18:45-19:00,18:45,0.44,08:15-10:15,17:15-19:15
940GZZLULSQ,Leicester Square,WED,19:00-19:15,19:00,0.39,08:15-10:15,17:15-19:15
940GZZLULSQ,Leicester Square,WED,19:15-19:30,19:15,0.34,08:15-10:15,17:15-19:15
940GZZLULSQ,Leicester Square,WED,19:30-19:45,19:30,0.3,08:15-10:15,17:15-19:15
940GZZLULSQ,Leicester Square,WED,19:45-20:00,19:45,0.27,08:15-10:15,17:15-19:15
940GZZLULSQ,Leicester Square,WED,20:00-20:15,20:00,0.26,08:15-10:15,17:15-19:15
940GZZLULSQ,Leicester Square,WED,20:15-20:30,20:15,0.26,08:15-10:15,17:15-19:15
940GZZLULSQ,Leicester Square,WED,20:30-20:45,20:30,0.25,08:15-10:15,17:15-19:15
940GZZLULSQ,Leicester Square,WED,20:45-21:00,20:45,0.25,08:15-10:15,17:15-19:15
940GZZLULSQ,Leicester Square,WED,21:00-21:15,21:00,0.25,08:15-10:15,17:15-19:15
940GZZLULSQ,Leicester Square,WED,21:15-21:30,21:15,0.26,08:15-10:15,17:15-19:15
940GZZLULSQ,Leicester Square,WED,21:30-21:45,21:30,0.28,08:15-10:15,17:15-19:15
940GZZLULSQ,Leicester Square,WED,21:45-22:00,21:45,0.31,08:15-10:15,17:15-19:15
940GZZLULSQ,Leicester Square,WED,22:00-22:15,22:00,0.33,08:15-10:15,17:15-19:15
940GZZLULSQ,Leicester Square,WED,22:15-22:30,22:15,0.34,08:15-10:15,17:15-19:15
940GZZLULSQ,Leicester Square,WED,22:30-22:45,22:30,0.33,08:15-10:15,17:15-19:15
940GZZLULSQ,Leicester Square,WED,22:45-23:00,22:45,0.29,08:15-10:15,17:15-19:15
940GZZLULSQ,Leicester Square,WED,23:00-23:15,23:00,0.26,08:15-10:15,17:15-19:15
940GZZLULSQ,Leicester Square,WED,23:15-23:30,23:15,0.21,08:15-10:15,17:15-19:15
940GZZLULSQ,Leicester Square,WED,23:30-23:45,23:30,0.16,08:15-10:15,17:15-19:15
940GZZLULSQ,Leicester Square,WED,23:45-00:00,23:45,0.09,08:15-10:15,17:15-19:15
940GZZLULSQ,Leicester Square,TUE,00:00-00:15,00:00,0.06,08:15-10:15,17:15-19:15
940GZZLULSQ,Leicester Square,TUE,00:15-00:30,00:15,0.04,08:15-10:15,17:15-19:15
940GZZLULSQ,Leicester Square,TUE,00:30-00:45,00:30,0.03,08:15-10:15,17:15-19:15
940GZZLULSQ,Leicester Square,TUE,00:45-01:00,00:45,0.02,08:15-10:15,17:15-19:15
940GZZLULSQ,Leicester Square,TUE,01:00-01:15,01:00,0.01,08:15-10:15,17:15-19:15
940GZZLULSQ,Leicester Square,TUE,01:15-01:30,01:15,0.01,08:15-10:15,17:15-19:15
940GZZLULSQ,Leicester Square,TUE,01:30-01:45,01:30,0,08:15-10:15,17:15-19:15
940GZZLULSQ,Leicester Square,TUE,01:45-02:00,01:45,0,08:15-10:15,17:15-19:15
940GZZLULSQ,Leicester Square,TUE,02:00-02:15,02:00,0,08:15-10:15,17:15-19:15
940GZZLULSQ,Leicester Square,TUE,02:15-02:30,02:15,0,08:15-10:15,17:15-19:15
940GZZLULSQ,Leicester Square,TUE,02:30-02:45,02:30,0,08:15-10:15,17:15-19:15
940GZZLULSQ,Leicester Square,TUE,02:45-03:00,02:45,0,08:15-10:15,17:15-19:15
940GZZLULSQ,Leicester Square,TUE,03:00-03:15,03:00,0,08:15-10:15,17:15-19:15
940GZZLULSQ,Leicester Square,TUE,03:15-03:30,03:15,0,08:15-10:15,17:15-19:15
940GZZLULSQ,Leicester Square,TUE,03:30-03:45,03:30,0,08:15-10:15,17:15-19:15
940GZZLULSQ,Leicester Square,TUE,03:45-04:00,03:45,0,08:15-10:15,17:15-19:15
940GZZLULSQ,Leicester Square,TUE,04:00-04:15,04:00,0,08:15-10:15,17:15-19:15
940GZZLULSQ,Leicester Square,TUE,04:15-04:30,04:15,0,08:15-10:15,17:15-19:15
940GZZLULSQ,Leicester Square,TUE,04:30-04:45,04:30,0,08:15-10:15,17:15-19:15
940GZZLULSQ,Leicester Square,TUE,04:45-05:00,04:45,0,08:15-10:15,17:15-19:15
940GZZLULSQ,Leicester Square,TUE,05:00-05:15,05:00,0,08:15-10:15,17:15-19:15
940GZZLULSQ,Leicester Square,TUE,05:15-05:30,05:15,0,08:15-10:15,17:15-19:15
940GZZLULSQ,Leicester Square,TUE,05:30-05:45,05:30,0.01,08:15-10:15,17:15-19:15
940GZZLULSQ,Leicester Square,TUE,05:45-06:00,05:45,0.01,08:15-10:15,17:15-19:15
940GZZLULSQ,Leicester Square,TUE,06:00-06:15,06:00,0.02,08:15-10:15,17:15-19:15
940GZZLULSQ,Leicester Square,TUE,06:15-06:30,06:15,0.03,08:15-10:15,17:15-19:15
940GZZLULSQ,Leicester Square,TUE,06:30-06:45,06:30,0.04,08:15-10:15,17:15-19:15
940GZZLULSQ,Leicester Square,TUE,06:45-07:00,06:45,0.05,08:15-10:15,17:15-19:15
940GZZLULSQ,Leicester Square,TUE,07:00-07:15,07:00,0.07,08:15-10:15,17:15-19:15
940GZZLULSQ,Leicester Square,TUE,07:15-07:30,07:15,0.09,08:15-10:15,17:15-19:15
940GZZLULSQ,Leicester Square,TUE,07:30-07:45,07:30,0.1,08:15-10:15,17:15-19:15
940GZZLULSQ,Leicester Square,TUE,07:45-08:00,07:45,0.13,08:15-10:15,17:15-19:15
940GZZLULSQ,Leicester Square,TUE,08:00-08:15,08:00,0.17,08:15-10:15,17:15-19:15
940GZZLULSQ,Leicester Square,TUE,08:15-08:30,08:15,0.22,08:15-10:15,17:15-19:15
940GZZLULSQ,Leicester Square,TUE,08:30-08:45,08:30,0.27,08:15-10:15,17:15-19:15
940GZZLULSQ,Leicester Square,TUE,08:45-09:00,08:45,0.3,08:15-10:15,17:15-19:15
940GZZLULSQ,Leicester Square,TUE,09:00-09:15,09:00,0.31,08:15-10:15,17:15-19:15
940GZZLULSQ,Leicester Square,TUE,09:15-09:30,09:15,0.29,08:15-10:15,17:15-19:15
940GZZLULSQ,Leicester Square,TUE,09:30-09:45,09:30,0.25,08:15-10:15,17:15-19:15
940GZZLULSQ,Leicester Square,TUE,09:45-10:00,09:45,0.21,08:15-10:15,17:15-19:15
940GZZLULSQ,Leicester Square,TUE,10:00-10:15,10:00,0.17,08:15-10:15,17:15-19:15
940GZZLULSQ,Leicester Square,TUE,10:15-10:30,10:15,0.15,08:15-10:15,17:15-19:15
940GZZLULSQ,Leicester Square,TUE,10:30-10:45,10:30,0.14,08:15-10:15,17:15-19:15
940GZZLULSQ,Leicester Square,TUE,10:45-11:00,10:45,0.13,08:15-10:15,17:15-19:15
940GZZLULSQ,Leicester Square,TUE,11:00-11:15,11:00,0.13,08:15-10:15,17:15-19:15
940GZZLULSQ,Leicester Square,TUE,11:15-11:30,11:15,0.13,08:15-10:15,17:15-19:15
940GZZLULSQ,Leicester Square,TUE,11:30-11:45,11:30,0.14,08:15-10:15,17:15-19:15
940GZZLULSQ,Leicester Square,TUE,11:45-12:00,11:45,0.14,08:15-10:15,17:15-19:15
940GZZLULSQ,Leicester Square,TUE,12:00-12:15,12:00,0.14,08:15-10:15,17:15-19:15
940GZZLULSQ,Leicester Square,TUE,12:15-12:30,12:15,0.15,08:15-10:15,17:15-19:15
940GZZLULSQ,Leicester Square,TUE,12:30-12:45,12:30,0.15,08:15-10:15,17:15-19:15
940GZZLULSQ,Leicester Square,TUE,12:45-13:00,12:45,0.15,08:15-10:15,17:15-19:15
940GZZLULSQ,Leicester Square,TUE,13:00-13:15,13:00,0.15,08:15-10:15,17:15-19:15
940GZZLULSQ,Leicester Square,TUE,13:15-13:30,13:15,0.15,08:15-10:15,17:15-19:15
940GZZLULSQ,Leicester Square,TUE,13:30-13:45,13:30,0.15,08:15-10:15,17:15-19:15
940GZZLULSQ,Leicester Square,TUE,13:45-14:00,13:45,0.16,08:15-10:15,17:15-19:15
940GZZLULSQ,Leicester Square,TUE,14:00-14:15,14:00,0.16,08:15-10:15,17:15-19:15
940GZZLULSQ,Leicester Square,TUE,14:15-14:30,14:15,0.16,08:15-10:15,17:15-19:15
940GZZLULSQ,Leicester Square,TUE,14:30-14:45,14:30,0.17,08:15-10:15,17:15-19:15
940GZZLULSQ,Leicester Square,TUE,14:45-15:00,14:45,0.17,08:15-10:15,17:15-19:15
940GZZLULSQ,Leicester Square,TUE,15:00-15:15,15:00,0.18,08:15-10:15,17:15-19:15
940GZZLULSQ,Leicester Square,TUE,15:15-15:30,15:15,0.19,08:15-10:15,17:15-19:15
940GZZLULSQ,Leicester Square,TUE,15:30-15:45,15:30,0.19,08:15-10:15,17:15-19:15
940GZZLULSQ,Leicester Square,TUE,15:45-16:00,15:45,0.2,08:15-10:15,17:15-19:15
940GZZLULSQ,Leicester Square,TUE,16:00-16:15,16:00,0.2,08:15-10:15,17:15-19:15
940GZZLULSQ,Leicester Square,TUE,16:15-16:30,16:15,0.21,08:15-10:15,17:15-19:15
940GZZLULSQ,Leicester Square,TUE,16:30-16:45,16:30,0.21,08:15-10:15,17:15-19:15
940GZZLULSQ,Leicester Square,TUE,16:45-17:00,16:45,0.23,08:15-10:15,17:15-19:15
940GZZLULSQ,Leicester Square,TUE,17:00-17:15,17:00,0.25,08:15-10:15,17:15-19:15
940GZZLULSQ,Leicester Square,TUE,17:15-17:30,17:15,0.29,08:15-10:15,17:15-19:15
940GZZLULSQ,Leicester Square,TUE,17:30-17:45,17:30,0.34,08:15-10:15,17:15-19:15
940GZZLULSQ,Leicester Square,TUE,17:45-18:00,17:45,0.39,08:15-10:15,17:15-19:15
940GZZLULSQ,Leicester Square,TUE,18:00-18:15,18:00,0.41,08:15-10:15,17:15-19:15
940GZZLULSQ,Leicester Square,TUE,18:15-18:30,18:15,0.41,08:15-10:15,17:15-19:15
940GZZLULSQ,Leicester Square,TUE,18:30-18:45,18:30,0.39,08:15-10:15,17:15-19:15
940GZZLULSQ,Leicester Square,TUE,18:45-19:00,18:45,0.34,08:15-10:15,17:15-19:15
940GZZLULSQ,Leicester Square,TUE,19:00-19:15,19:00,0.3,08:15-10:15,17:15-19:15
940GZZLULSQ,Leicester Square,TUE,19:15-19:30,19:15,0.25,08:15-10:15,17:15-19:15
940GZZLULSQ,Leicester Square,TUE,19:30-19:45,19:30,0.22,08:15-10:15,17:15-19:15
940GZZLULSQ,Leicester Square,TUE,19:45-20:00,19:45,0.2,08:15-10:15,17:15-19:15
940GZZLULSQ,Leicester Square,TUE,20:00-20:15,20:00,0.19,08:15-10:15,17:15-19:15
940GZZLULSQ,Leicester Square,TUE,20:15-20:30,20:15,0.18,08:15-10:15,17:15-19:15
940GZZLULSQ,Leicester Square,TUE,20:30-20:45,20:30,0.18,08:15-10:15,17:15-19:15
940GZZLULSQ,Leicester Square,TUE,20:45-21:00,20:45,0.18,08:15-10:15,17:15-19:15
940GZZLULSQ,Leicester Square,TUE,21:00-21:15,21:00,0.18,08:15-10:15,17:15-19:15
940GZZLULSQ,Leicester Square,TUE,21:15-21:30,21:15,0.19,08:15-10:15,17:15-19:15
940GZZLULSQ,Leicester Square,TUE,21:30-21:45,21:30,0.21,08:15-10:15,17:15-19:15
940GZZLULSQ,Leicester Square,TUE,21:45-22:00,21:45,0.23,08:15-10:15,17:15-19:15
940GZZLULSQ,Leicester Square,TUE,22:00-22:15,22:00,0.24,08:15-10:15,17:15-19:15
940GZZLULSQ,Leicester Square,TUE,22:15-22:30,22:15,0.25,08:15-10:15,17:15-19:15
940GZZLULSQ,Leicester Square,TUE,22:30-22:45,22:30,0.24,08:15-10:15,17:15-19:15
940GZZLULSQ,Leicester Square,TUE,22:45-23:00,22:45,0.21,08:15-10:15,17:15-19:15
940GZZLULSQ,Leicester Square,TUE,23:00-23:15,23:00,0.18,08:15-10:15,17:15-19:15
940GZZLULSQ,Leicester Square,TUE,23:15-23:30,23:15,0.15,08:15-10:15,17:15-19:15
940GZZLULSQ,Leicester Square,TUE,23:30-23:45,23:30,0.11,08:15-10:15,17:15-19:15
940GZZLULSQ,Leicester Square,TUE,23:45-00:00,23:45,0.07,08:15-10:15,17:15-19:15
940GZZLULSQ,Leicester Square,MON,00:00-00:15,00:00,0.06,08:15-10:15,17:00-19:00
940GZZLULSQ,Leicester Square,MON,00:15-00:30,00:15,0.04,08:15-10:15,17:00-19:00
940GZZLULSQ,Leicester Square,MON,00:30-00:45,00:30,0.03,08:15-10:15,17:00-19:00
940GZZLULSQ,Leicester Square,MON,00:45-01:00,00:45,0.02,08:15-10:15,17:00-19:00
940GZZLULSQ,Leicester Square,MON,01:00-01:15,01:00,0.01,08:15-10:15,17:00-19:00
940GZZLULSQ,Leicester Square,MON,01:15-01:30,01:15,0,08:15-10:15,17:00-19:00
940GZZLULSQ,Leicester Square,MON,01:30-01:45,01:30,0,08:15-10:15,17:00-19:00
940GZZLULSQ,Leicester Square,MON,01:45-02:00,01:45,0,08:15-10:15,17:00-19:00
940GZZLULSQ,Leicester Square,MON,02:00-02:15,02:00,0,08:15-10:15,17:00-19:00
940GZZLULSQ,Leicester Square,MON,02:15-02:30,02:15,0,08:15-10:15,17:00-19:00
940GZZLULSQ,Leicester Square,MON,02:30-02:45,02:30,0,08:15-10:15,17:00-19:00
940GZZLULSQ,Leicester Square,MON,02:45-03:00,02:45,0,08:15-10:15,17:00-19:00
940GZZLULSQ,Leicester Square,MON,03:00-03:15,03:00,0,08:15-10:15,17:00-19:00
940GZZLULSQ,Leicester Square,MON,03:15-03:30,03:15,0,08:15-10:15,17:00-19:00
940GZZLULSQ,Leicester Square,MON,03:30-03:45,03:30,0,08:15-10:15,17:00-19:00
940GZZLULSQ,Leicester Square,MON,03:45-04:00,03:45,0,08:15-10:15,17:00-19:00
940GZZLULSQ,Leicester Square,MON,04:00-04:15,04:00,0,08:15-10:15,17:00-19:00
940GZZLULSQ,Leicester Square,MON,04:15-04:30,04:15,0,08:15-10:15,17:00-19:00
940GZZLULSQ,Leicester Square,MON,04:30-04:45,04:30,0,08:15-10:15,17:00-19:00
940GZZLULSQ,Leicester Square,MON,04:45-05:00,04:45,0,08:15-10:15,17:00-19:00
940GZZLULSQ,Leicester Square,MON,05:00-05:15,05:00,0,08:15-10:15,17:00-19:00
940GZZLULSQ,Leicester Square,MON,05:15-05:30,05:15,0,08:15-10:15,17:00-19:00
940GZZLULSQ,Leicester Square,MON,05:30-05:45,05:30,0.01,08:15-10:15,17:00-19:00
940GZZLULSQ,Leicester Square,MON,05:45-06:00,05:45,0.01,08:15-10:15,17:00-19:00
940GZZLULSQ,Leicester Square,MON,06:00-06:15,06:00,0.02,08:15-10:15,17:00-19:00
940GZZLULSQ,Leicester Square,MON,06:15-06:30,06:15,0.03,08:15-10:15,17:00-19:00
940GZZLULSQ,Leicester Square,MON,06:30-06:45,06:30,0.05,08:15-10:15,17:00-19:00
940GZZLULSQ,Leicester Square,MON,06:45-07:00,06:45,0.06,08:15-10:15,17:00-19:00
940GZZLULSQ,Leicester Square,MON,07:00-07:15,07:00,0.07,08:15-10:15,17:00-19:00
940GZZLULSQ,Leicester Square,MON,07:15-07:30,07:15,0.09,08:15-10:15,17:00-19:00
940GZZLULSQ,Leicester Square,MON,07:30-07:45,07:30,0.1,08:15-10:15,17:00-19:00
940GZZLULSQ,Leicester Square,MON,07:45-08:00,07:45,0.12,08:15-10:15,17:00-19:00
940GZZLULSQ,Leicester Square,MON,08:00-08:15,08:00,0.15,08:15-10:15,17:00-19:00
940GZZLULSQ,Leicester Square,MON,08:15-08:30,08:15,0.19,08:15-10:15,17:00-19:00
940GZZLULSQ,Leicester Square,MON,08:30-08:45,08:30,0.22,08:15-10:15,17:00-19:00
940GZZLULSQ,Leicester Square,MON,08:45-09:00,08:45,0.23,08:15-10:15,17:00-19:00
940GZZLULSQ,Leicester Square,MON,09:00-09:15,09:00,0.24,08:15-10:15,17:00-19:00
940GZZLULSQ,Leicester Square,MON,09:15-09:30,09:15,0.23,08:15-10:15,17:00-19:00
940GZZLULSQ,Leicester Square,MON,09:30-09:45,09:30,0.2,08:15-10:15,17:00-19:00
940GZZLULSQ,Leicester Square,MON,09:45-10:00,09:45,0.17,08:15-10:15,17:00-19:00
940GZZLULSQ,Leicester Square,MON,10:00-10:15,10:00,0.16,08:15-10:15,17:00-19:00
940GZZLULSQ,Leicester Square,MON,10:15-10:30,10:15,0.15,08:15-10:15,17:00-19:00
940GZZLULSQ,Leicester Square,MON,10:30-10:45,10:30,0.15,08:15-10:15,17:00-19:00
940GZZLULSQ,Leicester Square,MON,10:45-11:00,10:45,0.15,08:15-10:15,17:00-19:00
940GZZLULSQ,Leicester Square,MON,11:00-11:15,11:00,0.15,08:15-10:15,17:00-19:00
940GZZLULSQ,Leicester Square,MON,11:15-11:30,11:15,0.15,08:15-10:15,17:00-19:00
940GZZLULSQ,Leicester Square,MON,11:30-11:45,11:30,0.16,08:15-10:15,17:00-19:00
940GZZLULSQ,Leicester Square,MON,11:45-12:00,11:45,0.16,08:15-10:15,17:00-19:00
940GZZLULSQ,Leicester Square,MON,12:00-12:15,12:00,0.17,08:15-10:15,17:00-19:00
940GZZLULSQ,Leicester Square,MON,12:15-12:30,12:15,0.18,08:15-10:15,17:00-19:00
940GZZLULSQ,Leicester Square,MON,12:30-12:45,12:30,0.18,08:15-10:15,17:00-19:00
940GZZLULSQ,Leicester Square,MON,12:45-13:00,12:45,0.19,08:15-10:15,17:00-19:00
940GZZLULSQ,Leicester Square,MON,13:00-13:15,13:00,0.19,08:15-10:15,17:00-19:00
940GZZLULSQ,Leicester Square,MON,13:15-13:30,13:15,0.19,08:15-10:15,17:00-19:00
940GZZLULSQ,Leicester Square,MON,13:30-13:45,13:30,0.19,08:15-10:15,17:00-19:00
940GZZLULSQ,Leicester Square,MON,13:45-14:00,13:45,0.2,08:15-10:15,17:00-19:00
940GZZLULSQ,Leicester Square,MON,14:00-14:15,14:00,0.2,08:15-10:15,17:00-19:00
940GZZLULSQ,Leicester Square,MON,14:15-14:30,14:15,0.2,08:15-10:15,17:00-19:00
940GZZLULSQ,Leicester Square,MON,14:30-14:45,14:30,0.21,08:15-10:15,17:00-19:00
940GZZLULSQ,Leicester Square,MON,14:45-15:00,14:45,0.21,08:15-10:15,17:00-19:00
940GZZLULSQ,Leicester Square,MON,15:00-15:15,15:00,0.22,08:15-10:15,17:00-19:00
940GZZLULSQ,Leicester Square,MON,15:15-15:30,15:15,0.22,08:15-10:15,17:00-19:00
940GZZLULSQ,Leicester Square,MON,15:30-15:45,15:30,0.23,08:15-10:15,17:00-19:00
940GZZLULSQ,Leicester Square,MON,15:45-16:00,15:45,0.23,08:15-10:15,17:00-19:00
940GZZLULSQ,Leicester Square,MON,16:00-16:15,16:00,0.24,08:15-10:15,17:00-19:00
940GZZLULSQ,Leicester Square,MON,16:15-16:30,16:15,0.25,08:15-10:15,17:00-19:00
940GZZLULSQ,Leicester Square,MON,16:30-16:45,16:30,0.26,08:15-10:15,17:00-19:00
940GZZLULSQ,Leicester Square,MON,16:45-17:00,16:45,0.27,08:15-10:15,17:00-19:00
940GZZLULSQ,Leicester Square,MON,17:00-17:15,17:00,0.3,08:15-10:15,17:00-19:00
940GZZLULSQ,Leicester Square,MON,17:15-17:30,17:15,0.33,08:15-10:15,17:00-19:00
940GZZLULSQ,Leicester Square,MON,17:30-17:45,17:30,0.36,08:15-10:15,17:00-19:00
940GZZLULSQ,Leicester Square,MON,17:45-18:00,17:45,0.39,08:15-10:15,17:00-19:00
940GZZLULSQ,Leicester Square,MON,18:00-18:15,18:00,0.4,08:15-10:15,17:00-19:00
940GZZLULSQ,Leicester Square,MON,18:15-18:30,18:15,0.39,08:15-10:15,17:00-19:00
940GZZLULSQ,Leicester Square,MON,18:30-18:45,18:30,0.36,08:15-10:15,17:00-19:00
940GZZLULSQ,Leicester Square,MON,18:45-19:00,18:45,0.32,08:15-10:15,17:00-19:00
940GZZLULSQ,Leicester Square,MON,19:00-19:15,19:00,0.28,08:15-10:15,17:00-19:00
940GZZLULSQ,Leicester Square,MON,19:15-19:30,19:15,0.25,08:15-10:15,17:00-19:00
940GZZLULSQ,Leicester Square,MON,19:30-19:45,19:30,0.23,08:15-10:15,17:00-19:00
940GZZLULSQ,Leicester Square,MON,19:45-20:00,19:45,0.21,08:15-10:15,17:00-19:00
940GZZLULSQ,Leicester Square,MON,20:00-20:15,20:00,0.2,08:15-10:15,17:00-19:00
940GZZLULSQ,Leicester Square,MON,20:15-20:30,20:15,0.19,08:15-10:15,17:00-19:00
940GZZLULSQ,Leicester Square,MON,20:30-20:45,20:30,0.18,08:15-10:15,17:00-19:00
940GZZLULSQ,Leicester Square,MON,20:45-21:00,20:45,0.18,08:15-10:15,17:00-19:00
940GZZLULSQ,Leicester Square,MON,21:00-21:15,21:00,0.18,08:15-10:15,17:00-19:00
940GZZLULSQ,Leicester Square,MON,21:15-21:30,21:15,0.18,08:15-10:15,17:00-19:00
940GZZLULSQ,Leicester Square,MON,21:30-21:45,21:30,0.19,08:15-10:15,17:00-19:00
940GZZLULSQ,Leicester Square,MON,21:45-22:00,21:45,0.2,08:15-10:15,17:00-19:00
940GZZLULSQ,Leicester Square,MON,22:00-22:15,22:00,0.22,08:15-10:15,17:00-19:00
940GZZLULSQ,Leicester Square,MON,22:15-22:30,22:15,0.22,08:15-10:15,17:00-19:00
940GZZLULSQ,Leicester Square,MON,22:30-22:45,22:30,0.21,08:15-10:15,17:00-19:00
940GZZLULSQ,Leicester Square,MON,22:45-23:00,22:45,0.19,08:15-10:15,17:00-19:00
940GZZLULSQ,Leicester Square,MON,23:00-23:15,23:00,0.17,08:15-10:15,17:00-19:00
940GZZLULSQ,Leicester Square,MON,23:15-23:30,23:15,0.14,08:15-10:15,17:00-19:00
940GZZLULSQ,Leicester Square,MON,23:30-23:45,23:30,0.1,08:15-10:15,17:00-19:00
940GZZLULSQ,Leicester Square,MON,23:45-00:00,23:45,0.06,08:15-10:15,17:00-19:00
940GZZLUSTD,Stratford,SAT,00:00-00:15,00:00,0.15,11:45-13:45,16:30-18:30
940GZZLUSTD,Stratford,SAT,00:15-00:30,00:15,0.13,11:45-13:45,16:30-18:30
940GZZLUSTD,Stratford,SAT,00:30-00:45,00:30,0.11,11:45-13:45,16:30-18:30
940GZZLUSTD,Stratford,SAT,00:45-01:00,00:45,0.09,11:45-13:45,16:30-18:30
940GZZLUSTD,Stratford,SAT,01:00-01:15,01:00,0.08,11:45-13:45,16:30-18:30
940GZZLUSTD,Stratford,SAT,01:15-01:30,01:15,0.06,11:45-13:45,16:30-18:30
940GZZLUSTD,Stratford,SAT,01:30-01:45,01:30,0.05,11:45-13:45,16:30-18:30
940GZZLUSTD,Stratford,SAT,01:45-02:00,01:45,0.05,11:45-13:45,16:30-18:30
940GZZLUSTD,Stratford,SAT,02:00-02:15,02:00,0.04,11:45-13:45,16:30-18:30
940GZZLUSTD,Stratford,SAT,02:15-02:30,02:15,0.03,11:45-13:45,16:30-18:30
940GZZLUSTD,Stratford,SAT,02:30-02:45,02:30,0.03,11:45-13:45,16:30-18:30
940GZZLUSTD,Stratford,SAT,02:45-03:00,02:45,0.03,11:45-13:45,16:30-18:30
940GZZLUSTD,Stratford,SAT,03:00-03:15,03:00,0.02,11:45-13:45,16:30-18:30
940GZZLUSTD,Stratford,SAT,03:15-03:30,03:15,0.02,11:45-13:45,16:30-18:30
940GZZLUSTD,Stratford,SAT,03:30-03:45,03:30,0.02,11:45-13:45,16:30-18:30
940GZZLUSTD,Stratford,SAT,03:45-04:00,03:45,0.02,11:45-13:45,16:30-18:30
940GZZLUSTD,Stratford,SAT,04:00-04:15,04:00,0.02,11:45-13:45,16:30-18:30
940GZZLUSTD,Stratford,SAT,04:15-04:30,04:15,0.02,11:45-13:45,16:30-18:30
940GZZLUSTD,Stratford,SAT,04:30-04:45,04:30,0.02,11:45-13:45,16:30-18:30
940GZZLUSTD,Stratford,SAT,04:45-05:00,04:45,0.02,11:45-13:45,16:30-18:30
940GZZLUSTD,Stratford,SAT,05:00-05:15,05:00,0.03,11:45-13:45,16:30-18:30
940GZZLUSTD,Stratford,SAT,05:15-05:30,05:15,0.03,11:45-13:45,16:30-18:30
940GZZLUSTD,Stratford,SAT,05:30-05:45,05:30,0.04,11:45-13:45,16:30-18:30
940GZZLUSTD,Stratford,SAT,05:45-06:00,05:45,0.04,11:45-13:45,16:30-18:30
940GZZLUSTD,Stratford,SAT,06:00-06:15,06:00,0.05,11:45-13:45,16:30-18:30
940GZZLUSTD,Stratford,SAT,06:15-06:30,06:15,0.06,11:45-13:45,16:30-18:30
940GZZLUSTD,Stratford,SAT,06:30-06:45,06:30,0.07,11:45-13:45,16:30-18:30
940GZZLUSTD,Stratford,SAT,06:45-07:00,06:45,0.07,11:45-13:45,16:30-18:30
940GZZLUSTD,Stratford,SAT,07:00-07:15,07:00,0.08,11:45-13:45,16:30-18:30
940GZZLUSTD,Stratford,SAT,07:15-07:30,07:15,0.09,11:45-13:45,16:30-18:30
940GZZLUSTD,Stratford,SAT,07:30-07:45,07:30,0.09,11:45-13:45,16:30-18:30
940GZZLUSTD,Stratford,SAT,07:45-08:00,07:45,0.1,11:45-13:45,16:30-18:30
940GZZLUSTD,Stratford,SAT,08:00-08:15,08:00,0.11,11:45-13:45,16:30-18:30
940GZZLUSTD,Stratford,SAT,08:15-08:30,08:15,0.12,11:45-13:45,16:30-18:30
940GZZLUSTD,Stratford,SAT,08:30-08:45,08:30,0.13,11:45-13:45,16:30-18:30
940GZZLUSTD,Stratford,SAT,08:45-09:00,08:45,0.13,11:45-13:45,16:30-18:30
940GZZLUSTD,Stratford,SAT,09:00-09:15,09:00,0.14,11:45-13:45,16:30-18:30
940GZZLUSTD,Stratford,SAT,09:15-09:30,09:15,0.15,11:45-13:45,16:30-18:30
940GZZLUSTD,Stratford,SAT,09:30-09:45,09:30,0.16,11:45-13:45,16:30-18:30
940GZZLUSTD,Stratford,SAT,09:45-10:00,09:45,0.18,11:45-13:45,16:30-18:30
940GZZLUSTD,Stratford,SAT,10:00-10:15,10:00,0.19,11:45-13:45,16:30-18:30
940GZZLUSTD,Stratford,SAT,10:15-10:30,10:15,0.2,11:45-13:45,16:30-18:30
940GZZLUSTD,Stratford,SAT,10:30-10:45,10:30,0.21,11:45-13:45,16:30-18:30
940GZZLUSTD,Stratford,SAT,10:45-11:00,10:45,0.22,11:45-13:45,16:30-18:30
940GZZLUSTD,Stratford,SAT,11:00-11:15,11:00,0.23,11:45-13:45,16:30-18:30
940GZZLUSTD,Stratford,SAT,11:15-11:30,11:15,0.24,11:45-13:45,16:30-18:30
940GZZLUSTD,Stratford,SAT,11:30-11:45,11:30,0.25,11:45-13:45,16:30-18:30
940GZZLUSTD,Stratford,SAT,11:45-12:00,11:45,0.26,11:45-13:45,16:30-18:30
940GZZLUSTD,Stratford,SAT,12:00-12:15,12:00,0.27,11:45-13:45,16:30-18:30
940GZZLUSTD,Stratford,SAT,12:15-12:30,12:15,0.28,11:45-13:45,16:30-18:30
940GZZLUSTD,Stratford,SAT,12:30-12:45,12:30,0.3,11:45-13:45,16:30-18:30
940GZZLUSTD,Stratford,SAT,12:45-13:00,12:45,0.31,11:45-13:45,16:30-18:30
940GZZLUSTD,Stratford,SAT,13:00-13:15,13:00,0.31,11:45-13:45,16:30-18:30
940GZZLUSTD,Stratford,SAT,13:15-13:30,13:15,0.32,11:45-13:45,16:30-18:30
940GZZLUSTD,Stratford,SAT,13:30-13:45,13:30,0.33,11:45-13:45,16:30-18:30
940GZZLUSTD,Stratford,SAT,13:45-14:00,13:45,0.33,11:45-13:45,16:30-18:30
940GZZLUSTD,Stratford,SAT,14:00-14:15,14:00,0.33,11:45-13:45,16:30-18:30
940GZZLUSTD,Stratford,SAT,14:15-14:30,14:15,0.33,11:45-13:45,16:30-18:30
940GZZLUSTD,Stratford,SAT,14:30-14:45,14:30,0.33,11:45-13:45,16:30-18:30
940GZZLUSTD,Stratford,SAT,14:45-15:00,14:45,0.33,11:45-13:45,16:30-18:30
940GZZLUSTD,Stratford,SAT,15:00-15:15,15:00,0.33,11:45-13:45,16:30-18:30
940GZZLUSTD,Stratford,SAT,15:15-15:30,15:15,0.32,11:45-13:45,16:30-18:30
940GZZLUSTD,Stratford,SAT,15:30-15:45,15:30,0.33,11:45-13:45,16:30-18:30
940GZZLUSTD,Stratford,SAT,15:45-16:00,15:45,0.33,11:45-13:45,16:30-18:30
940GZZLUSTD,Stratford,SAT,16:00-16:15,16:00,0.33,11:45-13:45,16:30-18:30
940GZZLUSTD,Stratford,SAT,16:15-16:30,16:15,0.34,11:45-13:45,16:30-18:30
940GZZLUSTD,Stratford,SAT,16:30-16:45,16:30,0.34,11:45-13:45,16:30-18:30
940GZZLUSTD,Stratford,SAT,16:45-17:00,16:45,0.35,11:45-13:45,16:30-18:30
940GZZLUSTD,Stratford,SAT,17:00-17:15,17:00,0.35,11:45-13:45,16:30-18:30
940GZZLUSTD,Stratford,SAT,17:15-17:30,17:15,0.36,11:45-13:45,16:30-18:30
940GZZLUSTD,Stratford,SAT,17:30-17:45,17:30,0.36,11:45-13:45,16:30-18:30
940GZZLUSTD,Stratford,SAT,17:45-18:00,17:45,0.36,11:45-13:45,16:30-18:30
940GZZLUSTD,Stratford,SAT,18:00-18:15,18:00,0.35,11:45-13:45,16:30-18:30
940GZZLUSTD,Stratford,SAT,18:15-18:30,18:15,0.35,11:45-13:45,16:30-18:30
940GZZLUSTD,Stratford,SAT,18:30-18:45,18:30,0.34,11:45-13:45,16:30-18:30
940GZZLUSTD,Stratford,SAT,18:45-19:00,18:45,0.33,11:45-13:45,16:30-18:30
940GZZLUSTD,Stratford,SAT,19:00-19:15,19:00,0.31,11:45-13:45,16:30-18:30
940GZZLUSTD,Stratford,SAT,19:15-19:30,19:15,0.29,11:45-13:45,16:30-18:30
940GZZLUSTD,Stratford,SAT,19:30-19:45,19:30,0.28,11:45-13:45,16:30-18:30
940GZZLUSTD,Stratford,SAT,19:45-20:00,19:45,0.27,11:45-13:45,16:30-18:30
940GZZLUSTD,Stratford,SAT,20:00-20:15,20:00,0.26,11:45-13:45,16:30-18:30
940GZZLUSTD,Stratford,SAT,20:15-20:30,20:15,0.25,11:45-13:45,16:30-18:30
940GZZLUSTD,Stratford,SAT,20:30-20:45,20:30,0.24,11:45-13:45,16:30-18:30
940GZZLUSTD,Stratford,SAT,20:45-21:00,20:45,0.23,11:45-13:45,16:30-18:30
940GZZLUSTD,Stratford,SAT,21:00-21:15,21:00,0.22,11:45-13:45,16:30-18:30
940GZZLUSTD,Stratford,SAT,21:15-21:30,21:15,0.21,11:45-13:45,16:30-18:30
940GZZLUSTD,Stratford,SAT,21:30-21:45,21:30,0.21,11:45-13:45,16:30-18:30
940GZZLUSTD,Stratford,SAT,21:45-22:00,21:45,0.2,11:45-13:45,16:30-18:30
940GZZLUSTD,Stratford,SAT,22:00-22:15,22:00,0.2,11:45-13:45,16:30-18:30
940GZZLUSTD,Stratford,SAT,22:15-22:30,22:15,0.2,11:45-13:45,16:30-18:30
940GZZLUSTD,Stratford,SAT,22:30-22:45,22:30,0.2,11:45-13:45,16:30-18:30
940GZZLUSTD,Stratford,SAT,22:45-23:00,22:45,0.19,11:45-13:45,16:30-18:30
940GZZLUSTD,Stratford,SAT,23:00-23:15,23:00,0.19,11:45-13:45,16:30-18:30
940GZZLUSTD,Stratford,SAT,23:15-23:30,23:15,0.18,11:45-13:45,16:30-18:30
940GZZLUSTD,Stratford,SAT,23:30-23:45,23:30,0.18,11:45-13:45,16:30-18:30
940GZZLUSTD,Stratford,SAT,23:45-00:00,23:45,0.17,11:45-13:45,16:30-18:30
940GZZLUSTD,Stratford,FRI,00:00-00:15,00:00,0.12,07:30-09:30,15:00-17:00
940GZZLUSTD,Stratford,FRI,00:15-00:30,00:15,0.1,07:30-09:30,15:00-17:00
940GZZLUSTD,Stratford,FRI,00:30-00:45,00:30,0.08,07:30-09:30,15:00-17:00
940GZZLUSTD,Stratford,FRI,00:45-01:00,00:45,0.07,07:30-09:30,15:00-17:00
940GZZLUSTD,Stratford,FRI,01:00-01:15,01:00,0.05,07:30-09:30,15:00-17:00
940GZZLUSTD,Stratford,FRI,01:15-01:30,01:15,0.03,07:30-09:30,15:00-17:00
940GZZLUSTD,Stratford,FRI,01:30-01:45,01:30,0.02,07:30-09:30,15:00-17:00
940GZZLUSTD,Stratford,FRI,01:45-02:00,01:45,0.01,07:30-09:30,15:00-17:00
940GZZLUSTD,Stratford,FRI,02:00-02:15,02:00,0,07:30-09:30,15:00-17:00
940GZZLUSTD,Stratford,FRI,02:15-02:30,02:15,0.01,07:30-09:30,15:00-17:00
940GZZLUSTD,Stratford,FRI,02:30-02:45,02:30,0.01,07:30-09:30,15:00-17:00
940GZZLUSTD,Stratford,FRI,02:45-03:00,02:45,0.01,07:30-09:30,15:00-17:00
940GZZLUSTD,Stratford,FRI,03:00-03:15,03:00,0.01,07:30-09:30,15:00-17:00
940GZZLUSTD,Stratford,FRI,03:15-03:30,03:15,0,07:30-09:30,15:00-17:00
940GZZLUSTD,Stratford,FRI,03:30-03:45,03:30,0,07:30-09:30,15:00-17:00
940GZZLUSTD,Stratford,FRI,03:45-04:00,03:45,0.01,07:30-09:30,15:00-17:00
940GZZLUSTD,Stratford,FRI,04:00-04:15,04:00,0.01,07:30-09:30,15:00-17:00
940GZZLUSTD,Stratford,FRI,04:15-04:30,04:15,0.01,07:30-09:30,15:00-17:00
940GZZLUSTD,Stratford,FRI,04:30-04:45,04:30,0.01,07:30-09:30,15:00-17:00
940GZZLUSTD,Stratford,FRI,04:45-05:00,04:45,0.01,07:30-09:30,15:00-17:00
940GZZLUSTD,Stratford,FRI,05:00-05:15,05:00,0.02,07:30-09:30,15:00-17:00
940GZZLUSTD,Stratford,FRI,05:15-05:30,05:15,0.02,07:30-09:30,15:00-17:00
940GZZLUSTD,Stratford,FRI,05:30-05:45,05:30,0.03,07:30-09:30,15:00-17:00
940GZZLUSTD,Stratford,FRI,05:45-06:00,05:45,0.05,07:30-09:30,15:00-17:00
940GZZLUSTD,Stratford,FRI,06:00-06:15,06:00,0.07,07:30-09:30,15:00-17:00
940GZZLUSTD,Stratford,FRI,06:15-06:30,06:15,0.09,07:30-09:30,15:00-17:00
940GZZLUSTD,Stratford,FRI,06:30-06:45,06:30,0.11,07:30-09:30,15:00-17:00
940GZZLUSTD,Stratford,FRI,06:45-07:00,06:45,0.14,07:30-09:30,15:00-17:00
940GZZLUSTD,Stratford,FRI,07:00-07:15,07:00,0.16,07:30-09:30,15:00-17:00
940GZZLUSTD,Stratford,FRI,07:15-07:30,07:15,0.18,07:30-09:30,15:00-17:00
940GZZLUSTD,Stratford,FRI,07:30-07:45,07:30,0.2,07:30-09:30,15:00-17:00
940GZZLUSTD,Stratford,FRI,07:45-08:00,07:45,0.22,07:30-09:30,15:00-17:00
940GZZLUSTD,Stratford,FRI,08:00-08:15,08:00,0.23,07:30-09:30,15:00-17:00
940GZZLUSTD,Stratford,FRI,08:15-08:30,08:15,0.23,07:30-09:30,15:00-17:00
940GZZLUSTD,Stratford,FRI,08:30-08:45,08:30,0.22,07:30-09:30,15:00-17:00
940GZZLUSTD,Stratford,FRI,08:45-09:00,08:45,0.21,07:30-09:30,15:00-17:00
940GZZLUSTD,Stratford,FRI,09:00-09:15,09:00,0.2,07:30-09:30,15:00-17:00
940GZZLUSTD,Stratford,FRI,09:15-09:30,09:15,0.2,07:30-09:30,15:00-17:00
940GZZLUSTD,Stratford,FRI,09:30-09:45,09:30,0.19,07:30-09:30,15:00-17:00
940GZZLUSTD,Stratford,FRI,09:45-10:00,09:45,0.2,07:30-09:30,15:00-17:00
940GZZLUSTD,Stratford,FRI,10:00-10:15,10:00,0.2,07:30-09:30,15:00-17:00
940GZZLUSTD,Stratford,FRI,10:15-10:30,10:15,0.19,07:30-09:30,15:00-17:00
940GZZLUSTD,Stratford,FRI,10:30-10:45,10:30,0.18,07:30-09:30,15:00-17:00
940GZZLUSTD,Stratford,FRI,10:45-11:00,10:45,0.18,07:30-09:30,15:00-17:00
940GZZLUSTD,Stratford,FRI,11:00-11:15,11:00,0.18,07:30-09:30,15:00-17:00
940GZZLUSTD,Stratford,FRI,11:15-11:30,11:15,0.18,07:30-09:30,15:00-17:00
940GZZLUSTD,Stratford,FRI,11:30-11:45,11:30,0.19,07:30-09:30,15:00-17:00
940GZZLUSTD,Stratford,FRI,11:45-12:00,11:45,0.19,07:30-09:30,15:00-17:00
940GZZLUSTD,Stratford,FRI,12:00-12:15,12:00,0.2,07:30-09:30,15:00-17:00
940GZZLUSTD,Stratford,FRI,12:15-12:30,12:15,0.2,07:30-09:30,15:00-17:00
940GZZLUSTD,Stratford,FRI,12:30-12:45,12:30,0.21,07:30-09:30,15:00-17:00
940GZZLUSTD,Stratford,FRI,12:45-13:00,12:45,0.21,07:30-09:30,15:00-17:00
940GZZLUSTD,Stratford,FRI,13:00-13:15,13:00,0.22,07:30-09:30,15:00-17:00
940GZZLUSTD,Stratford,FRI,13:15-13:30,13:15,0.22,07:30-09:30,15:00-17:00
940GZZLUSTD,Stratford,FRI,13:30-13:45,13:30,0.23,07:30-09:30,15:00-17:00
940GZZLUSTD,Stratford,FRI,13:45-14:00,13:45,0.23,07:30-09:30,15:00-17:00
940GZZLUSTD,Stratford,FRI,14:00-14:15,14:00,0.23,07:30-09:30,15:00-17:00
940GZZLUSTD,Stratford,FRI,14:15-14:30,14:15,0.24,07:30-09:30,15:00-17:00
940GZZLUSTD,Stratford,FRI,14:30-14:45,14:30,0.24,07:30-09:30,15:00-17:00
940GZZLUSTD,Stratford,FRI,14:45-15:00,14:45,0.24,07:30-09:30,15:00-17:00
940GZZLUSTD,Stratford,FRI,15:00-15:15,15:00,0.25,07:30-09:30,15:00-17:00
940GZZLUSTD,Stratford,FRI,15:15-15:30,15:15,0.25,07:30-09:30,15:00-17:00
940GZZLUSTD,Stratford,FRI,15:30-15:45,15:30,0.26,07:30-09:30,15:00-17:00
940GZZLUSTD,Stratford,FRI,15:45-16:00,15:45,0.27,07:30-09:30,15:00-17:00
940GZZLUSTD,Stratford,FRI,16:00-16:15,16:00,0.28,07:30-09:30,15:00-17:00
940GZZLUSTD,Stratford,FRI,16:15-16:30,16:15,0.28,07:30-09:30,15:00-17:00
940GZZLUSTD,Stratford,FRI,16:30-16:45,16:30,0.28,07:30-09:30,15:00-17:00
940GZZLUSTD,Stratford,FRI,16:45-17:00,16:45,0.26,07:30-09:30,15:00-17:00
940GZZLUSTD,Stratford,FRI,17:00-17:15,17:00,0.22,07:30-09:30,15:00-17:00
940GZZLUSTD,Stratford,FRI,17:15-17:30,17:15,0.19,07:30-09:30,15:00-17:00
940GZZLUSTD,Stratford,FRI,17:30-17:45,17:30,0.15,07:30-09:30,15:00-17:00
940GZZLUSTD,Stratford,FRI,17:45-18:00,17:45,0.12,07:30-09:30,15:00-17:00
940GZZLUSTD,Stratford,FRI,18:00-18:15,18:00,0.1,07:30-09:30,15:00-17:00
940GZZLUSTD,Stratford,FRI,18:15-18:30,18:15,0.11,07:30-09:30,15:00-17:00
940GZZLUSTD,Stratford,FRI,18:30-18:45,18:30,0.12,07:30-09:30,15:00-17:00
940GZZLUSTD,Stratford,FRI,18:45-19:00,18:45,0.15,07:30-09:30,15:00-17:00
940GZZLUSTD,Stratford,FRI,19:00-19:15,19:00,0.18,07:30-09:30,15:00-17:00
940GZZLUSTD,Stratford,FRI,19:15-19:30,19:15,0.21,07:30-09:30,15:00-17:00
940GZZLUSTD,Stratford,FRI,19:30-19:45,19:30,0.24,07:30-09:30,15:00-17:00
940GZZLUSTD,Stratford,FRI,19:45-20:00,19:45,0.24,07:30-09:30,15:00-17:00
940GZZLUSTD,Stratford,FRI,20:00-20:15,20:00,0.24,07:30-09:30,15:00-17:00
940GZZLUSTD,Stratford,FRI,20:15-20:30,20:15,0.23,07:30-09:30,15:00-17:00
940GZZLUSTD,Stratford,FRI,20:30-20:45,20:30,0.21,07:30-09:30,15:00-17:00
940GZZLUSTD,Stratford,FRI,20:45-21:00,20:45,0.2,07:30-09:30,15:00-17:00
940GZZLUSTD,Stratford,FRI,21:00-21:15,21:00,0.19,07:30-09:30,15:00-17:00
940GZZLUSTD,Stratford,FRI,21:15-21:30,21:15,0.19,07:30-09:30,15:00-17:00
940GZZLUSTD,Stratford,FRI,21:30-21:45,21:30,0.19,07:30-09:30,15:00-17:00
940GZZLUSTD,Stratford,FRI,21:45-22:00,21:45,0.2,07:30-09:30,15:00-17:00
940GZZLUSTD,Stratford,FRI,22:00-22:15,22:00,0.21,07:30-09:30,15:00-17:00
940GZZLUSTD,Stratford,FRI,22:15-22:30,22:15,0.22,07:30-09:30,15:00-17:00
940GZZLUSTD,Stratford,FRI,22:30-22:45,22:30,0.22,07:30-09:30,15:00-17:00
940GZZLUSTD,Stratford,FRI,22:45-23:00,22:45,0.21,07:30-09:30,15:00-17:00
940GZZLUSTD,Stratford,FRI,23:00-23:15,23:00,0.2,07:30-09:30,15:00-17:00
940GZZLUSTD,Stratford,FRI,23:15-23:30,23:15,0.18,07:30-09:30,15:00-17:00
940GZZLUSTD,Stratford,FRI,23:30-23:45,23:30,0.16,07:30-09:30,15:00-17:00
940GZZLUSTD,Stratford,FRI,23:45-00:00,23:45,0.14,07:30-09:30,15:00-17:00
940GZZLUSTD,Stratford,MON,00:00-00:15,00:00,0.06,11:45-13:45,15:00-17:00
940GZZLUSTD,Stratford,MON,00:15-00:30,00:15,0.05,11:45-13:45,15:00-17:00
940GZZLUSTD,Stratford,MON,00:30-00:45,00:30,0.04,11:45-13:45,15:00-17:00
940GZZLUSTD,Stratford,MON,00:45-01:00,00:45,0.03,11:45-13:45,15:00-17:00
940GZZLUSTD,Stratford,MON,01:00-01:15,01:00,0.02,11:45-13:45,15:00-17:00
940GZZLUSTD,Stratford,MON,01:15-01:30,01:15,0.02,11:45-13:45,15:00-17:00
940GZZLUSTD,Stratford,MON,01:30-01:45,01:30,0.01,11:45-13:45,15:00-17:00
940GZZLUSTD,Stratford,MON,01:45-02:00,01:45,0.01,11:45-13:45,15:00-17:00
940GZZLUSTD,Stratford,MON,02:00-02:15,02:00,0.01,11:45-13:45,15:00-17:00
940GZZLUSTD,Stratford,MON,02:15-02:30,02:15,0.01,11:45-13:45,15:00-17:00
940GZZLUSTD,Stratford,MON,02:30-02:45,02:30,0.01,11:45-13:45,15:00-17:00
940GZZLUSTD,Stratford,MON,02:45-03:00,02:45,0.01,11:45-13:45,15:00-17:00
940GZZLUSTD,Stratford,MON,03:00-03:15,03:00,0.01,11:45-13:45,15:00-17:00
940GZZLUSTD,Stratford,MON,03:15-03:30,03:15,0.01,11:45-13:45,15:00-17:00
940GZZLUSTD,Stratford,MON,03:30-03:45,03:30,0,11:45-13:45,15:00-17:00
940GZZLUSTD,Stratford,MON,03:45-04:00,03:45,0,11:45-13:45,15:00-17:00
940GZZLUSTD,Stratford,MON,04:00-04:15,04:00,0.01,11:45-13:45,15:00-17:00
940GZZLUSTD,Stratford,MON,04:15-04:30,04:15,0.01,11:45-13:45,15:00-17:00
940GZZLUSTD,Stratford,MON,04:30-04:45,04:30,0.01,11:45-13:45,15:00-17:00
940GZZLUSTD,Stratford,MON,04:45-05:00,04:45,0.01,11:45-13:45,15:00-17:00
940GZZLUSTD,Stratford,MON,05:00-05:15,05:00,0.02,11:45-13:45,15:00-17:00
940GZZLUSTD,Stratford,MON,05:15-05:30,05:15,0.03,11:45-13:45,15:00-17:00
940GZZLUSTD,Stratford,MON,05:30-05:45,05:30,0.03,11:45-13:45,15:00-17:00
940GZZLUSTD,Stratford,MON,05:45-06:00,05:45,0.05,11:45-13:45,15:00-17:00
940GZZLUSTD,Stratford,MON,06:00-06:15,06:00,0.07,11:45-13:45,15:00-17:00
940GZZLUSTD,Stratford,MON,06:15-06:30,06:15,0.09,11:45-13:45,15:00-17:00
940GZZLUSTD,Stratford,MON,06:30-06:45,06:30,0.11,11:45-13:45,15:00-17:00
940GZZLUSTD,Stratford,MON,06:45-07:00,06:45,0.13,11:45-13:45,15:00-17:00
940GZZLUSTD,Stratford,MON,07:00-07:15,07:00,0.16,11:45-13:45,15:00-17:00
940GZZLUSTD,Stratford,MON,07:15-07:30,07:15,0.19,11:45-13:45,15:00-17:00
940GZZLUSTD,Stratford,MON,07:30-07:45,07:30,0.2,11:45-13:45,15:00-17:00
940GZZLUSTD,Stratford,MON,07:45-08:00,07:45,0.21,11:45-13:45,15:00-17:00
940GZZLUSTD,Stratford,MON,08:00-08:15,08:00,0.19,11:45-13:45,15:00-17:00
940GZZLUSTD,Stratford,MON,08:15-08:30,08:15,0.17,11:45-13:45,15:00-17:00
940GZZLUSTD,Stratford,MON,08:30-08:45,08:30,0.14,11:45-13:45,15:00-17:00
940GZZLUSTD,Stratford,MON,08:45-09:00,08:45,0.11,11:45-13:45,15:00-17:00
940GZZLUSTD,Stratford,MON,09:00-09:15,09:00,0.11,11:45-13:45,15:00-17:00
940GZZLUSTD,Stratford,MON,09:15-09:30,09:15,0.12,11:45-13:45,15:00-17:00
940GZZLUSTD,Stratford,MON,09:30-09:45,09:30,0.15,11:45-13:45,15:00-17:00
940GZZLUSTD,Stratford,MON,09:45-10:00,09:45,0.17,11:45-13:45,15:00-17:00
940GZZLUSTD,Stratford,MON,10:00-10:15,10:00,0.18,11:45-13:45,15:00-17:00
940GZZLUSTD,Stratford,MON,10:15-10:30,10:15,0.19,11:45-13:45,15:00-17:00
940GZZLUSTD,Stratford,MON,10:30-10:45,10:30,0.2,11:45-13:45,15:00-17:00
940GZZLUSTD,Stratford,MON,10:45-11:00,10:45,0.19,11:45-13:45,15:00-17:00
940GZZLUSTD,Stratford,MON,11:00-11:15,11:00,0.2,11:45-13:45,15:00-17:00
940GZZLUSTD,Stratford,MON,11:15-11:30,11:15,0.2,11:45-13:45,15:00-17:00
940GZZLUSTD,Stratford,MON,11:30-11:45,11:30,0.2,11:45-13:45,15:00-17:00
940GZZLUSTD,Stratford,MON,11:45-12:00,11:45,0.21,11:45-13:45,15:00-17:00
940GZZLUSTD,Stratford,MON,12:00-12:15,12:00,0.21,11:45-13:45,15:00-17:00
940GZZLUSTD,Stratford,MON,12:15-12:30,12:15,0.22,11:45-13:45,15:00-17:00
940GZZLUSTD,Stratford,MON,12:30-12:45,12:30,0.22,11:45-13:45,15:00-17:00
940GZZLUSTD,Stratford,MON,12:45-13:00,12:45,0.23,11:45-13:45,15:00-17:00
940GZZLUSTD,Stratford,MON,13:00-13:15,13:00,0.23,11:45-13:45,15:00-17:00
940GZZLUSTD,Stratford,MON,13:15-13:30,13:15,0.23,11:45-13:45,15:00-17:00
940GZZLUSTD,Stratford,MON,13:30-13:45,13:30,0.24,11:45-13:45,15:00-17:00
940GZZLUSTD,Stratford,MON,13:45-14:00,13:45,0.24,11:45-13:45,15:00-17:00
940GZZLUSTD,Stratford,MON,14:00-14:15,14:00,0.24,11:45-13:45,15:00-17:00
940GZZLUSTD,Stratford,MON,14:15-14:30,14:15,0.24,11:45-13:45,15:00-17:00
940GZZLUSTD,Stratford,MON,14:30-14:45,14:30,0.25,11:45-13:45,15:00-17:00
940GZZLUSTD,Stratford,MON,14:45-15:00,14:45,0.25,11:45-13:45,15:00-17:00
940GZZLUSTD,Stratford,MON,15:00-15:15,15:00,0.25,11:45-13:45,15:00-17:00
940GZZLUSTD,Stratford,MON,15:15-15:30,15:15,0.25,11:45-13:45,15:00-17:00
940GZZLUSTD,Stratford,MON,15:30-15:45,15:30,0.26,11:45-13:45,15:00-17:00
940GZZLUSTD,Stratford,MON,15:45-16:00,15:45,0.26,11:45-13:45,15:00-17:00
940GZZLUSTD,Stratford,MON,16:00-16:15,16:00,0.26,11:45-13:45,15:00-17:00
940GZZLUSTD,Stratford,MON,16:15-16:30,16:15,0.27,11:45-13:45,15:00-17:00
940GZZLUSTD,Stratford,MON,16:30-16:45,16:30,0.27,11:45-13:45,15:00-17:00
940GZZLUSTD,Stratford,MON,16:45-17:00,16:45,0.27,11:45-13:45,15:00-17:00
940GZZLUSTD,Stratford,MON,17:00-17:15,17:00,0.24,11:45-13:45,15:00-17:00
940GZZLUSTD,Stratford,MON,17:15-17:30,17:15,0.22,11:45-13:45,15:00-17:00
940GZZLUSTD,Stratford,MON,17:30-17:45,17:30,0.18,11:45-13:45,15:00-17:00
940GZZLUSTD,Stratford,MON,17:45-18:00,17:45,0.15,11:45-13:45,15:00-17:00
940GZZLUSTD,Stratford,MON,18:00-18:15,18:00,0.13,11:45-13:45,15:00-17:00
940GZZLUSTD,Stratford,MON,18:15-18:30,18:15,0.12,11:45-13:45,15:00-17:00
940GZZLUSTD,Stratford,MON,18:30-18:45,18:30,0.14,11:45-13:45,15:00-17:00
940GZZLUSTD,Stratford,MON,18:45-19:00,18:45,0.16,11:45-13:45,15:00-17:00
940GZZLUSTD,Stratford,MON,19:00-19:15,19:00,0.18,11:45-13:45,15:00-17:00
940GZZLUSTD,Stratford,MON,19:15-19:30,19:15,0.2,11:45-13:45,15:00-17:00
940GZZLUSTD,Stratford,MON,19:30-19:45,19:30,0.21,11:45-13:45,15:00-17:00
940GZZLUSTD,Stratford,MON,19:45-20:00,19:45,0.21,11:45-13:45,15:00-17:00
940GZZLUSTD,Stratford,MON,20:00-20:15,20:00,0.21,11:45-13:45,15:00-17:00
940GZZLUSTD,Stratford,MON,20:15-20:30,20:15,0.19,11:45-13:45,15:00-17:00
940GZZLUSTD,Stratford,MON,20:30-20:45,20:30,0.18,11:45-13:45,15:00-17:00
940GZZLUSTD,Stratford,MON,20:45-21:00,20:45,0.18,11:45-13:45,15:00-17:00
940GZZLUSTD,Stratford,MON,21:00-21:15,21:00,0.17,11:45-13:45,15:00-17:00
940GZZLUSTD,Stratford,MON,21:15-21:30,21:15,0.16,11:45-13:45,15:00-17:00
940GZZLUSTD,Stratford,MON,21:30-21:45,21:30,0.15,11:45-13:45,15:00-17:00
940GZZLUSTD,Stratford,MON,21:45-22:00,21:45,0.14,11:45-13:45,15:00-17:00
940GZZLUSTD,Stratford,MON,22:00-22:15,22:00,0.13,11:45-13:45,15:00-17:00
940GZZLUSTD,Stratford,MON,22:15-22:30,22:15,0.12,11:45-13:45,15:00-17:00
940GZZLUSTD,Stratford,MON,22:30-22:45,22:30,0.12,11:45-13:45,15:00-17:00
940GZZLUSTD,Stratford,MON,22:45-23:00,22:45,0.11,11:45-13:45,15:00-17:00
940GZZLUSTD,Stratford,MON,23:00-23:15,23:00,0.1,11:45-13:45,15:00-17:00
940GZZLUSTD,Stratford,MON,23:15-23:30,23:15,0.09,11:45-13:45,15:00-17:00
940GZZLUSTD,Stratford,MON,23:30-23:45,23:30,0.08,11:45-13:45,15:00-17:00
940GZZLUSTD,Stratford,MON,23:45-00:00,23:45,0.07,11:45-13:45,15:00-17:00
940GZZLUSTD,Stratford,WED,00:00-00:15,00:00,0.07,11:45-13:45,14:45-16:45
940GZZLUSTD,Stratford,WED,00:15-00:30,00:15,0.06,11:45-13:45,14:45-16:45
940GZZLUSTD,Stratford,WED,00:30-00:45,00:30,0.05,11:45-13:45,14:45-16:45
940GZZLUSTD,Stratford,WED,00:45-01:00,00:45,0.04,11:45-13:45,14:45-16:45
940GZZLUSTD,Stratford,WED,01:00-01:15,01:00,0.03,11:45-13:45,14:45-16:45
940GZZLUSTD,Stratford,WED,01:15-01:30,01:15,0.02,11:45-13:45,14:45-16:45
940GZZLUSTD,Stratford,WED,01:30-01:45,01:30,0.01,11:45-13:45,14:45-16:45
940GZZLUSTD,Stratford,WED,01:45-02:00,01:45,0.01,11:45-13:45,14:45-16:45
940GZZLUSTD,Stratford,WED,02:00-02:15,02:00,0.01,11:45-13:45,14:45-16:45
940GZZLUSTD,Stratford,WED,02:15-02:30,02:15,0.01,11:45-13:45,14:45-16:45
940GZZLUSTD,Stratford,WED,02:30-02:45,02:30,0.01,11:45-13:45,14:45-16:45
940GZZLUSTD,Stratford,WED,02:45-03:00,02:45,0.01,11:45-13:45,14:45-16:45
940GZZLUSTD,Stratford,WED,03:00-03:15,03:00,0.01,11:45-13:45,14:45-16:45
940GZZLUSTD,Stratford,WED,03:15-03:30,03:15,0.01,11:45-13:45,14:45-16:45
940GZZLUSTD,Stratford,WED,03:30-03:45,03:30,0,11:45-13:45,14:45-16:45
940GZZLUSTD,Stratford,WED,03:45-04:00,03:45,0.01,11:45-13:45,14:45-16:45
940GZZLUSTD,Stratford,WED,04:00-04:15,04:00,0.01,11:45-13:45,14:45-16:45
940GZZLUSTD,Stratford,WED,04:15-04:30,04:15,0.01,11:45-13:45,14:45-16:45
940GZZLUSTD,Stratford,WED,04:30-04:45,04:30,0.01,11:45-13:45,14:45-16:45
940GZZLUSTD,Stratford,WED,04:45-05:00,04:45,0.01,11:45-13:45,14:45-16:45
940GZZLUSTD,Stratford,WED,05:00-05:15,05:00,0.02,11:45-13:45,14:45-16:45
940GZZLUSTD,Stratford,WED,05:15-05:30,05:15,0.03,11:45-13:45,14:45-16:45
940GZZLUSTD,Stratford,WED,05:30-05:45,05:30,0.04,11:45-13:45,14:45-16:45
940GZZLUSTD,Stratford,WED,05:45-06:00,05:45,0.06,11:45-13:45,14:45-16:45
940GZZLUSTD,Stratford,WED,06:00-06:15,06:00,0.08,11:45-13:45,14:45-16:45
940GZZLUSTD,Stratford,WED,06:15-06:30,06:15,0.1,11:45-13:45,14:45-16:45
940GZZLUSTD,Stratford,WED,06:30-06:45,06:30,0.13,11:45-13:45,14:45-16:45
940GZZLUSTD,Stratford,WED,06:45-07:00,06:45,0.16,11:45-13:45,14:45-16:45
940GZZLUSTD,Stratford,WED,07:00-07:15,07:00,0.2,11:45-13:45,14:45-16:45
940GZZLUSTD,Stratford,WED,07:15-07:30,07:15,0.24,11:45-13:45,14:45-16:45
940GZZLUSTD,Stratford,WED,07:30-07:45,07:30,0.25,11:45-13:45,14:45-16:45
940GZZLUSTD,Stratford,WED,07:45-08:00,07:45,0.23,11:45-13:45,14:45-16:45
940GZZLUSTD,Stratford,WED,08:00-08:15,08:00,0.19,11:45-13:45,14:45-16:45
940GZZLUSTD,Stratford,WED,08:15-08:30,08:15,0.14,11:45-13:45,14:45-16:45
940GZZLUSTD,Stratford,WED,08:30-08:45,08:30,0.08,11:45-13:45,14:45-16:45
940GZZLUSTD,Stratford,WED,08:45-09:00,08:45,0.03,11:45-13:45,14:45-16:45
940GZZLUSTD,Stratford,WED,09:00-09:15,09:00,0.01,11:45-13:45,14:45-16:45
940GZZLUSTD,Stratford,WED,09:15-09:30,09:15,0.03,11:45-13:45,14:45-16:45
940GZZLUSTD,Stratford,WED,09:30-09:45,09:30,0.06,11:45-13:45,14:45-16:45
940GZZLUSTD,Stratford,WED,09:45-10:00,09:45,0.1,11:45-13:45,14:45-16:45
940GZZLUSTD,Stratford,WED,10:00-10:15,10:00,0.14,11:45-13:45,14:45-16:45
940GZZLUSTD,Stratford,WED,10:15-10:30,10:15,0.17,11:45-13:45,14:45-16:45
940GZZLUSTD,Stratford,WED,10:30-10:45,10:30,0.19,11:45-13:45,14:45-16:45
940GZZLUSTD,Stratford,WED,10:45-11:00,10:45,0.2,11:45-13:45,14:45-16:45
940GZZLUSTD,Stratford,WED,11:00-11:15,11:00,0.2,11:45-13:45,14:45-16:45
940GZZLUSTD,Stratford,WED,11:15-11:30,11:15,0.2,11:45-13:45,14:45-16:45
940GZZLUSTD,Stratford,WED,11:30-11:45,11:30,0.2,11:45-13:45,14:45-16:45
940GZZLUSTD,Stratford,WED,11:45-12:00,11:45,0.2,11:45-13:45,14:45-16:45
940GZZLUSTD,Stratford,WED,12:00-12:15,12:00,0.2,11:45-13:45,14:45-16:45
940GZZLUSTD,Stratford,WED,12:15-12:30,12:15,0.21,11:45-13:45,14:45-16:45
940GZZLUSTD,Stratford,WED,12:30-12:45,12:30,0.21,11:45-13:45,14:45-16:45
940GZZLUSTD,Stratford,WED,12:45-13:00,12:45,0.22,11:45-13:45,14:45-16:45
940GZZLUSTD,Stratford,WED,13:00-13:15,13:00,0.22,11:45-13:45,14:45-16:45
940GZZLUSTD,Stratford,WED,13:15-13:30,13:15,0.23,11:45-13:45,14:45-16:45
940GZZLUSTD,Stratford,WED,13:30-13:45,13:30,0.24,11:45-13:45,14:45-16:45
940GZZLUSTD,Stratford,WED,13:45-14:00,13:45,0.24,11:45-13:45,14:45-16:45
940GZZLUSTD,Stratford,WED,14:00-14:15,14:00,0.24,11:45-13:45,14:45-16:45
940GZZLUSTD,Stratford,WED,14:15-14:30,14:15,0.24,11:45-13:45,14:45-16:45
940GZZLUSTD,Stratford,WED,14:30-14:45,14:30,0.24,11:45-13:45,14:45-16:45
940GZZLUSTD,Stratford,WED,14:45-15:00,14:45,0.24,11:45-13:45,14:45-16:45
940GZZLUSTD,Stratford,WED,15:00-15:15,15:00,0.25,11:45-13:45,14:45-16:45
940GZZLUSTD,Stratford,WED,15:15-15:30,15:15,0.25,11:45-13:45,14:45-16:45
940GZZLUSTD,Stratford,WED,15:30-15:45,15:30,0.27,11:45-13:45,14:45-16:45
940GZZLUSTD,Stratford,WED,15:45-16:00,15:45,0.29,11:45-13:45,14:45-16:45
940GZZLUSTD,Stratford,WED,16:00-16:15,16:00,0.29,11:45-13:45,14:45-16:45
940GZZLUSTD,Stratford,WED,16:15-16:30,16:15,0.27,11:45-13:45,14:45-16:45
940GZZLUSTD,Stratford,WED,16:30-16:45,16:30,0.25,11:45-13:45,14:45-16:45
940GZZLUSTD,Stratford,WED,16:45-17:00,16:45,0.21,11:45-13:45,14:45-16:45
940GZZLUSTD,Stratford,WED,17:00-17:15,17:00,0.18,11:45-13:45,14:45-16:45
940GZZLUSTD,Stratford,WED,17:15-17:30,17:15,0.15,11:45-13:45,14:45-16:45
940GZZLUSTD,Stratford,WED,17:30-17:45,17:30,0.13,11:45-13:45,14:45-16:45
940GZZLUSTD,Stratford,WED,17:45-18:00,17:45,0.13,11:45-13:45,14:45-16:45
940GZZLUSTD,Stratford,WED,18:00-18:15,18:00,0.11,11:45-13:45,14:45-16:45
940GZZLUSTD,Stratford,WED,18:15-18:30,18:15,0.1,11:45-13:45,14:45-16:45
940GZZLUSTD,Stratford,WED,18:30-18:45,18:30,0.08,11:45-13:45,14:45-16:45
940GZZLUSTD,Stratford,WED,18:45-19:00,18:45,0.07,11:45-13:45,14:45-16:45
940GZZLUSTD,Stratford,WED,19:00-19:15,19:00,0.08,11:45-13:45,14:45-16:45
940GZZLUSTD,Stratford,WED,19:15-19:30,19:15,0.11,11:45-13:45,14:45-16:45
940GZZLUSTD,Stratford,WED,19:30-19:45,19:30,0.14,11:45-13:45,14:45-16:45
940GZZLUSTD,Stratford,WED,19:45-20:00,19:45,0.17,11:45-13:45,14:45-16:45
940GZZLUSTD,Stratford,WED,20:00-20:15,20:00,0.2,11:45-13:45,14:45-16:45
940GZZLUSTD,Stratford,WED,20:15-20:30,20:15,0.21,11:45-13:45,14:45-16:45
940GZZLUSTD,Stratford,WED,20:30-20:45,20:30,0.21,11:45-13:45,14:45-16:45
940GZZLUSTD,Stratford,WED,20:45-21:00,20:45,0.19,11:45-13:45,14:45-16:45
940GZZLUSTD,Stratford,WED,21:00-21:15,21:00,0.18,11:45-13:45,14:45-16:45
940GZZLUSTD,Stratford,WED,21:15-21:30,21:15,0.18,11:45-13:45,14:45-16:45
940GZZLUSTD,Stratford,WED,21:30-21:45,21:30,0.17,11:45-13:45,14:45-16:45
940GZZLUSTD,Stratford,WED,21:45-22:00,21:45,0.16,11:45-13:45,14:45-16:45
940GZZLUSTD,Stratford,WED,22:00-22:15,22:00,0.15,11:45-13:45,14:45-16:45
940GZZLUSTD,Stratford,WED,22:15-22:30,22:15,0.14,11:45-13:45,14:45-16:45
940GZZLUSTD,Stratford,WED,22:30-22:45,22:30,0.13,11:45-13:45,14:45-16:45
940GZZLUSTD,Stratford,WED,22:45-23:00,22:45,0.12,11:45-13:45,14:45-16:45
940GZZLUSTD,Stratford,WED,23:00-23:15,23:00,0.11,11:45-13:45,14:45-16:45
940GZZLUSTD,Stratford,WED,23:15-23:30,23:15,0.1,11:45-13:45,14:45-16:45
940GZZLUSTD,Stratford,WED,23:30-23:45,23:30,0.09,11:45-13:45,14:45-16:45
940GZZLUSTD,Stratford,WED,23:45-00:00,23:45,0.09,11:45-13:45,14:45-16:45
940GZZLUSTD,Stratford,TUE,00:00-00:15,00:00,0.04,11:45-13:45,14:45-16:45
940GZZLUSTD,Stratford,TUE,00:15-00:30,00:15,0.04,11:45-13:45,14:45-16:45
940GZZLUSTD,Stratford,TUE,00:30-00:45,00:30,0.03,11:45-13:45,14:45-16:45
940GZZLUSTD,Stratford,TUE,00:45-01:00,00:45,0.03,11:45-13:45,14:45-16:45
940GZZLUSTD,Stratford,TUE,01:00-01:15,01:00,0.02,11:45-13:45,14:45-16:45
940GZZLUSTD,Stratford,TUE,01:15-01:30,01:15,0.02,11:45-13:45,14:45-16:45
940GZZLUSTD,Stratford,TUE,01:30-01:45,01:30,0.01,11:45-13:45,14:45-16:45
940GZZLUSTD,Stratford,TUE,01:45-02:00,01:45,0.01,11:45-13:45,14:45-16:45
940GZZLUSTD,Stratford,TUE,02:00-02:15,02:00,0.01,11:45-13:45,14:45-16:45
940GZZLUSTD,Stratford,TUE,02:15-02:30,02:15,0.01,11:45-13:45,14:45-16:45
940GZZLUSTD,Stratford,TUE,02:30-02:45,02:30,0.01,11:45-13:45,14:45-16:45
940GZZLUSTD,Stratford,TUE,02:45-03:00,02:45,0.01,11:45-13:45,14:45-16:45
940GZZLUSTD,Stratford,TUE,03:00-03:15,03:00,0.01,11:45-13:45,14:45-16:45
940GZZLUSTD,Stratford,TUE,03:15-03:30,03:15,0.01,11:45-13:45,14:45-16:45
940GZZLUSTD,Stratford,TUE,03:30-03:45,03:30,0,11:45-13:45,14:45-16:45
940GZZLUSTD,Stratford,TUE,03:45-04:00,03:45,0,11:45-13:45,14:45-16:45
940GZZLUSTD,Stratford,TUE,04:00-04:15,04:00,0,11:45-13:45,14:45-16:45
940GZZLUSTD,Stratford,TUE,04:15-04:30,04:15,0,11:45-13:45,14:45-16:45
940GZZLUSTD,Stratford,TUE,04:30-04:45,04:30,0.01,11:45-13:45,14:45-16:45
940GZZLUSTD,Stratford,TUE,04:45-05:00,04:45,0.01,11:45-13:45,14:45-16:45
940GZZLUSTD,Stratford,TUE,05:00-05:15,05:00,0.02,11:45-13:45,14:45-16:45
940GZZLUSTD,Stratford,TUE,05:15-05:30,05:15,0.03,11:45-13:45,14:45-16:45
940GZZLUSTD,Stratford,TUE,05:30-05:45,05:30,0.04,11:45-13:45,14:45-16:45
940GZZLUSTD,Stratford,TUE,05:45-06:00,05:45,0.05,11:45-13:45,14:45-16:45
940GZZLUSTD,Stratford,TUE,06:00-06:15,06:00,0.06,11:45-13:45,14:45-16:45
940GZZLUSTD,Stratford,TUE,06:15-06:30,06:15,0.08,11:45-13:45,14:45-16:45
940GZZLUSTD,Stratford,TUE,06:30-06:45,06:30,0.1,11:45-13:45,14:45-16:45
940GZZLUSTD,Stratford,TUE,06:45-07:00,06:45,0.13,11:45-13:45,14:45-16:45
940GZZLUSTD,Stratford,TUE,07:00-07:15,07:00,0.16,11:45-13:45,14:45-16:45
940GZZLUSTD,Stratford,TUE,07:15-07:30,07:15,0.19,11:45-13:45,14:45-16:45
940GZZLUSTD,Stratford,TUE,07:30-07:45,07:30,0.2,11:45-13:45,14:45-16:45
940GZZLUSTD,Stratford,TUE,07:45-08:00,07:45,0.18,11:45-13:45,14:45-16:45
940GZZLUSTD,Stratford,TUE,08:00-08:15,08:00,0.15,11:45-13:45,14:45-16:45
940GZZLUSTD,Stratford,TUE,08:15-08:30,08:15,0.1,11:45-13:45,14:45-16:45
940GZZLUSTD,Stratford,TUE,08:30-08:45,08:30,0.05,11:45-13:45,14:45-16:45
940GZZLUSTD,Stratford,TUE,08:45-09:00,08:45,0.01,11:45-13:45,14:45-16:45
940GZZLUSTD,Stratford,TUE,09:00-09:15,09:00,0,11:45-13:45,14:45-16:45
940GZZLUSTD,Stratford,TUE,09:15-09:30,09:15,0,11:45-13:45,14:45-16:45
940GZZLUSTD,Stratford,TUE,09:30-09:45,09:30,0.03,11:45-13:45,14:45-16:45
940GZZLUSTD,Stratford,TUE,09:45-10:00,09:45,0.07,11:45-13:45,14:45-16:45
940GZZLUSTD,Stratford,TUE,10:00-10:15,10:00,0.11,11:45-13:45,14:45-16:45
940GZZLUSTD,Stratford,TUE,10:15-10:30,10:15,0.14,11:45-13:45,14:45-16:45
940GZZLUSTD,Stratford,TUE,10:30-10:45,10:30,0.16,11:45-13:45,14:45-16:45
940GZZLUSTD,Stratford,TUE,10:45-11:00,10:45,0.16,11:45-13:45,14:45-16:45
940GZZLUSTD,Stratford,TUE,11:00-11:15,11:00,0.15,11:45-13:45,14:45-16:45
940GZZLUSTD,Stratford,TUE,11:15-11:30,11:15,0.15,11:45-13:45,14:45-16:45
940GZZLUSTD,Stratford,TUE,11:30-11:45,11:30,0.15,11:45-13:45,14:45-16:45
940GZZLUSTD,Stratford,TUE,11:45-12:00,11:45,0.16,11:45-13:45,14:45-16:45
940GZZLUSTD,Stratford,TUE,12:00-12:15,12:00,0.16,11:45-13:45,14:45-16:45
940GZZLUSTD,Stratford,TUE,12:15-12:30,12:15,0.17,11:45-13:45,14:45-16:45
940GZZLUSTD,Stratford,TUE,12:30-12:45,12:30,0.17,11:45-13:45,14:45-16:45
940GZZLUSTD,Stratford,TUE,12:45-13:00,12:45,0.17,11:45-13:45,14:45-16:45
940GZZLUSTD,Stratford,TUE,13:00-13:15,13:00,0.18,11:45-13:45,14:45-16:45
940GZZLUSTD,Stratford,TUE,13:15-13:30,13:15,0.18,11:45-13:45,14:45-16:45
940GZZLUSTD,Stratford,TUE,13:30-13:45,13:30,0.18,11:45-13:45,14:45-16:45
940GZZLUSTD,Stratford,TUE,13:45-14:00,13:45,0.18,11:45-13:45,14:45-16:45
940GZZLUSTD,Stratford,TUE,14:00-14:15,14:00,0.19,11:45-13:45,14:45-16:45
940GZZLUSTD,Stratford,TUE,14:15-14:30,14:15,0.19,11:45-13:45,14:45-16:45
940GZZLUSTD,Stratford,TUE,14:30-14:45,14:30,0.19,11:45-13:45,14:45-16:45
940GZZLUSTD,Stratford,TUE,14:45-15:00,14:45,0.19,11:45-13:45,14:45-16:45
940GZZLUSTD,Stratford,TUE,15:00-15:15,15:00,0.19,11:45-13:45,14:45-16:45
940GZZLUSTD,Stratford,TUE,15:15-15:30,15:15,0.2,11:45-13:45,14:45-16:45
940GZZLUSTD,Stratford,TUE,15:30-15:45,15:30,0.21,11:45-13:45,14:45-16:45
940GZZLUSTD,Stratford,TUE,15:45-16:00,15:45,0.23,11:45-13:45,14:45-16:45
940GZZLUSTD,Stratford,TUE,16:00-16:15,16:00,0.24,11:45-13:45,14:45-16:45
940GZZLUSTD,Stratford,TUE,16:15-16:30,16:15,0.23,11:45-13:45,14:45-16:45
940GZZLUSTD,Stratford,TUE,16:30-16:45,16:30,0.21,11:45-13:45,14:45-16:45
940GZZLUSTD,Stratford,TUE,16:45-17:00,16:45,0.18,11:45-13:45,14:45-16:45
940GZZLUSTD,Stratford,TUE,17:00-17:15,17:00,0.14,11:45-13:45,14:45-16:45
940GZZLUSTD,Stratford,TUE,17:15-17:30,17:15,0.1,11:45-13:45,14:45-16:45
940GZZLUSTD,Stratford,TUE,17:30-17:45,17:30,0.07,11:45-13:45,14:45-16:45
940GZZLUSTD,Stratford,TUE,17:45-18:00,17:45,0.05,11:45-13:45,14:45-16:45
940GZZLUSTD,Stratford,TUE,18:00-18:15,18:00,0.04,11:45-13:45,14:45-16:45
940GZZLUSTD,Stratford,TUE,18:15-18:30,18:15,0.03,11:45-13:45,14:45-16:45
940GZZLUSTD,Stratford,TUE,18:30-18:45,18:30,0.03,11:45-13:45,14:45-16:45
940GZZLUSTD,Stratford,TUE,18:45-19:00,18:45,0.05,11:45-13:45,14:45-16:45
940GZZLUSTD,Stratford,TUE,19:00-19:15,19:00,0.08,11:45-13:45,14:45-16:45
940GZZLUSTD,Stratford,TUE,19:15-19:30,19:15,0.11,11:45-13:45,14:45-16:45
940GZZLUSTD,Stratford,TUE,19:30-19:45,19:30,0.13,11:45-13:45,14:45-16:45
940GZZLUSTD,Stratford,TUE,19:45-20:00,19:45,0.15,11:45-13:45,14:45-16:45
940GZZLUSTD,Stratford,TUE,20:00-20:15,20:00,0.17,11:45-13:45,14:45-16:45
940GZZLUSTD,Stratford,TUE,20:15-20:30,20:15,0.16,11:45-13:45,14:45-16:45
940GZZLUSTD,Stratford,TUE,20:30-20:45,20:30,0.15,11:45-13:45,14:45-16:45
940GZZLUSTD,Stratford,TUE,20:45-21:00,20:45,0.15,11:45-13:45,14:45-16:45
940GZZLUSTD,Stratford,TUE,21:00-21:15,21:00,0.14,11:45-13:45,14:45-16:45
940GZZLUSTD,Stratford,TUE,21:15-21:30,21:15,0.14,11:45-13:45,14:45-16:45
940GZZLUSTD,Stratford,TUE,21:30-21:45,21:30,0.15,11:45-13:45,14:45-16:45
940GZZLUSTD,Stratford,TUE,21:45-22:00,21:45,0.16,11:45-13:45,14:45-16:45
940GZZLUSTD,Stratford,TUE,22:00-22:15,22:00,0.17,11:45-13:45,14:45-16:45
940GZZLUSTD,Stratford,TUE,22:15-22:30,22:15,0.16,11:45-13:45,14:45-16:45
940GZZLUSTD,Stratford,TUE,22:30-22:45,22:30,0.15,11:45-13:45,14:45-16:45
940GZZLUSTD,Stratford,TUE,22:45-23:00,22:45,0.13,11:45-13:45,14:45-16:45
940GZZLUSTD,Stratford,TUE,23:00-23:15,23:00,0.11,11:45-13:45,14:45-16:45
940GZZLUSTD,Stratford,TUE,23:15-23:30,23:15,0.1,11:45-13:45,14:45-16:45
940GZZLUSTD,Stratford,TUE,23:30-23:45,23:30,0.08,11:45-13:45,14:45-16:45
940GZZLUSTD,Stratford,TUE,23:45-00:00,23:45,0.06,11:45-13:45,14:45-16:45
940GZZLUSTD,Stratford,SUN,00:00-00:15,00:00,0.05,11:45-13:45,15:30-17:30
940GZZLUSTD,Stratford,SUN,00:15-00:30,00:15,0.05,11:45-13:45,15:30-17:30
940GZZLUSTD,Stratford,SUN,00:30-00:45,00:30,0.05,11:45-13:45,15:30-17:30
940GZZLUSTD,Stratford,SUN,00:45-01:00,00:45,0.05,11:45-13:45,15:30-17:30
940GZZLUSTD,Stratford,SUN,01:00-01:15,01:00,0.05,11:45-13:45,15:30-17:30
940GZZLUSTD,Stratford,SUN,01:15-01:30,01:15,0.05,11:45-13:45,15:30-17:30
940GZZLUSTD,Stratford,SUN,01:30-01:45,01:30,0.05,11:45-13:45,15:30-17:30
940GZZLUSTD,Stratford,SUN,01:45-02:00,01:45,0.05,11:45-13:45,15:30-17:30
940GZZLUSTD,Stratford,SUN,02:00-02:15,02:00,0.05,11:45-13:45,15:30-17:30
940GZZLUSTD,Stratford,SUN,02:15-02:30,02:15,0.05,11:45-13:45,15:30-17:30
940GZZLUSTD,Stratford,SUN,02:30-02:45,02:30,0.05,11:45-13:45,15:30-17:30
940GZZLUSTD,Stratford,SUN,02:45-03:00,02:45,0.04,11:45-13:45,15:30-17:30
940GZZLUSTD,Stratford,SUN,03:00-03:15,03:00,0.04,11:45-13:45,15:30-17:30
940GZZLUSTD,Stratford,SUN,03:15-03:30,03:15,0.04,11:45-13:45,15:30-17:30
940GZZLUSTD,Stratford,SUN,03:30-03:45,03:30,0.03,11:45-13:45,15:30-17:30
940GZZLUSTD,Stratford,SUN,03:45-04:00,03:45,0.03,11:45-13:45,15:30-17:30
940GZZLUSTD,Stratford,SUN,04:00-04:15,04:00,0.02,11:45-13:45,15:30-17:30
940GZZLUSTD,Stratford,SUN,04:15-04:30,04:15,0.02,11:45-13:45,15:30-17:30
940GZZLUSTD,Stratford,SUN,04:30-04:45,04:30,0.02,11:45-13:45,15:30-17:30
940GZZLUSTD,Stratford,SUN,04:45-05:00,04:45,0.02,11:45-13:45,15:30-17:30
940GZZLUSTD,Stratford,SUN,05:00-05:15,05:00,0.03,11:45-13:45,15:30-17:30
940GZZLUSTD,Stratford,SUN,05:15-05:30,05:15,0.03,11:45-13:45,15:30-17:30
940GZZLUSTD,Stratford,SUN,05:30-05:45,05:30,0.04,11:45-13:45,15:30-17:30
940GZZLUSTD,Stratford,SUN,05:45-06:00,05:45,0.04,11:45-13:45,15:30-17:30
940GZZLUSTD,Stratford,SUN,06:00-06:15,06:00,0.05,11:45-13:45,15:30-17:30
940GZZLUSTD,Stratford,SUN,06:15-06:30,06:15,0.05,11:45-13:45,15:30-17:30
940GZZLUSTD,Stratford,SUN,06:30-06:45,06:30,0.06,11:45-13:45,15:30-17:30
940GZZLUSTD,Stratford,SUN,06:45-07:00,06:45,0.07,11:45-13:45,15:30-17:30
940GZZLUSTD,Stratford,SUN,07:00-07:15,07:00,0.07,11:45-13:45,15:30-17:30
940GZZLUSTD,Stratford,SUN,07:15-07:30,07:15,0.08,11:45-13:45,15:30-17:30
940GZZLUSTD,Stratford,SUN,07:30-07:45,07:30,0.08,11:45-13:45,15:30-17:30
940GZZLUSTD,Stratford,SUN,07:45-08:00,07:45,0.08,11:45-13:45,15:30-17:30
940GZZLUSTD,Stratford,SUN,08:00-08:15,08:00,0.09,11:45-13:45,15:30-17:30
940GZZLUSTD,Stratford,SUN,08:15-08:30,08:15,0.09,11:45-13:45,15:30-17:30
940GZZLUSTD,Stratford,SUN,08:30-08:45,08:30,0.09,11:45-13:45,15:30-17:30
940GZZLUSTD,Stratford,SUN,08:45-09:00,08:45,0.1,11:45-13:45,15:30-17:30
940GZZLUSTD,Stratford,SUN,09:00-09:15,09:00,0.11,11:45-13:45,15:30-17:30
940GZZLUSTD,Stratford,SUN,09:15-09:30,09:15,0.11,11:45-13:45,15:30-17:30
940GZZLUSTD,Stratford,SUN,09:30-09:45,09:30,0.12,11:45-13:45,15:30-17:30
940GZZLUSTD,Stratford,SUN,09:45-10:00,09:45,0.13,11:45-13:45,15:30-17:30
940GZZLUSTD,Stratford,SUN,10:00-10:15,10:00,0.14,11:45-13:45,15:30-17:30
940GZZLUSTD,Stratford,SUN,10:15-10:30,10:15,0.15,11:45-13:45,15:30-17:30
940GZZLUSTD,Stratford,SUN,10:30-10:45,10:30,0.16,11:45-13:45,15:30-17:30
940GZZLUSTD,Stratford,SUN,10:45-11:00,10:45,0.17,11:45-13:45,15:30-17:30
940GZZLUSTD,Stratford,SUN,11:00-11:15,11:00,0.18,11:45-13:45,15:30-17:30
940GZZLUSTD,Stratford,SUN,11:15-11:30,11:15,0.19,11:45-13:45,15:30-17:30
940GZZLUSTD,Stratford,SUN,11:30-11:45,11:30,0.2,11:45-13:45,15:30-17:30
940GZZLUSTD,Stratford,SUN,11:45-12:00,11:45,0.21,11:45-13:45,15:30-17:30
940GZZLUSTD,Stratford,SUN,12:00-12:15,12:00,0.22,11:45-13:45,15:30-17:30
940GZZLUSTD,Stratford,SUN,12:15-12:30,12:15,0.23,11:45-13:45,15:30-17:30
940GZZLUSTD,Stratford,SUN,12:30-12:45,12:30,0.24,11:45-13:45,15:30-17:30
940GZZLUSTD,Stratford,SUN,12:45-13:00,12:45,0.25,11:45-13:45,15:30-17:30
940GZZLUSTD,Stratford,SUN,13:00-13:15,13:00,0.25,11:45-13:45,15:30-17:30
940GZZLUSTD,Stratford,SUN,13:15-13:30,13:15,0.25,11:45-13:45,15:30-17:30
940GZZLUSTD,Stratford,SUN,13:30-13:45,13:30,0.26,11:45-13:45,15:30-17:30
940GZZLUSTD,Stratford,SUN,13:45-14:00,13:45,0.26,11:45-13:45,15:30-17:30
940GZZLUSTD,Stratford,SUN,14:00-14:15,14:00,0.26,11:45-13:45,15:30-17:30
940GZZLUSTD,Stratford,SUN,14:15-14:30,14:15,0.27,11:45-13:45,15:30-17:30
940GZZLUSTD,Stratford,SUN,14:30-14:45,14:30,0.27,11:45-13:45,15:30-17:30
940GZZLUSTD,Stratford,SUN,14:45-15:00,14:45,0.27,11:45-13:45,15:30-17:30
940GZZLUSTD,Stratford,SUN,15:00-15:15,15:00,0.27,11:45-13:45,15:30-17:30
940GZZLUSTD,Stratford,SUN,15:15-15:30,15:15,0.27,11:45-13:45,15:30-17:30
940GZZLUSTD,Stratford,SUN,15:30-15:45,15:30,0.27,11:45-13:45,15:30-17:30
940GZZLUSTD,Stratford,SUN,15:45-16:00,15:45,0.27,11:45-13:45,15:30-17:30
940GZZLUSTD,Stratford,SUN,16:00-16:15,16:00,0.27,11:45-13:45,15:30-17:30
940GZZLUSTD,Stratford,SUN,16:15-16:30,16:15,0.27,11:45-13:45,15:30-17:30
940GZZLUSTD,Stratford,SUN,16:30-16:45,16:30,0.27,11:45-13:45,15:30-17:30
940GZZLUSTD,Stratford,SUN,16:45-17:00,16:45,0.27,11:45-13:45,15:30-17:30
940GZZLUSTD,Stratford,SUN,17:00-17:15,17:00,0.27,11:45-13:45,15:30-17:30
940GZZLUSTD,Stratford,SUN,17:15-17:30,17:15,0.27,11:45-13:45,15:30-17:30
940GZZLUSTD,Stratford,SUN,17:30-17:45,17:30,0.27,11:45-13:45,15:30-17:30
940GZZLUSTD,Stratford,SUN,17:45-18:00,17:45,0.27,11:45-13:45,15:30-17:30
940GZZLUSTD,Stratford,SUN,18:00-18:15,18:00,0.26,11:45-13:45,15:30-17:30
940GZZLUSTD,Stratford,SUN,18:15-18:30,18:15,0.25,11:45-13:45,15:30-17:30
940GZZLUSTD,Stratford,SUN,18:30-18:45,18:30,0.24,11:45-13:45,15:30-17:30
940GZZLUSTD,Stratford,SUN,18:45-19:00,18:45,0.23,11:45-13:45,15:30-17:30
940GZZLUSTD,Stratford,SUN,19:00-19:15,19:00,0.22,11:45-13:45,15:30-17:30
940GZZLUSTD,Stratford,SUN,19:15-19:30,19:15,0.21,11:45-13:45,15:30-17:30
940GZZLUSTD,Stratford,SUN,19:30-19:45,19:30,0.19,11:45-13:45,15:30-17:30
940GZZLUSTD,Stratford,SUN,19:45-20:00,19:45,0.18,11:45-13:45,15:30-17:30
940GZZLUSTD,Stratford,SUN,20:00-20:15,20:00,0.17,11:45-13:45,15:30-17:30
940GZZLUSTD,Stratford,SUN,20:15-20:30,20:15,0.16,11:45-13:45,15:30-17:30
940GZZLUSTD,Stratford,SUN,20:30-20:45,20:30,0.14,11:45-13:45,15:30-17:30
940GZZLUSTD,Stratford,SUN,20:45-21:00,20:45,0.14,11:45-13:45,15:30-17:30
940GZZLUSTD,Stratford,SUN,21:00-21:15,21:00,0.13,11:45-13:45,15:30-17:30
940GZZLUSTD,Stratford,SUN,21:15-21:30,21:15,0.13,11:45-13:45,15:30-17:30
940GZZLUSTD,Stratford,SUN,21:30-21:45,21:30,0.12,11:45-13:45,15:30-17:30
940GZZLUSTD,Stratford,SUN,21:45-22:00,21:45,0.12,11:45-13:45,15:30-17:30
940GZZLUSTD,Stratford,SUN,22:00-22:15,22:00,0.12,11:45-13:45,15:30-17:30
940GZZLUSTD,Stratford,SUN,22:15-22:30,22:15,0.11,11:45-13:45,15:30-17:30
940GZZLUSTD,Stratford,SUN,22:30-22:45,22:30,0.11,11:45-13:45,15:30-17:30
940GZZLUSTD,Stratford,SUN,22:45-23:00,22:45,0.11,11:45-13:45,15:30-17:30
940GZZLUSTD,Stratford,SUN,23:00-23:15,23:00,0.1,11:45-13:45,15:30-17:30
940GZZLUSTD,Stratford,SUN,23:15-23:30,23:15,0.1,11:45-13:45,15:30-17:30
940GZZLUSTD,Stratford,SUN,23:30-23:45,23:30,0.1,11:45-13:45,15:30-17:30
940GZZLUSTD,Stratford,SUN,23:45-00:00,23:45,0.09,11:45-13:45,15:30-17:30
940GZZLUSTD,Stratford,THU,00:00-00:15,00:00,0.07,11:45-13:45,14:45-16:45
940GZZLUSTD,Stratford,THU,00:15-00:30,00:15,0.06,11:45-13:45,14:45-16:45
940GZZLUSTD,Stratford,THU,00:30-00:45,00:30,0.05,11:45-13:45,14:45-16:45
940GZZLUSTD,Stratford,THU,00:45-01:00,00:45,0.04,11:45-13:45,14:45-16:45
940GZZLUSTD,Stratford,THU,01:00-01:15,01:00,0.03,11:45-13:45,14:45-16:45
940GZZLUSTD,Stratford,THU,01:15-01:30,01:15,0.02,11:45-13:45,14:45-16:45
940GZZLUSTD,Stratford,THU,01:30-01:45,01:30,0.02,11:45-13:45,14:45-16:45
940GZZLUSTD,Stratford,THU,01:45-02:00,01:45,0.01,11:45-13:45,14:45-16:45
940GZZLUSTD,Stratford,THU,02:00-02:15,02:00,0.01,11:45-13:45,14:45-16:45
940GZZLUSTD,Stratford,THU,02:15-02:30,02:15,0.01,11:45-13:45,14:45-16:45
940GZZLUSTD,Stratford,THU,02:30-02:45,02:30,0.01,11:45-13:45,14:45-16:45
940GZZLUSTD,Stratford,THU,02:45-03:00,02:45,0.01,11:45-13:45,14:45-16:45
940GZZLUSTD,Stratford,THU,03:00-03:15,03:00,0.01,11:45-13:45,14:45-16:45
940GZZLUSTD,Stratford,THU,03:15-03:30,03:15,0,11:45-13:45,14:45-16:45
940GZZLUSTD,Stratford,THU,03:30-03:45,03:30,0,11:45-13:45,14:45-16:45
940GZZLUSTD,Stratford,THU,03:45-04:00,03:45,0,11:45-13:45,14:45-16:45
940GZZLUSTD,Stratford,THU,04:00-04:15,04:00,0.01,11:45-13:45,14:45-16:45
940GZZLUSTD,Stratford,THU,04:15-04:30,04:15,0.01,11:45-13:45,14:45-16:45
940GZZLUSTD,Stratford,THU,04:30-04:45,04:30,0.01,11:45-13:45,14:45-16:45
940GZZLUSTD,Stratford,THU,04:45-05:00,04:45,0.01,11:45-13:45,14:45-16:45
940GZZLUSTD,Stratford,THU,05:00-05:15,05:00,0.02,11:45-13:45,14:45-16:45
940GZZLUSTD,Stratford,THU,05:15-05:30,05:15,0.03,11:45-13:45,14:45-16:45
940GZZLUSTD,Stratford,THU,05:30-05:45,05:30,0.04,11:45-13:45,14:45-16:45
940GZZLUSTD,Stratford,THU,05:45-06:00,05:45,0.06,11:45-13:45,14:45-16:45
940GZZLUSTD,Stratford,THU,06:00-06:15,06:00,0.08,11:45-13:45,14:45-16:45
940GZZLUSTD,Stratford,THU,06:15-06:30,06:15,0.1,11:45-13:45,14:45-16:45
940GZZLUSTD,Stratford,THU,06:30-06:45,06:30,0.12,11:45-13:45,14:45-16:45
940GZZLUSTD,Stratford,THU,06:45-07:00,06:45,0.14,11:45-13:45,14:45-16:45
940GZZLUSTD,Stratford,THU,07:00-07:15,07:00,0.17,11:45-13:45,14:45-16:45
940GZZLUSTD,Stratford,THU,07:15-07:30,07:15,0.21,11:45-13:45,14:45-16:45
940GZZLUSTD,Stratford,THU,07:30-07:45,07:30,0.21,11:45-13:45,14:45-16:45
940GZZLUSTD,Stratford,THU,07:45-08:00,07:45,0.19,11:45-13:45,14:45-16:45
940GZZLUSTD,Stratford,THU,08:00-08:15,08:00,0.15,11:45-13:45,14:45-16:45
940GZZLUSTD,Stratford,THU,08:15-08:30,08:15,0.11,11:45-13:45,14:45-16:45
940GZZLUSTD,Stratford,THU,08:30-08:45,08:30,0.06,11:45-13:45,14:45-16:45
940GZZLUSTD,Stratford,THU,08:45-09:00,08:45,0.02,11:45-13:45,14:45-16:45
940GZZLUSTD,Stratford,THU,09:00-09:15,09:00,0.02,11:45-13:45,14:45-16:45
940GZZLUSTD,Stratford,THU,09:15-09:30,09:15,0.04,11:45-13:45,14:45-16:45
940GZZLUSTD,Stratford,THU,09:30-09:45,09:30,0.08,11:45-13:45,14:45-16:45
940GZZLUSTD,Stratford,THU,09:45-10:00,09:45,0.11,11:45-13:45,14:45-16:45
940GZZLUSTD,Stratford,THU,10:00-10:15,10:00,0.14,11:45-13:45,14:45-16:45
940GZZLUSTD,Stratford,THU,10:15-10:30,10:15,0.17,11:45-13:45,14:45-16:45
940GZZLUSTD,Stratford,THU,10:30-10:45,10:30,0.2,11:45-13:45,14:45-16:45
940GZZLUSTD,Stratford,THU,10:45-11:00,10:45,0.2,11:45-13:45,14:45-16:45
940GZZLUSTD,Stratford,THU,11:00-11:15,11:00,0.2,11:45-13:45,14:45-16:45
940GZZLUSTD,Stratford,THU,11:15-11:30,11:15,0.2,11:45-13:45,14:45-16:45
940GZZLUSTD,Stratford,THU,11:30-11:45,11:30,0.2,11:45-13:45,14:45-16:45
940GZZLUSTD,Stratford,THU,11:45-12:00,11:45,0.2,11:45-13:45,14:45-16:45
940GZZLUSTD,Stratford,THU,12:00-12:15,12:00,0.21,11:45-13:45,14:45-16:45
940GZZLUSTD,Stratford,THU,12:15-12:30,12:15,0.21,11:45-13:45,14:45-16:45
940GZZLUSTD,Stratford,THU,12:30-12:45,12:30,0.22,11:45-13:45,14:45-16:45
940GZZLUSTD,Stratford,THU,12:45-13:00,12:45,0.22,11:45-13:45,14:45-16:45
940GZZLUSTD,Stratford,THU,13:00-13:15,13:00,0.23,11:45-13:45,14:45-16:45
940GZZLUSTD,Stratford,THU,13:15-13:30,13:15,0.23,11:45-13:45,14:45-16:45
940GZZLUSTD,Stratford,THU,13:30-13:45,13:30,0.24,11:45-13:45,14:45-16:45
940GZZLUSTD,Stratford,THU,13:45-14:00,13:45,0.24,11:45-13:45,14:45-16:45
940GZZLUSTD,Stratford,THU,14:00-14:15,14:00,0.24,11:45-13:45,14:45-16:45
940GZZLUSTD,Stratford,THU,14:15-14:30,14:15,0.24,11:45-13:45,14:45-16:45
940GZZLUSTD,Stratford,THU,14:30-14:45,14:30,0.24,11:45-13:45,14:45-16:45
940GZZLUSTD,Stratford,THU,14:45-15:00,14:45,0.24,11:45-13:45,14:45-16:45
940GZZLUSTD,Stratford,THU,15:00-15:15,15:00,0.24,11:45-13:45,14:45-16:45
940GZZLUSTD,Stratford,THU,15:15-15:30,15:15,0.25,11:45-13:45,14:45-16:45
940GZZLUSTD,Stratford,THU,15:30-15:45,15:30,0.26,11:45-13:45,14:45-16:45
940GZZLUSTD,Stratford,THU,15:45-16:00,15:45,0.28,11:45-13:45,14:45-16:45
940GZZLUSTD,Stratford,THU,16:00-16:15,16:00,0.29,11:45-13:45,14:45-16:45
940GZZLUSTD,Stratford,THU,16:15-16:30,16:15,0.28,11:45-13:45,14:45-16:45
940GZZLUSTD,Stratford,THU,16:30-16:45,16:30,0.25,11:45-13:45,14:45-16:45
940GZZLUSTD,Stratford,THU,16:45-17:00,16:45,0.21,11:45-13:45,14:45-16:45
940GZZLUSTD,Stratford,THU,17:00-17:15,17:00,0.17,11:45-13:45,14:45-16:45
940GZZLUSTD,Stratford,THU,17:15-17:30,17:15,0.14,11:45-13:45,14:45-16:45
940GZZLUSTD,Stratford,THU,17:30-17:45,17:30,0.12,11:45-13:45,14:45-16:45
940GZZLUSTD,Stratford,THU,17:45-18:00,17:45,0.11,11:45-13:45,14:45-16:45
940GZZLUSTD,Stratford,THU,18:00-18:15,18:00,0.1,11:45-13:45,14:45-16:45
940GZZLUSTD,Stratford,THU,18:15-18:30,18:15,0.1,11:45-13:45,14:45-16:45
940GZZLUSTD,Stratford,THU,18:30-18:45,18:30,0.09,11:45-13:45,14:45-16:45
940GZZLUSTD,Stratford,THU,18:45-19:00,18:45,0.09,11:45-13:45,14:45-16:45
940GZZLUSTD,Stratford,THU,19:00-19:15,19:00,0.11,11:45-13:45,14:45-16:45
940GZZLUSTD,Stratford,THU,19:15-19:30,19:15,0.14,11:45-13:45,14:45-16:45
940GZZLUSTD,Stratford,THU,19:30-19:45,19:30,0.17,11:45-13:45,14:45-16:45
940GZZLUSTD,Stratford,THU,19:45-20:00,19:45,0.19,11:45-13:45,14:45-16:45
940GZZLUSTD,Stratford,THU,20:00-20:15,20:00,0.21,11:45-13:45,14:45-16:45
940GZZLUSTD,Stratford,THU,20:15-20:30,20:15,0.22,11:45-13:45,14:45-16:45
940GZZLUSTD,Stratford,THU,20:30-20:45,20:30,0.22,11:45-13:45,14:45-16:45
940GZZLUSTD,Stratford,THU,20:45-21:00,20:45,0.21,11:45-13:45,14:45-16:45
940GZZLUSTD,Stratford,THU,21:00-21:15,21:00,0.2,11:45-13:45,14:45-16:45
940GZZLUSTD,Stratford,THU,21:15-21:30,21:15,0.19,11:45-13:45,14:45-16:45
940GZZLUSTD,Stratford,THU,21:30-21:45,21:30,0.18,11:45-13:45,14:45-16:45
940GZZLUSTD,Stratford,THU,21:45-22:00,21:45,0.18,11:45-13:45,14:45-16:45
940GZZLUSTD,Stratford,THU,22:00-22:15,22:00,0.17,11:45-13:45,14:45-16:45
940GZZLUSTD,Stratford,THU,22:15-22:30,22:15,0.16,11:45-13:45,14:45-16:45
940GZZLUSTD,Stratford,THU,22:30-22:45,22:30,0.16,11:45-13:45,14:45-16:45
940GZZLUSTD,Stratford,THU,22:45-23:00,22:45,0.15,11:45-13:45,14:45-16:45
940GZZLUSTD,Stratford,THU,23:00-23:15,23:00,0.14,11:45-13:45,14:45-16:45
940GZZLUSTD,Stratford,THU,23:15-23:30,23:15,0.13,11:45-13:45,14:45-16:45
940GZZLUSTD,Stratford,THU,23:30-23:45,23:30,0.12,11:45-13:45,14:45-16:45
940GZZLUSTD,Stratford,THU,23:45-00:00,23:45,0.1,11:45-13:45,14:45-16:45
940GZZLUWSM,Westminster,WED,00:00-00:15,00:00,0.11,11:45-13:45,17:00-19:00
940GZZLUWSM,Westminster,WED,00:15-00:30,00:15,0.09,11:45-13:45,17:00-19:00
940GZZLUWSM,Westminster,WED,00:30-00:45,00:30,0.07,11:45-13:45,17:00-19:00
940GZZLUWSM,Westminster,WED,00:45-01:00,00:45,0.05,11:45-13:45,17:00-19:00
940GZZLUWSM,Westminster,WED,01:00-01:15,01:00,0.03,11:45-13:45,17:00-19:00
940GZZLUWSM,Westminster,WED,01:15-01:30,01:15,0.02,11:45-13:45,17:00-19:00
940GZZLUWSM,Westminster,WED,01:30-01:45,01:30,0.01,11:45-13:45,17:00-19:00
940GZZLUWSM,Westminster,WED,01:45-02:00,01:45,0.01,11:45-13:45,17:00-19:00
940GZZLUWSM,Westminster,WED,02:00-02:15,02:00,0.01,11:45-13:45,17:00-19:00
940GZZLUWSM,Westminster,WED,02:15-02:30,02:15,0.01,11:45-13:45,17:00-19:00
940GZZLUWSM,Westminster,WED,02:30-02:45,02:30,0.01,11:45-13:45,17:00-19:00
940GZZLUWSM,Westminster,WED,02:45-03:00,02:45,0.01,11:45-13:45,17:00-19:00
940GZZLUWSM,Westminster,WED,03:00-03:15,03:00,0.01,11:45-13:45,17:00-19:00
940GZZLUWSM,Westminster,WED,03:15-03:30,03:15,0.01,11:45-13:45,17:00-19:00
940GZZLUWSM,Westminster,WED,03:30-03:45,03:30,0.01,11:45-13:45,17:00-19:00
940GZZLUWSM,Westminster,WED,03:45-04:00,03:45,0.01,11:45-13:45,17:00-19:00
940GZZLUWSM,Westminster,WED,04:00-04:15,04:00,0.01,11:45-13:45,17:00-19:00
940GZZLUWSM,Westminster,WED,04:15-04:30,04:15,0.01,11:45-13:45,17:00-19:00
940GZZLUWSM,Westminster,WED,04:30-04:45,04:30,0,11:45-13:45,17:00-19:00
940GZZLUWSM,Westminster,WED,04:45-05:00,04:45,0,11:45-13:45,17:00-19:00
940GZZLUWSM,Westminster,WED,05:00-05:15,05:00,0,11:45-13:45,17:00-19:00
940GZZLUWSM,Westminster,WED,05:15-05:30,05:15,0.02,11:45-13:45,17:00-19:00
940GZZLUWSM,Westminster,WED,05:30-05:45,05:30,0.04,11:45-13:45,17:00-19:00
940GZZLUWSM,Westminster,WED,05:45-06:00,05:45,0.06,11:45-13:45,17:00-19:00
940GZZLUWSM,Westminster,WED,06:00-06:15,06:00,0.09,11:45-13:45,17:00-19:00
940GZZLUWSM,Westminster,WED,06:15-06:30,06:15,0.11,11:45-13:45,17:00-19:00
940GZZLUWSM,Westminster,WED,06:30-06:45,06:30,0.12,11:45-13:45,17:00-19:00
940GZZLUWSM,Westminster,WED,06:45-07:00,06:45,0.13,11:45-13:45,17:00-19:00
940GZZLUWSM,Westminster,WED,07:00-07:15,07:00,0.13,11:45-13:45,17:00-19:00
940GZZLUWSM,Westminster,WED,07:15-07:30,07:15,0.14,11:45-13:45,17:00-19:00
940GZZLUWSM,Westminster,WED,07:30-07:45,07:30,0.14,11:45-13:45,17:00-19:00
940GZZLUWSM,Westminster,WED,07:45-08:00,07:45,0.13,11:45-13:45,17:00-19:00
940GZZLUWSM,Westminster,WED,08:00-08:15,08:00,0.14,11:45-13:45,17:00-19:00
940GZZLUWSM,Westminster,WED,08:15-08:30,08:15,0.14,11:45-13:45,17:00-19:00
940GZZLUWSM,Westminster,WED,08:30-08:45,08:30,0.15,11:45-13:45,17:00-19:00
940GZZLUWSM,Westminster,WED,08:45-09:00,08:45,0.16,11:45-13:45,17:00-19:00
940GZZLUWSM,Westminster,WED,09:00-09:15,09:00,0.17,11:45-13:45,17:00-19:00
940GZZLUWSM,Westminster,WED,09:15-09:30,09:15,0.17,11:45-13:45,17:00-19:00
940GZZLUWSM,Westminster,WED,09:30-09:45,09:30,0.17,11:45-13:45,17:00-19:00
940GZZLUWSM,Westminster,WED,09:45-10:00,09:45,0.16,11:45-13:45,17:00-19:00
940GZZLUWSM,Westminster,WED,10:00-10:15,10:00,0.16,11:45-13:45,17:00-19:00
940GZZLUWSM,Westminster,WED,10:15-10:30,10:15,0.16,11:45-13:45,17:00-19:00
940GZZLUWSM,Westminster,WED,10:30-10:45,10:30,0.17,11:45-13:45,17:00-19:00
940GZZLUWSM,Westminster,WED,10:45-11:00,10:45,0.17,11:45-13:45,17:00-19:00
940GZZLUWSM,Westminster,WED,11:00-11:15,11:00,0.17,11:45-13:45,17:00-19:00
940GZZLUWSM,Westminster,WED,11:15-11:30,11:15,0.16,11:45-13:45,17:00-19:00
940GZZLUWSM,Westminster,WED,11:30-11:45,11:30,0.17,11:45-13:45,17:00-19:00
940GZZLUWSM,Westminster,WED,11:45-12:00,11:45,0.17,11:45-13:45,17:00-19:00
940GZZLUWSM,Westminster,WED,12:00-12:15,12:00,0.16,11:45-13:45,17:00-19:00
940GZZLUWSM,Westminster,WED,12:15-12:30,12:15,0.16,11:45-13:45,17:00-19:00
940GZZLUWSM,Westminster,WED,12:30-12:45,12:30,0.17,11:45-13:45,17:00-19:00
940GZZLUWSM,Westminster,WED,12:45-13:00,12:45,0.17,11:45-13:45,17:00-19:00
940GZZLUWSM,Westminster,WED,13:00-13:15,13:00,0.17,11:45-13:45,17:00-19:00
940GZZLUWSM,Westminster,WED,13:15-13:30,13:15,0.17,11:45-13:45,17:00-19:00
940GZZLUWSM,Westminster,WED,13:30-13:45,13:30,0.17,11:45-13:45,17:00-19:00
940GZZLUWSM,Westminster,WED,13:45-14:00,13:45,0.16,11:45-13:45,17:00-19:00
940GZZLUWSM,Westminster,WED,14:00-14:15,14:00,0.16,11:45-13:45,17:00-19:00
940GZZLUWSM,Westminster,WED,14:15-14:30,14:15,0.17,11:45-13:45,17:00-19:00
940GZZLUWSM,Westminster,WED,14:30-14:45,14:30,0.17,11:45-13:45,17:00-19:00
940GZZLUWSM,Westminster,WED,14:45-15:00,14:45,0.17,11:45-13:45,17:00-19:00
940GZZLUWSM,Westminster,WED,15:00-15:15,15:00,0.17,11:45-13:45,17:00-19:00
940GZZLUWSM,Westminster,WED,15:15-15:30,15:15,0.17,11:45-13:45,17:00-19:00
940GZZLUWSM,Westminster,WED,15:30-15:45,15:30,0.17,11:45-13:45,17:00-19:00
940GZZLUWSM,Westminster,WED,15:45-16:00,15:45,0.17,11:45-13:45,17:00-19:00
940GZZLUWSM,Westminster,WED,16:00-16:15,16:00,0.17,11:45-13:45,17:00-19:00
940GZZLUWSM,Westminster,WED,16:15-16:30,16:15,0.17,11:45-13:45,17:00-19:00
940GZZLUWSM,Westminster,WED,16:30-16:45,16:30,0.17,11:45-13:45,17:00-19:00
940GZZLUWSM,Westminster,WED,16:45-17:00,16:45,0.18,11:45-13:45,17:00-19:00
940GZZLUWSM,Westminster,WED,17:00-17:15,17:00,0.18,11:45-13:45,17:00-19:00
940GZZLUWSM,Westminster,WED,17:15-17:30,17:15,0.18,11:45-13:45,17:00-19:00
940GZZLUWSM,Westminster,WED,17:30-17:45,17:30,0.19,11:45-13:45,17:00-19:00
940GZZLUWSM,Westminster,WED,17:45-18:00,17:45,0.19,11:45-13:45,17:00-19:00
940GZZLUWSM,Westminster,WED,18:00-18:15,18:00,0.19,11:45-13:45,17:00-19:00
940GZZLUWSM,Westminster,WED,18:15-18:30,18:15,0.19,11:45-13:45,17:00-19:00
940GZZLUWSM,Westminster,WED,18:30-18:45,18:30,0.18,11:45-13:45,17:00-19:00
940GZZLUWSM,Westminster,WED,18:45-19:00,18:45,0.18,11:45-13:45,17:00-19:00
940GZZLUWSM,Westminster,WED,19:00-19:15,19:00,0.17,11:45-13:45,17:00-19:00
940GZZLUWSM,Westminster,WED,19:15-19:30,19:15,0.16,11:45-13:45,17:00-19:00
940GZZLUWSM,Westminster,WED,19:30-19:45,19:30,0.16,11:45-13:45,17:00-19:00
940GZZLUWSM,Westminster,WED,19:45-20:00,19:45,0.15,11:45-13:45,17:00-19:00
940GZZLUWSM,Westminster,WED,20:00-20:15,20:00,0.15,11:45-13:45,17:00-19:00
940GZZLUWSM,Westminster,WED,20:15-20:30,20:15,0.15,11:45-13:45,17:00-19:00
940GZZLUWSM,Westminster,WED,20:30-20:45,20:30,0.15,11:45-13:45,17:00-19:00
940GZZLUWSM,Westminster,WED,20:45-21:00,20:45,0.15,11:45-13:45,17:00-19:00
940GZZLUWSM,Westminster,WED,21:00-21:15,21:00,0.15,11:45-13:45,17:00-19:00
940GZZLUWSM,Westminster,WED,21:15-21:30,21:15,0.15,11:45-13:45,17:00-19:00
940GZZLUWSM,Westminster,WED,21:30-21:45,21:30,0.14,11:45-13:45,17:00-19:00
940GZZLUWSM,Westminster,WED,21:45-22:00,21:45,0.14,11:45-13:45,17:00-19:00
940GZZLUWSM,Westminster,WED,22:00-22:15,22:00,0.13,11:45-13:45,17:00-19:00
940GZZLUWSM,Westminster,WED,22:15-22:30,22:15,0.13,11:45-13:45,17:00-19:00
940GZZLUWSM,Westminster,WED,22:30-22:45,22:30,0.13,11:45-13:45,17:00-19:00
940GZZLUWSM,Westminster,WED,22:45-23:00,22:45,0.13,11:45-13:45,17:00-19:00
940GZZLUWSM,Westminster,WED,23:00-23:15,23:00,0.13,11:45-13:45,17:00-19:00
940GZZLUWSM,Westminster,WED,23:15-23:30,23:15,0.12,11:45-13:45,17:00-19:00
940GZZLUWSM,Westminster,WED,23:30-23:45,23:30,0.12,11:45-13:45,17:00-19:00
940GZZLUWSM,Westminster,WED,23:45-00:00,23:45,0.11,11:45-13:45,17:00-19:00
940GZZLUWSM,Westminster,SUN,00:00-00:15,00:00,0.04,11:45-13:45,15:45-17:45
940GZZLUWSM,Westminster,SUN,00:15-00:30,00:15,0.03,11:45-13:45,15:45-17:45
940GZZLUWSM,Westminster,SUN,00:30-00:45,00:30,0.03,11:45-13:45,15:45-17:45
940GZZLUWSM,Westminster,SUN,00:45-01:00,00:45,0.03,11:45-13:45,15:45-17:45
940GZZLUWSM,Westminster,SUN,01:00-01:15,01:00,0.03,11:45-13:45,15:45-17:45
940GZZLUWSM,Westminster,SUN,01:15-01:30,01:15,0.03,11:45-13:45,15:45-17:45
940GZZLUWSM,Westminster,SUN,01:30-01:45,01:30,0.03,11:45-13:45,15:45-17:45
940GZZLUWSM,Westminster,SUN,01:45-02:00,01:45,0.03,11:45-13:45,15:45-17:45
940GZZLUWSM,Westminster,SUN,02:00-02:15,02:00,0.03,11:45-13:45,15:45-17:45
940GZZLUWSM,Westminster,SUN,02:15-02:30,02:15,0.03,11:45-13:45,15:45-17:45
940GZZLUWSM,Westminster,SUN,02:30-02:45,02:30,0.03,11:45-13:45,15:45-17:45
940GZZLUWSM,Westminster,SUN,02:45-03:00,02:45,0.03,11:45-13:45,15:45-17:45
940GZZLUWSM,Westminster,SUN,03:00-03:15,03:00,0.03,11:45-13:45,15:45-17:45
940GZZLUWSM,Westminster,SUN,03:15-03:30,03:15,0.02,11:45-13:45,15:45-17:45
940GZZLUWSM,Westminster,SUN,03:30-03:45,03:30,0.02,11:45-13:45,15:45-17:45
940GZZLUWSM,Westminster,SUN,03:45-04:00,03:45,0.02,11:45-13:45,15:45-17:45
940GZZLUWSM,Westminster,SUN,04:00-04:15,04:00,0.01,11:45-13:45,15:45-17:45
940GZZLUWSM,Westminster,SUN,04:15-04:30,04:15,0.01,11:45-13:45,15:45-17:45
940GZZLUWSM,Westminster,SUN,04:30-04:45,04:30,0.01,11:45-13:45,15:45-17:45
940GZZLUWSM,Westminster,SUN,04:45-05:00,04:45,0.01,11:45-13:45,15:45-17:45
940GZZLUWSM,Westminster,SUN,05:00-05:15,05:00,0.01,11:45-13:45,15:45-17:45
940GZZLUWSM,Westminster,SUN,05:15-05:30,05:15,0.01,11:45-13:45,15:45-17:45
940GZZLUWSM,Westminster,SUN,05:30-05:45,05:30,0.01,11:45-13:45,15:45-17:45
940GZZLUWSM,Westminster,SUN,05:45-06:00,05:45,0.02,11:45-13:45,15:45-17:45
940GZZLUWSM,Westminster,SUN,06:00-06:15,06:00,0.03,11:45-13:45,15:45-17:45
940GZZLUWSM,Westminster,SUN,06:15-06:30,06:15,0.04,11:45-13:45,15:45-17:45
940GZZLUWSM,Westminster,SUN,06:30-06:45,06:30,0.05,11:45-13:45,15:45-17:45
940GZZLUWSM,Westminster,SUN,06:45-07:00,06:45,0.06,11:45-13:45,15:45-17:45
940GZZLUWSM,Westminster,SUN,07:00-07:15,07:00,0.07,11:45-13:45,15:45-17:45
940GZZLUWSM,Westminster,SUN,07:15-07:30,07:15,0.08,11:45-13:45,15:45-17:45
940GZZLUWSM,Westminster,SUN,07:30-07:45,07:30,0.09,11:45-13:45,15:45-17:45
940GZZLUWSM,Westminster,SUN,07:45-08:00,07:45,0.1,11:45-13:45,15:45-17:45
940GZZLUWSM,Westminster,SUN,08:00-08:15,08:00,0.11,11:45-13:45,15:45-17:45
940GZZLUWSM,Westminster,SUN,08:15-08:30,08:15,0.11,11:45-13:45,15:45-17:45
940GZZLUWSM,Westminster,SUN,08:30-08:45,08:30,0.11,11:45-13:45,15:45-17:45
940GZZLUWSM,Westminster,SUN,08:45-09:00,08:45,0.11,11:45-13:45,15:45-17:45
940GZZLUWSM,Westminster,SUN,09:00-09:15,09:00,0.12,11:45-13:45,15:45-17:45
940GZZLUWSM,Westminster,SUN,09:15-09:30,09:15,0.11,11:45-13:45,15:45-17:45
940GZZLUWSM,Westminster,SUN,09:30-09:45,09:30,0.11,11:45-13:45,15:45-17:45
940GZZLUWSM,Westminster,SUN,09:45-10:00,09:45,0.12,11:45-13:45,15:45-17:45
940GZZLUWSM,Westminster,SUN,10:00-10:15,10:00,0.12,11:45-13:45,15:45-17:45
940GZZLUWSM,Westminster,SUN,10:15-10:30,10:15,0.12,11:45-13:45,15:45-17:45
940GZZLUWSM,Westminster,SUN,10:30-10:45,10:30,0.12,11:45-13:45,15:45-17:45
940GZZLUWSM,Westminster,SUN,10:45-11:00,10:45,0.13,11:45-13:45,15:45-17:45
940GZZLUWSM,Westminster,SUN,11:00-11:15,11:00,0.13,11:45-13:45,15:45-17:45
940GZZLUWSM,Westminster,SUN,11:15-11:30,11:15,0.13,11:45-13:45,15:45-17:45
940GZZLUWSM,Westminster,SUN,11:30-11:45,11:30,0.13,11:45-13:45,15:45-17:45
940GZZLUWSM,Westminster,SUN,11:45-12:00,11:45,0.13,11:45-13:45,15:45-17:45
940GZZLUWSM,Westminster,SUN,12:00-12:15,12:00,0.13,11:45-13:45,15:45-17:45
940GZZLUWSM,Westminster,SUN,12:15-12:30,12:15,0.13,11:45-13:45,15:45-17:45
940GZZLUWSM,Westminster,SUN,12:30-12:45,12:30,0.13,11:45-13:45,15:45-17:45
940GZZLUWSM,Westminster,SUN,12:45-13:00,12:45,0.13,11:45-13:45,15:45-17:45
940GZZLUWSM,Westminster,SUN,13:00-13:15,13:00,0.13,11:45-13:45,15:45-17:45
940GZZLUWSM,Westminster,SUN,13:15-13:30,13:15,0.13,11:45-13:45,15:45-17:45
940GZZLUWSM,Westminster,SUN,13:30-13:45,13:30,0.13,11:45-13:45,15:45-17:45
940GZZLUWSM,Westminster,SUN,13:45-14:00,13:45,0.13,11:45-13:45,15:45-17:45
940GZZLUWSM,Westminster,SUN,14:00-14:15,14:00,0.13,11:45-13:45,15:45-17:45
940GZZLUWSM,Westminster,SUN,14:15-14:30,14:15,0.14,11:45-13:45,15:45-17:45
940GZZLUWSM,Westminster,SUN,14:30-14:45,14:30,0.14,11:45-13:45,15:45-17:45
940GZZLUWSM,Westminster,SUN,14:45-15:00,14:45,0.14,11:45-13:45,15:45-17:45
940GZZLUWSM,Westminster,SUN,15:00-15:15,15:00,0.14,11:45-13:45,15:45-17:45
940GZZLUWSM,Westminster,SUN,15:15-15:30,15:15,0.14,11:45-13:45,15:45-17:45
940GZZLUWSM,Westminster,SUN,15:30-15:45,15:30,0.14,11:45-13:45,15:45-17:45
940GZZLUWSM,Westminster,SUN,15:45-16:00,15:45,0.14,11:45-13:45,15:45-17:45
940GZZLUWSM,Westminster,SUN,16:00-16:15,16:00,0.14,11:45-13:45,15:45-17:45
940GZZLUWSM,Westminster,SUN,16:15-16:30,16:15,0.14,11:45-13:45,15:45-17:45
940GZZLUWSM,Westminster,SUN,16:30-16:45,16:30,0.14,11:45-13:45,15:45-17:45
940GZZLUWSM,Westminster,SUN,16:45-17:00,16:45,0.14,11:45-13:45,15:45-17:45
940GZZLUWSM,Westminster,SUN,17:00-17:15,17:00,0.14,11:45-13:45,15:45-17:45
940GZZLUWSM,Westminster,SUN,17:15-17:30,17:15,0.14,11:45-13:45,15:45-17:45
940GZZLUWSM,Westminster,SUN,17:30-17:45,17:30,0.14,11:45-13:45,15:45-17:45
940GZZLUWSM,Westminster,SUN,17:45-18:00,17:45,0.14,11:45-13:45,15:45-17:45
940GZZLUWSM,Westminster,SUN,18:00-18:15,18:00,0.14,11:45-13:45,15:45-17:45
940GZZLUWSM,Westminster,SUN,18:15-18:30,18:15,0.14,11:45-13:45,15:45-17:45
940GZZLUWSM,Westminster,SUN,18:30-18:45,18:30,0.13,11:45-13:45,15:45-17:45
940GZZLUWSM,Westminster,SUN,18:45-19:00,18:45,0.13,11:45-13:45,15:45-17:45
940GZZLUWSM,Westminster,SUN,19:00-19:15,19:00,0.13,11:45-13:45,15:45-17:45
940GZZLUWSM,Westminster,SUN,19:15-19:30,19:15,0.13,11:45-13:45,15:45-17:45
940GZZLUWSM,Westminster,SUN,19:30-19:45,19:30,0.13,11:45-13:45,15:45-17:45
940GZZLUWSM,Westminster,SUN,19:45-20:00,19:45,0.13,11:45-13:45,15:45-17:45
940GZZLUWSM,Westminster,SUN,20:00-20:15,20:00,0.12,11:45-13:45,15:45-17:45
940GZZLUWSM,Westminster,SUN,20:15-20:30,20:15,0.12,11:45-13:45,15:45-17:45
940GZZLUWSM,Westminster,SUN,20:30-20:45,20:30,0.12,11:45-13:45,15:45-17:45
940GZZLUWSM,Westminster,SUN,20:45-21:00,20:45,0.12,11:45-13:45,15:45-17:45
940GZZLUWSM,Westminster,SUN,21:00-21:15,21:00,0.12,11:45-13:45,15:45-17:45
940GZZLUWSM,Westminster,SUN,21:15-21:30,21:15,0.11,11:45-13:45,15:45-17:45
940GZZLUWSM,Westminster,SUN,21:30-21:45,21:30,0.11,11:45-13:45,15:45-17:45
940GZZLUWSM,Westminster,SUN,21:45-22:00,21:45,0.11,11:45-13:45,15:45-17:45
940GZZLUWSM,Westminster,SUN,22:00-22:15,22:00,0.11,11:45-13:45,15:45-17:45
940GZZLUWSM,Westminster,SUN,22:15-22:30,22:15,0.11,11:45-13:45,15:45-17:45
940GZZLUWSM,Westminster,SUN,22:30-22:45,22:30,0.1,11:45-13:45,15:45-17:45
940GZZLUWSM,Westminster,SUN,22:45-23:00,22:45,0.1,11:45-13:45,15:45-17:45
940GZZLUWSM,Westminster,SUN,23:00-23:15,23:00,0.1,11:45-13:45,15:45-17:45
940GZZLUWSM,Westminster,SUN,23:15-23:30,23:15,0.1,11:45-13:45,15:45-17:45
940GZZLUWSM,Westminster,SUN,23:30-23:45,23:30,0.1,11:45-13:45,15:45-17:45
940GZZLUWSM,Westminster,SUN,23:45-00:00,23:45,0.09,11:45-13:45,15:45-17:45
940GZZLUWSM,Westminster,MON,00:00-00:15,00:00,0.08,11:45-13:45,16:30-18:30
940GZZLUWSM,Westminster,MON,00:15-00:30,00:15,0.06,11:45-13:45,16:30-18:30
940GZZLUWSM,Westminster,MON,00:30-00:45,00:30,0.04,11:45-13:45,16:30-18:30
940GZZLUWSM,Westminster,MON,00:45-01:00,00:45,0.03,11:45-13:45,16:30-18:30
940GZZLUWSM,Westminster,MON,01:00-01:15,01:00,0.02,11:45-13:45,16:30-18:30
940GZZLUWSM,Westminster,MON,01:15-01:30,01:15,0.01,11:45-13:45,16:30-18:30
940GZZLUWSM,Westminster,MON,01:30-01:45,01:30,0.01,11:45-13:45,16:30-18:30
940GZZLUWSM,Westminster,MON,01:45-02:00,01:45,0.01,11:45-13:45,16:30-18:30
940GZZLUWSM,Westminster,MON,02:00-02:15,02:00,0.01,11:45-13:45,16:30-18:30
940GZZLUWSM,Westminster,MON,02:15-02:30,02:15,0.01,11:45-13:45,16:30-18:30
940GZZLUWSM,Westminster,MON,02:30-02:45,02:30,0.01,11:45-13:45,16:30-18:30
940GZZLUWSM,Westminster,MON,02:45-03:00,02:45,0.01,11:45-13:45,16:30-18:30
940GZZLUWSM,Westminster,MON,03:00-03:15,03:00,0.01,11:45-13:45,16:30-18:30
940GZZLUWSM,Westminster,MON,03:15-03:30,03:15,0.01,11:45-13:45,16:30-18:30
940GZZLUWSM,Westminster,MON,03:30-03:45,03:30,0.01,11:45-13:45,16:30-18:30
940GZZLUWSM,Westminster,MON,03:45-04:00,03:45,0.01,11:45-13:45,16:30-18:30
940GZZLUWSM,Westminster,MON,04:00-04:15,04:00,0.01,11:45-13:45,16:30-18:30
940GZZLUWSM,Westminster,MON,04:15-04:30,04:15,0.01,11:45-13:45,16:30-18:30
940GZZLUWSM,Westminster,MON,04:30-04:45,04:30,0,11:45-13:45,16:30-18:30
940GZZLUWSM,Westminster,MON,04:45-05:00,04:45,0,11:45-13:45,16:30-18:30
940GZZLUWSM,Westminster,MON,05:00-05:15,05:00,0,11:45-13:45,16:30-18:30
940GZZLUWSM,Westminster,MON,05:15-05:30,05:15,0.02,11:45-13:45,16:30-18:30
940GZZLUWSM,Westminster,MON,05:30-05:45,05:30,0.03,11:45-13:45,16:30-18:30
940GZZLUWSM,Westminster,MON,05:45-06:00,05:45,0.06,11:45-13:45,16:30-18:30
940GZZLUWSM,Westminster,MON,06:00-06:15,06:00,0.08,11:45-13:45,16:30-18:30
940GZZLUWSM,Westminster,MON,06:15-06:30,06:15,0.1,11:45-13:45,16:30-18:30
940GZZLUWSM,Westminster,MON,06:30-06:45,06:30,0.11,11:45-13:45,16:30-18:30
940GZZLUWSM,Westminster,MON,06:45-07:00,06:45,0.12,11:45-13:45,16:30-18:30
940GZZLUWSM,Westminster,MON,07:00-07:15,07:00,0.13,11:45-13:45,16:30-18:30
940GZZLUWSM,Westminster,MON,07:15-07:30,07:15,0.13,11:45-13:45,16:30-18:30
940GZZLUWSM,Westminster,MON,07:30-07:45,07:30,0.13,11:45-13:45,16:30-18:30
940GZZLUWSM,Westminster,MON,07:45-08:00,07:45,0.13,11:45-13:45,16:30-18:30
940GZZLUWSM,Westminster,MON,08:00-08:15,08:00,0.13,11:45-13:45,16:30-18:30
940GZZLUWSM,Westminster,MON,08:15-08:30,08:15,0.14,11:45-13:45,16:30-18:30
940GZZLUWSM,Westminster,MON,08:30-08:45,08:30,0.15,11:45-13:45,16:30-18:30
940GZZLUWSM,Westminster,MON,08:45-09:00,08:45,0.16,11:45-13:45,16:30-18:30
940GZZLUWSM,Westminster,MON,09:00-09:15,09:00,0.16,11:45-13:45,16:30-18:30
940GZZLUWSM,Westminster,MON,09:15-09:30,09:15,0.16,11:45-13:45,16:30-18:30
940GZZLUWSM,Westminster,MON,09:30-09:45,09:30,0.16,11:45-13:45,16:30-18:30
940GZZLUWSM,Westminster,MON,09:45-10:00,09:45,0.16,11:45-13:45,16:30-18:30
940GZZLUWSM,Westminster,MON,10:00-10:15,10:00,0.16,11:45-13:45,16:30-18:30
940GZZLUWSM,Westminster,MON,10:15-10:30,10:15,0.16,11:45-13:45,16:30-18:30
940GZZLUWSM,Westminster,MON,10:30-10:45,10:30,0.16,11:45-13:45,16:30-18:30
940GZZLUWSM,Westminster,MON,10:45-11:00,10:45,0.16,11:45-13:45,16:30-18:30
940GZZLUWSM,Westminster,MON,11:00-11:15,11:00,0.16,11:45-13:45,16:30-18:30
940GZZLUWSM,Westminster,MON,11:15-11:30,11:15,0.16,11:45-13:45,16:30-18:30
940GZZLUWSM,Westminster,MON,11:30-11:45,11:30,0.16,11:45-13:45,16:30-18:30
940GZZLUWSM,Westminster,MON,11:45-12:00,11:45,0.16,11:45-13:45,16:30-18:30
940GZZLUWSM,Westminster,MON,12:00-12:15,12:00,0.16,11:45-13:45,16:30-18:30
940GZZLUWSM,Westminster,MON,12:15-12:30,12:15,0.16,11:45-13:45,16:30-18:30
940GZZLUWSM,Westminster,MON,12:30-12:45,12:30,0.16,11:45-13:45,16:30-18:30
940GZZLUWSM,Westminster,MON,12:45-13:00,12:45,0.16,11:45-13:45,16:30-18:30
940GZZLUWSM,Westminster,MON,13:00-13:15,13:00,0.16,11:45-13:45,16:30-18:30
940GZZLUWSM,Westminster,MON,13:15-13:30,13:15,0.16,11:45-13:45,16:30-18:30
940GZZLUWSM,Westminster,MON,13:30-13:45,13:30,0.16,11:45-13:45,16:30-18:30
940GZZLUWSM,Westminster,MON,13:45-14:00,13:45,0.16,11:45-13:45,16:30-18:30
940GZZLUWSM,Westminster,MON,14:00-14:15,14:00,0.16,11:45-13:45,16:30-18:30
940GZZLUWSM,Westminster,MON,14:15-14:30,14:15,0.16,11:45-13:45,16:30-18:30
940GZZLUWSM,Westminster,MON,14:30-14:45,14:30,0.16,11:45-13:45,16:30-18:30
940GZZLUWSM,Westminster,MON,14:45-15:00,14:45,0.16,11:45-13:45,16:30-18:30
940GZZLUWSM,Westminster,MON,15:00-15:15,15:00,0.16,11:45-13:45,16:30-18:30
940GZZLUWSM,Westminster,MON,15:15-15:30,15:15,0.17,11:45-13:45,16:30-18:30
940GZZLUWSM,Westminster,MON,15:30-15:45,15:30,0.17,11:45-13:45,16:30-18:30
940GZZLUWSM,Westminster,MON,15:45-16:00,15:45,0.16,11:45-13:45,16:30-18:30
940GZZLUWSM,Westminster,MON,16:00-16:15,16:00,0.17,11:45-13:45,16:30-18:30
940GZZLUWSM,Westminster,MON,16:15-16:30,16:15,0.17,11:45-13:45,16:30-18:30
940GZZLUWSM,Westminster,MON,16:30-16:45,16:30,0.17,11:45-13:45,16:30-18:30
940GZZLUWSM,Westminster,MON,16:45-17:00,16:45,0.17,11:45-13:45,16:30-18:30
940GZZLUWSM,Westminster,MON,17:00-17:15,17:00,0.17,11:45-13:45,16:30-18:30
940GZZLUWSM,Westminster,MON,17:15-17:30,17:15,0.17,11:45-13:45,16:30-18:30
940GZZLUWSM,Westminster,MON,17:30-17:45,17:30,0.17,11:45-13:45,16:30-18:30
940GZZLUWSM,Westminster,MON,17:45-18:00,17:45,0.17,11:45-13:45,16:30-18:30
940GZZLUWSM,Westminster,MON,18:00-18:15,18:00,0.17,11:45-13:45,16:30-18:30
940GZZLUWSM,Westminster,MON,18:15-18:30,18:15,0.17,11:45-13:45,16:30-18:30
940GZZLUWSM,Westminster,MON,18:30-18:45,18:30,0.17,11:45-13:45,16:30-18:30
940GZZLUWSM,Westminster,MON,18:45-19:00,18:45,0.16,11:45-13:45,16:30-18:30
940GZZLUWSM,Westminster,MON,19:00-19:15,19:00,0.16,11:45-13:45,16:30-18:30
940GZZLUWSM,Westminster,MON,19:15-19:30,19:15,0.15,11:45-13:45,16:30-18:30
940GZZLUWSM,Westminster,MON,19:30-19:45,19:30,0.15,11:45-13:45,16:30-18:30
940GZZLUWSM,Westminster,MON,19:45-20:00,19:45,0.15,11:45-13:45,16:30-18:30
940GZZLUWSM,Westminster,MON,20:00-20:15,20:00,0.15,11:45-13:45,16:30-18:30
940GZZLUWSM,Westminster,MON,20:15-20:30,20:15,0.14,11:45-13:45,16:30-18:30
940GZZLUWSM,Westminster,MON,20:30-20:45,20:30,0.14,11:45-13:45,16:30-18:30
940GZZLUWSM,Westminster,MON,20:45-21:00,20:45,0.14,11:45-13:45,16:30-18:30
940GZZLUWSM,Westminster,MON,21:00-21:15,21:00,0.14,11:45-13:45,16:30-18:30
940GZZLUWSM,Westminster,MON,21:15-21:30,21:15,0.13,11:45-13:45,16:30-18:30
940GZZLUWSM,Westminster,MON,21:30-21:45,21:30,0.13,11:45-13:45,16:30-18:30
940GZZLUWSM,Westminster,MON,21:45-22:00,21:45,0.13,11:45-13:45,16:30-18:30
940GZZLUWSM,Westminster,MON,22:00-22:15,22:00,0.13,11:45-13:45,16:30-18:30
940GZZLUWSM,Westminster,MON,22:15-22:30,22:15,0.13,11:45-13:45,16:30-18:30
940GZZLUWSM,Westminster,MON,22:30-22:45,22:30,0.13,11:45-13:45,16:30-18:30
940GZZLUWSM,Westminster,MON,22:45-23:00,22:45,0.13,11:45-13:45,16:30-18:30
940GZZLUWSM,Westminster,MON,23:00-23:15,23:00,0.12,11:45-13:45,16:30-18:30
940GZZLUWSM,Westminster,MON,23:15-23:30,23:15,0.12,11:45-13:45,16:30-18:30
940GZZLUWSM,Westminster,MON,23:30-23:45,23:30,0.11,11:45-13:45,16:30-18:30
940GZZLUWSM,Westminster,MON,23:45-00:00,23:45,0.09,11:45-13:45,16:30-18:30
940GZZLUWSM,Westminster,FRI,00:00-00:15,00:00,0.12,11:45-13:45,13:45-15:45
940GZZLUWSM,Westminster,FRI,00:15-00:30,00:15,0.1,11:45-13:45,13:45-15:45
940GZZLUWSM,Westminster,FRI,00:30-00:45,00:30,0.09,11:45-13:45,13:45-15:45
940GZZLUWSM,Westminster,FRI,00:45-01:00,00:45,0.07,11:45-13:45,13:45-15:45
940GZZLUWSM,Westminster,FRI,01:00-01:15,01:00,0.05,11:45-13:45,13:45-15:45
940GZZLUWSM,Westminster,FRI,01:15-01:30,01:15,0.03,11:45-13:45,13:45-15:45
940GZZLUWSM,Westminster,FRI,01:30-01:45,01:30,0.01,11:45-13:45,13:45-15:45
940GZZLUWSM,Westminster,FRI,01:45-02:00,01:45,0.01,11:45-13:45,13:45-15:45
940GZZLUWSM,Westminster,FRI,02:00-02:15,02:00,0.01,11:45-13:45,13:45-15:45
940GZZLUWSM,Westminster,FRI,02:15-02:30,02:15,0.01,11:45-13:45,13:45-15:45
940GZZLUWSM,Westminster,FRI,02:30-02:45,02:30,0.01,11:45-13:45,13:45-15:45
940GZZLUWSM,Westminster,FRI,02:45-03:00,02:45,0.01,11:45-13:45,13:45-15:45
940GZZLUWSM,Westminster,FRI,03:00-03:15,03:00,0.01,11:45-13:45,13:45-15:45
940GZZLUWSM,Westminster,FRI,03:15-03:30,03:15,0.01,11:45-13:45,13:45-15:45
940GZZLUWSM,Westminster,FRI,03:30-03:45,03:30,0.01,11:45-13:45,13:45-15:45
940GZZLUWSM,Westminster,FRI,03:45-04:00,03:45,0.01,11:45-13:45,13:45-15:45
940GZZLUWSM,Westminster,FRI,04:00-04:15,04:00,0.01,11:45-13:45,13:45-15:45
940GZZLUWSM,Westminster,FRI,04:15-04:30,04:15,0.01,11:45-13:45,13:45-15:45
940GZZLUWSM,Westminster,FRI,04:30-04:45,04:30,0,11:45-13:45,13:45-15:45
940GZZLUWSM,Westminster,FRI,04:45-05:00,04:45,0,11:45-13:45,13:45-15:45
940GZZLUWSM,Westminster,FRI,05:00-05:15,05:00,0,11:45-13:45,13:45-15:45
940GZZLUWSM,Westminster,FRI,05:15-05:30,05:15,0.02,11:45-13:45,13:45-15:45
940GZZLUWSM,Westminster,FRI,05:30-05:45,05:30,0.03,11:45-13:45,13:45-15:45
940GZZLUWSM,Westminster,FRI,05:45-06:00,05:45,0.06,11:45-13:45,13:45-15:45
940GZZLUWSM,Westminster,FRI,06:00-06:15,06:00,0.08,11:45-13:45,13:45-15:45
940GZZLUWSM,Westminster,FRI,06:15-06:30,06:15,0.1,11:45-13:45,13:45-15:45
940GZZLUWSM,Westminster,FRI,06:30-06:45,06:30,0.12,11:45-13:45,13:45-15:45
940GZZLUWSM,Westminster,FRI,06:45-07:00,06:45,0.13,11:45-13:45,13:45-15:45
940GZZLUWSM,Westminster,FRI,07:00-07:15,07:00,0.13,11:45-13:45,13:45-15:45
940GZZLUWSM,Westminster,FRI,07:15-07:30,07:15,0.13,11:45-13:45,13:45-15:45
940GZZLUWSM,Westminster,FRI,07:30-07:45,07:30,0.13,11:45-13:45,13:45-15:45
940GZZLUWSM,Westminster,FRI,07:45-08:00,07:45,0.13,11:45-13:45,13:45-15:45
940GZZLUWSM,Westminster,FRI,08:00-08:15,08:00,0.13,11:45-13:45,13:45-15:45
940GZZLUWSM,Westminster,FRI,08:15-08:30,08:15,0.14,11:45-13:45,13:45-15:45
940GZZLUWSM,Westminster,FRI,08:30-08:45,08:30,0.14,11:45-13:45,13:45-15:45
940GZZLUWSM,Westminster,FRI,08:45-09:00,08:45,0.15,11:45-13:45,13:45-15:45
940GZZLUWSM,Westminster,FRI,09:00-09:15,09:00,0.15,11:45-13:45,13:45-15:45
940GZZLUWSM,Westminster,FRI,09:15-09:30,09:15,0.16,11:45-13:45,13:45-15:45
940GZZLUWSM,Westminster,FRI,09:30-09:45,09:30,0.16,11:45-13:45,13:45-15:45
940GZZLUWSM,Westminster,FRI,09:45-10:00,09:45,0.16,11:45-13:45,13:45-15:45
940GZZLUWSM,Westminster,FRI,10:00-10:15,10:00,0.16,11:45-13:45,13:45-15:45
940GZZLUWSM,Westminster,FRI,10:15-10:30,10:15,0.16,11:45-13:45,13:45-15:45
940GZZLUWSM,Westminster,FRI,10:30-10:45,10:30,0.16,11:45-13:45,13:45-15:45
940GZZLUWSM,Westminster,FRI,10:45-11:00,10:45,0.15,11:45-13:45,13:45-15:45
940GZZLUWSM,Westminster,FRI,11:00-11:15,11:00,0.15,11:45-13:45,13:45-15:45
940GZZLUWSM,Westminster,FRI,11:15-11:30,11:15,0.15,11:45-13:45,13:45-15:45
940GZZLUWSM,Westminster,FRI,11:30-11:45,11:30,0.16,11:45-13:45,13:45-15:45
940GZZLUWSM,Westminster,FRI,11:45-12:00,11:45,0.16,11:45-13:45,13:45-15:45
940GZZLUWSM,Westminster,FRI,12:00-12:15,12:00,0.16,11:45-13:45,13:45-15:45
940GZZLUWSM,Westminster,FRI,12:15-12:30,12:15,0.16,11:45-13:45,13:45-15:45
940GZZLUWSM,Westminster,FRI,12:30-12:45,12:30,0.16,11:45-13:45,13:45-15:45
940GZZLUWSM,Westminster,FRI,12:45-13:00,12:45,0.16,11:45-13:45,13:45-15:45
940GZZLUWSM,Westminster,FRI,13:00-13:15,13:00,0.16,11:45-13:45,13:45-15:45
940GZZLUWSM,Westminster,FRI,13:15-13:30,13:15,0.16,11:45-13:45,13:45-15:45
940GZZLUWSM,Westminster,FRI,13:30-13:45,13:30,0.16,11:45-13:45,13:45-15:45
940GZZLUWSM,Westminster,FRI,13:45-14:00,13:45,0.16,11:45-13:45,13:45-15:45
940GZZLUWSM,Westminster,FRI,14:00-14:15,14:00,0.16,11:45-13:45,13:45-15:45
940GZZLUWSM,Westminster,FRI,14:15-14:30,14:15,0.16,11:45-13:45,13:45-15:45
940GZZLUWSM,Westminster,FRI,14:30-14:45,14:30,0.17,11:45-13:45,13:45-15:45
940GZZLUWSM,Westminster,FRI,14:45-15:00,14:45,0.17,11:45-13:45,13:45-15:45
940GZZLUWSM,Westminster,FRI,15:00-15:15,15:00,0.17,11:45-13:45,13:45-15:45
940GZZLUWSM,Westminster,FRI,15:15-15:30,15:15,0.16,11:45-13:45,13:45-15:45
940GZZLUWSM,Westminster,FRI,15:30-15:45,15:30,0.16,11:45-13:45,13:45-15:45
940GZZLUWSM,Westminster,FRI,15:45-16:00,15:45,0.16,11:45-13:45,13:45-15:45
940GZZLUWSM,Westminster,FRI,16:00-16:15,16:00,0.16,11:45-13:45,13:45-15:45
940GZZLUWSM,Westminster,FRI,16:15-16:30,16:15,0.16,11:45-13:45,13:45-15:45
940GZZLUWSM,Westminster,FRI,16:30-16:45,16:30,0.16,11:45-13:45,13:45-15:45
940GZZLUWSM,Westminster,FRI,16:45-17:00,16:45,0.16,11:45-13:45,13:45-15:45
940GZZLUWSM,Westminster,FRI,17:00-17:15,17:00,0.16,11:45-13:45,13:45-15:45
940GZZLUWSM,Westminster,FRI,17:15-17:30,17:15,0.16,11:45-13:45,13:45-15:45
940GZZLUWSM,Westminster,FRI,17:30-17:45,17:30,0.16,11:45-13:45,13:45-15:45
940GZZLUWSM,Westminster,FRI,17:45-18:00,17:45,0.16,11:45-13:45,13:45-15:45
940GZZLUWSM,Westminster,FRI,18:00-18:15,18:00,0.16,11:45-13:45,13:45-15:45
940GZZLUWSM,Westminster,FRI,18:15-18:30,18:15,0.16,11:45-13:45,13:45-15:45
940GZZLUWSM,Westminster,FRI,18:30-18:45,18:30,0.15,11:45-13:45,13:45-15:45
940GZZLUWSM,Westminster,FRI,18:45-19:00,18:45,0.15,11:45-13:45,13:45-15:45
940GZZLUWSM,Westminster,FRI,19:00-19:15,19:00,0.14,11:45-13:45,13:45-15:45
940GZZLUWSM,Westminster,FRI,19:15-19:30,19:15,0.14,11:45-13:45,13:45-15:45
940GZZLUWSM,Westminster,FRI,19:30-19:45,19:30,0.13,11:45-13:45,13:45-15:45
940GZZLUWSM,Westminster,FRI,19:45-20:00,19:45,0.13,11:45-13:45,13:45-15:45
940GZZLUWSM,Westminster,FRI,20:00-20:15,20:00,0.13,11:45-13:45,13:45-15:45
940GZZLUWSM,Westminster,FRI,20:15-20:30,20:15,0.13,11:45-13:45,13:45-15:45
940GZZLUWSM,Westminster,FRI,20:30-20:45,20:30,0.13,11:45-13:45,13:45-15:45
940GZZLUWSM,Westminster,FRI,20:45-21:00,20:45,0.14,11:45-13:45,13:45-15:45
940GZZLUWSM,Westminster,FRI,21:00-21:15,21:00,0.14,11:45-13:45,13:45-15:45
940GZZLUWSM,Westminster,FRI,21:15-21:30,21:15,0.13,11:45-13:45,13:45-15:45
940GZZLUWSM,Westminster,FRI,21:30-21:45,21:30,0.13,11:45-13:45,13:45-15:45
940GZZLUWSM,Westminster,FRI,21:45-22:00,21:45,0.13,11:45-13:45,13:45-15:45
940GZZLUWSM,Westminster,FRI,22:00-22:15,22:00,0.13,11:45-13:45,13:45-15:45
940GZZLUWSM,Westminster,FRI,22:15-22:30,22:15,0.13,11:45-13:45,13:45-15:45
940GZZLUWSM,Westminster,FRI,22:30-22:45,22:30,0.13,11:45-13:45,13:45-15:45
940GZZLUWSM,Westminster,FRI,22:45-23:00,22:45,0.13,11:45-13:45,13:45-15:45
940GZZLUWSM,Westminster,FRI,23:00-23:15,23:00,0.13,11:45-13:45,13:45-15:45
940GZZLUWSM,Westminster,FRI,23:15-23:30,23:15,0.13,11:45-13:45,13:45-15:45
940GZZLUWSM,Westminster,FRI,23:30-23:45,23:30,0.12,11:45-13:45,13:45-15:45
940GZZLUWSM,Westminster,FRI,23:45-00:00,23:45,0.11,11:45-13:45,13:45-15:45
940GZZLUWSM,Westminster,TUE,00:00-00:15,00:00,0.08,08:30-10:30,16:45-18:45
940GZZLUWSM,Westminster,TUE,00:15-00:30,00:15,0.06,08:30-10:30,16:45-18:45
940GZZLUWSM,Westminster,TUE,00:30-00:45,00:30,0.05,08:30-10:30,16:45-18:45
940GZZLUWSM,Westminster,TUE,00:45-01:00,00:45,0.04,08:30-10:30,16:45-18:45
940GZZLUWSM,Westminster,TUE,01:00-01:15,01:00,0.03,08:30-10:30,16:45-18:45
940GZZLUWSM,Westminster,TUE,01:15-01:30,01:15,0.01,08:30-10:30,16:45-18:45
940GZZLUWSM,Westminster,TUE,01:30-01:45,01:30,0.01,08:30-10:30,16:45-18:45
940GZZLUWSM,Westminster,TUE,01:45-02:00,01:45,0.01,08:30-10:30,16:45-18:45
940GZZLUWSM,Westminster,TUE,02:00-02:15,02:00,0.01,08:30-10:30,16:45-18:45
940GZZLUWSM,Westminster,TUE,02:15-02:30,02:15,0.01,08:30-10:30,16:45-18:45
940GZZLUWSM,Westminster,TUE,02:30-02:45,02:30,0.01,08:30-10:30,16:45-18:45
940GZZLUWSM,Westminster,TUE,02:45-03:00,02:45,0.01,08:30-10:30,16:45-18:45
940GZZLUWSM,Westminster,TUE,03:00-03:15,03:00,0.01,08:30-10:30,16:45-18:45
940GZZLUWSM,Westminster,TUE,03:15-03:30,03:15,0.01,08:30-10:30,16:45-18:45
940GZZLUWSM,Westminster,TUE,03:30-03:45,03:30,0.01,08:30-10:30,16:45-18:45
940GZZLUWSM,Westminster,TUE,03:45-04:00,03:45,0.01,08:30-10:30,16:45-18:45
940GZZLUWSM,Westminster,TUE,04:00-04:15,04:00,0.01,08:30-10:30,16:45-18:45
940GZZLUWSM,Westminster,TUE,04:15-04:30,04:15,0.01,08:30-10:30,16:45-18:45
940GZZLUWSM,Westminster,TUE,04:30-04:45,04:30,0,08:30-10:30,16:45-18:45
940GZZLUWSM,Westminster,TUE,04:45-05:00,04:45,0,08:30-10:30,16:45-18:45
940GZZLUWSM,Westminster,TUE,05:00-05:15,05:00,0,08:30-10:30,16:45-18:45
940GZZLUWSM,Westminster,TUE,05:15-05:30,05:15,0.01,08:30-10:30,16:45-18:45
940GZZLUWSM,Westminster,TUE,05:30-05:45,05:30,0.03,08:30-10:30,16:45-18:45
940GZZLUWSM,Westminster,TUE,05:45-06:00,05:45,0.05,08:30-10:30,16:45-18:45
940GZZLUWSM,Westminster,TUE,06:00-06:15,06:00,0.07,08:30-10:30,16:45-18:45
940GZZLUWSM,Westminster,TUE,06:15-06:30,06:15,0.09,08:30-10:30,16:45-18:45
940GZZLUWSM,Westminster,TUE,06:30-06:45,06:30,0.1,08:30-10:30,16:45-18:45
940GZZLUWSM,Westminster,TUE,06:45-07:00,06:45,0.1,08:30-10:30,16:45-18:45
940GZZLUWSM,Westminster,TUE,07:00-07:15,07:00,0.1,08:30-10:30,16:45-18:45
940GZZLUWSM,Westminster,TUE,07:15-07:30,07:15,0.1,08:30-10:30,16:45-18:45
940GZZLUWSM,Westminster,TUE,07:30-07:45,07:30,0.11,08:30-10:30,16:45-18:45
940GZZLUWSM,Westminster,TUE,07:45-08:00,07:45,0.11,08:30-10:30,16:45-18:45
940GZZLUWSM,Westminster,TUE,08:00-08:15,08:00,0.11,08:30-10:30,16:45-18:45
940GZZLUWSM,Westminster,TUE,08:15-08:30,08:15,0.12,08:30-10:30,16:45-18:45
940GZZLUWSM,Westminster,TUE,08:30-08:45,08:30,0.14,08:30-10:30,16:45-18:45
940GZZLUWSM,Westminster,TUE,08:45-09:00,08:45,0.14,08:30-10:30,16:45-18:45
940GZZLUWSM,Westminster,TUE,09:00-09:15,09:00,0.14,08:30-10:30,16:45-18:45
940GZZLUWSM,Westminster,TUE,09:15-09:30,09:15,0.14,08:30-10:30,16:45-18:45
940GZZLUWSM,Westminster,TUE,09:30-09:45,09:30,0.13,08:30-10:30,16:45-18:45
940GZZLUWSM,Westminster,TUE,09:45-10:00,09:45,0.13,08:30-10:30,16:45-18:45
940GZZLUWSM,Westminster,TUE,10:00-10:15,10:00,0.13,08:30-10:30,16:45-18:45
940GZZLUWSM,Westminster,TUE,10:15-10:30,10:15,0.13,08:30-10:30,16:45-18:45
940GZZLUWSM,Westminster,TUE,10:30-10:45,10:30,0.13,08:30-10:30,16:45-18:45
940GZZLUWSM,Westminster,TUE,10:45-11:00,10:45,0.13,08:30-10:30,16:45-18:45
940GZZLUWSM,Westminster,TUE,11:00-11:15,11:00,0.13,08:30-10:30,16:45-18:45
940GZZLUWSM,Westminster,TUE,11:15-11:30,11:15,0.13,08:30-10:30,16:45-18:45
940GZZLUWSM,Westminster,TUE,11:30-11:45,11:30,0.13,08:30-10:30,16:45-18:45
940GZZLUWSM,Westminster,TUE,11:45-12:00,11:45,0.13,08:30-10:30,16:45-18:45
940GZZLUWSM,Westminster,TUE,12:00-12:15,12:00,0.13,08:30-10:30,16:45-18:45
940GZZLUWSM,Westminster,TUE,12:15-12:30,12:15,0.13,08:30-10:30,16:45-18:45
940GZZLUWSM,Westminster,TUE,12:30-12:45,12:30,0.13,08:30-10:30,16:45-18:45
940GZZLUWSM,Westminster,TUE,12:45-13:00,12:45,0.13,08:30-10:30,16:45-18:45
940GZZLUWSM,Westminster,TUE,13:00-13:15,13:00,0.13,08:30-10:30,16:45-18:45
940GZZLUWSM,Westminster,TUE,13:15-13:30,13:15,0.13,08:30-10:30,16:45-18:45
940GZZLUWSM,Westminster,TUE,13:30-13:45,13:30,0.13,08:30-10:30,16:45-18:45
940GZZLUWSM,Westminster,TUE,13:45-14:00,13:45,0.14,08:30-10:30,16:45-18:45
940GZZLUWSM,Westminster,TUE,14:00-14:15,14:00,0.14,08:30-10:30,16:45-18:45
940GZZLUWSM,Westminster,TUE,14:15-14:30,14:15,0.14,08:30-10:30,16:45-18:45
940GZZLUWSM,Westminster,TUE,14:30-14:45,14:30,0.14,08:30-10:30,16:45-18:45
940GZZLUWSM,Westminster,TUE,14:45-15:00,14:45,0.14,08:30-10:30,16:45-18:45
940GZZLUWSM,Westminster,TUE,15:00-15:15,15:00,0.14,08:30-10:30,16:45-18:45
940GZZLUWSM,Westminster,TUE,15:15-15:30,15:15,0.14,08:30-10:30,16:45-18:45
940GZZLUWSM,Westminster,TUE,15:30-15:45,15:30,0.14,08:30-10:30,16:45-18:45
940GZZLUWSM,Westminster,TUE,15:45-16:00,15:45,0.14,08:30-10:30,16:45-18:45
940GZZLUWSM,Westminster,TUE,16:00-16:15,16:00,0.14,08:30-10:30,16:45-18:45
940GZZLUWSM,Westminster,TUE,16:15-16:30,16:15,0.14,08:30-10:30,16:45-18:45
940GZZLUWSM,Westminster,TUE,16:30-16:45,16:30,0.14,08:30-10:30,16:45-18:45
940GZZLUWSM,Westminster,TUE,16:45-17:00,16:45,0.15,08:30-10:30,16:45-18:45
940GZZLUWSM,Westminster,TUE,17:00-17:15,17:00,0.15,08:30-10:30,16:45-18:45
940GZZLUWSM,Westminster,TUE,17:15-17:30,17:15,0.16,08:30-10:30,16:45-18:45
940GZZLUWSM,Westminster,TUE,17:30-17:45,17:30,0.16,08:30-10:30,16:45-18:45
940GZZLUWSM,Westminster,TUE,17:45-18:00,17:45,0.17,08:30-10:30,16:45-18:45
940GZZLUWSM,Westminster,TUE,18:00-18:15,18:00,0.16,08:30-10:30,16:45-18:45
940GZZLUWSM,Westminster,TUE,18:15-18:30,18:15,0.16,08:30-10:30,16:45-18:45
940GZZLUWSM,Westminster,TUE,18:30-18:45,18:30,0.15,08:30-10:30,16:45-18:45
940GZZLUWSM,Westminster,TUE,18:45-19:00,18:45,0.14,08:30-10:30,16:45-18:45
940GZZLUWSM,Westminster,TUE,19:00-19:15,19:00,0.13,08:30-10:30,16:45-18:45
940GZZLUWSM,Westminster,TUE,19:15-19:30,19:15,0.13,08:30-10:30,16:45-18:45
940GZZLUWSM,Westminster,TUE,19:30-19:45,19:30,0.13,08:30-10:30,16:45-18:45
940GZZLUWSM,Westminster,TUE,19:45-20:00,19:45,0.12,08:30-10:30,16:45-18:45
940GZZLUWSM,Westminster,TUE,20:00-20:15,20:00,0.12,08:30-10:30,16:45-18:45
940GZZLUWSM,Westminster,TUE,20:15-20:30,20:15,0.12,08:30-10:30,16:45-18:45
940GZZLUWSM,Westminster,TUE,20:30-20:45,20:30,0.12,08:30-10:30,16:45-18:45
940GZZLUWSM,Westminster,TUE,20:45-21:00,20:45,0.12,08:30-10:30,16:45-18:45
940GZZLUWSM,Westminster,TUE,21:00-21:15,21:00,0.12,08:30-10:30,16:45-18:45
940GZZLUWSM,Westminster,TUE,21:15-21:30,21:15,0.12,08:30-10:30,16:45-18:45
940GZZLUWSM,Westminster,TUE,21:30-21:45,21:30,0.12,08:30-10:30,16:45-18:45
940GZZLUWSM,Westminster,TUE,21:45-22:00,21:45,0.11,08:30-10:30,16:45-18:45
940GZZLUWSM,Westminster,TUE,22:00-22:15,22:00,0.11,08:30-10:30,16:45-18:45
940GZZLUWSM,Westminster,TUE,22:15-22:30,22:15,0.11,08:30-10:30,16:45-18:45
940GZZLUWSM,Westminster,TUE,22:30-22:45,22:30,0.11,08:30-10:30,16:45-18:45
940GZZLUWSM,Westminster,TUE,22:45-23:00,22:45,0.11,08:30-10:30,16:45-18:45
940GZZLUWSM,Westminster,TUE,23:00-23:15,23:00,0.11,08:30-10:30,16:45-18:45
940GZZLUWSM,Westminster,TUE,23:15-23:30,23:15,0.1,08:30-10:30,16:45-18:45
940GZZLUWSM,Westminster,TUE,23:30-23:45,23:30,0.1,08:30-10:30,16:45-18:45
940GZZLUWSM,Westminster,TUE,23:45-00:00,23:45,0.1,08:30-10:30,16:45-18:45
940GZZLUWSM,Westminster,SAT,00:00-00:15,00:00,0.12,11:45-13:45,15:00-17:00
940GZZLUWSM,Westminster,SAT,00:15-00:30,00:15,0.1,11:45-13:45,15:00-17:00
940GZZLUWSM,Westminster,SAT,00:30-00:45,00:30,0.09,11:45-13:45,15:00-17:00
940GZZLUWSM,Westminster,SAT,00:45-01:00,00:45,0.07,11:45-13:45,15:00-17:00
940GZZLUWSM,Westminster,SAT,01:00-01:15,01:00,0.06,11:45-13:45,15:00-17:00
940GZZLUWSM,Westminster,SAT,01:15-01:30,01:15,0.05,11:45-13:45,15:00-17:00
940GZZLUWSM,Westminster,SAT,01:30-01:45,01:30,0.04,11:45-13:45,15:00-17:00
940GZZLUWSM,Westminster,SAT,01:45-02:00,01:45,0.03,11:45-13:45,15:00-17:00
940GZZLUWSM,Westminster,SAT,02:00-02:15,02:00,0.03,11:45-13:45,15:00-17:00
940GZZLUWSM,Westminster,SAT,02:15-02:30,02:15,0.02,11:45-13:45,15:00-17:00
940GZZLUWSM,Westminster,SAT,02:30-02:45,02:30,0.02,11:45-13:45,15:00-17:00
940GZZLUWSM,Westminster,SAT,02:45-03:00,02:45,0.02,11:45-13:45,15:00-17:00
940GZZLUWSM,Westminster,SAT,03:00-03:15,03:00,0.02,11:45-13:45,15:00-17:00
940GZZLUWSM,Westminster,SAT,03:15-03:30,03:15,0.02,11:45-13:45,15:00-17:00
940GZZLUWSM,Westminster,SAT,03:30-03:45,03:30,0.01,11:45-13:45,15:00-17:00
940GZZLUWSM,Westminster,SAT,03:45-04:00,03:45,0.01,11:45-13:45,15:00-17:00
940GZZLUWSM,Westminster,SAT,04:00-04:15,04:00,0.01,11:45-13:45,15:00-17:00
940GZZLUWSM,Westminster,SAT,04:15-04:30,04:15,0.01,11:45-13:45,15:00-17:00
940GZZLUWSM,Westminster,SAT,04:30-04:45,04:30,0.01,11:45-13:45,15:00-17:00
940GZZLUWSM,Westminster,SAT,04:45-05:00,04:45,0.01,11:45-13:45,15:00-17:00
940GZZLUWSM,Westminster,SAT,05:00-05:15,05:00,0.02,11:45-13:45,15:00-17:00
940GZZLUWSM,Westminster,SAT,05:15-05:30,05:15,0.02,11:45-13:45,15:00-17:00
940GZZLUWSM,Westminster,SAT,05:30-05:45,05:30,0.03,11:45-13:45,15:00-17:00
940GZZLUWSM,Westminster,SAT,05:45-06:00,05:45,0.04,11:45-13:45,15:00-17:00
940GZZLUWSM,Westminster,SAT,06:00-06:15,06:00,0.05,11:45-13:45,15:00-17:00
940GZZLUWSM,Westminster,SAT,06:15-06:30,06:15,0.06,11:45-13:45,15:00-17:00
940GZZLUWSM,Westminster,SAT,06:30-06:45,06:30,0.07,11:45-13:45,15:00-17:00
940GZZLUWSM,Westminster,SAT,06:45-07:00,06:45,0.08,11:45-13:45,15:00-17:00
940GZZLUWSM,Westminster,SAT,07:00-07:15,07:00,0.09,11:45-13:45,15:00-17:00
940GZZLUWSM,Westminster,SAT,07:15-07:30,07:15,0.1,11:45-13:45,15:00-17:00
940GZZLUWSM,Westminster,SAT,07:30-07:45,07:30,0.1,11:45-13:45,15:00-17:00
940GZZLUWSM,Westminster,SAT,07:45-08:00,07:45,0.11,11:45-13:45,15:00-17:00
940GZZLUWSM,Westminster,SAT,08:00-08:15,08:00,0.11,11:45-13:45,15:00-17:00
940GZZLUWSM,Westminster,SAT,08:15-08:30,08:15,0.11,11:45-13:45,15:00-17:00
940GZZLUWSM,Westminster,SAT,08:30-08:45,08:30,0.1,11:45-13:45,15:00-17:00
940GZZLUWSM,Westminster,SAT,08:45-09:00,08:45,0.1,11:45-13:45,15:00-17:00
940GZZLUWSM,Westminster,SAT,09:00-09:15,09:00,0.1,11:45-13:45,15:00-17:00
940GZZLUWSM,Westminster,SAT,09:15-09:30,09:15,0.1,11:45-13:45,15:00-17:00
940GZZLUWSM,Westminster,SAT,09:30-09:45,09:30,0.11,11:45-13:45,15:00-17:00
940GZZLUWSM,Westminster,SAT,09:45-10:00,09:45,0.11,11:45-13:45,15:00-17:00
940GZZLUWSM,Westminster,SAT,10:00-10:15,10:00,0.12,11:45-13:45,15:00-17:00
940GZZLUWSM,Westminster,SAT,10:15-10:30,10:15,0.12,11:45-13:45,15:00-17:00
940GZZLUWSM,Westminster,SAT,10:30-10:45,10:30,0.12,11:45-13:45,15:00-17:00
940GZZLUWSM,Westminster,SAT,10:45-11:00,10:45,0.13,11:45-13:45,15:00-17:00
940GZZLUWSM,Westminster,SAT,11:00-11:15,11:00,0.13,11:45-13:45,15:00-17:00
940GZZLUWSM,Westminster,SAT,11:15-11:30,11:15,0.13,11:45-13:45,15:00-17:00
940GZZLUWSM,Westminster,SAT,11:30-11:45,11:30,0.13,11:45-13:45,15:00-17:00
940GZZLUWSM,Westminster,SAT,11:45-12:00,11:45,0.14,11:45-13:45,15:00-17:00
940GZZLUWSM,Westminster,SAT,12:00-12:15,12:00,0.14,11:45-13:45,15:00-17:00
940GZZLUWSM,Westminster,SAT,12:15-12:30,12:15,0.14,11:45-13:45,15:00-17:00
940GZZLUWSM,Westminster,SAT,12:30-12:45,12:30,0.14,11:45-13:45,15:00-17:00
940GZZLUWSM,Westminster,SAT,12:45-13:00,12:45,0.14,11:45-13:45,15:00-17:00
940GZZLUWSM,Westminster,SAT,13:00-13:15,13:00,0.15,11:45-13:45,15:00-17:00
940GZZLUWSM,Westminster,SAT,13:15-13:30,13:15,0.15,11:45-13:45,15:00-17:00
940GZZLUWSM,Westminster,SAT,13:30-13:45,13:30,0.15,11:45-13:45,15:00-17:00
940GZZLUWSM,Westminster,SAT,13:45-14:00,13:45,0.15,11:45-13:45,15:00-17:00
940GZZLUWSM,Westminster,SAT,14:00-14:15,14:00,0.15,11:45-13:45,15:00-17:00
940GZZLUWSM,Westminster,SAT,14:15-14:30,14:15,0.15,11:45-13:45,15:00-17:00
940GZZLUWSM,Westminster,SAT,14:30-14:45,14:30,0.16,11:45-13:45,15:00-17:00
940GZZLUWSM,Westminster,SAT,14:45-15:00,14:45,0.16,11:45-13:45,15:00-17:00
940GZZLUWSM,Westminster,SAT,15:00-15:15,15:00,0.16,11:45-13:45,15:00-17:00
940GZZLUWSM,Westminster,SAT,15:15-15:30,15:15,0.16,11:45-13:45,15:00-17:00
940GZZLUWSM,Westminster,SAT,15:30-15:45,15:30,0.16,11:45-13:45,15:00-17:00
940GZZLUWSM,Westminster,SAT,15:45-16:00,15:45,0.16,11:45-13:45,15:00-17:00
940GZZLUWSM,Westminster,SAT,16:00-16:15,16:00,0.16,11:45-13:45,15:00-17:00
940GZZLUWSM,Westminster,SAT,16:15-16:30,16:15,0.16,11:45-13:45,15:00-17:00
940GZZLUWSM,Westminster,SAT,16:30-16:45,16:30,0.16,11:45-13:45,15:00-17:00
940GZZLUWSM,Westminster,SAT,16:45-17:00,16:45,0.16,11:45-13:45,15:00-17:00
940GZZLUWSM,Westminster,SAT,17:00-17:15,17:00,0.16,11:45-13:45,15:00-17:00
940GZZLUWSM,Westminster,SAT,17:15-17:30,17:15,0.15,11:45-13:45,15:00-17:00
940GZZLUWSM,Westminster,SAT,17:30-17:45,17:30,0.15,11:45-13:45,15:00-17:00
940GZZLUWSM,Westminster,SAT,17:45-18:00,17:45,0.15,11:45-13:45,15:00-17:00
940GZZLUWSM,Westminster,SAT,18:00-18:15,18:00,0.15,11:45-13:45,15:00-17:00
940GZZLUWSM,Westminster,SAT,18:15-18:30,18:15,0.14,11:45-13:45,15:00-17:00
940GZZLUWSM,Westminster,SAT,18:30-18:45,18:30,0.14,11:45-13:45,15:00-17:00
940GZZLUWSM,Westminster,SAT,18:45-19:00,18:45,0.14,11:45-13:45,15:00-17:00
940GZZLUWSM,Westminster,SAT,19:00-19:15,19:00,0.13,11:45-13:45,15:00-17:00
940GZZLUWSM,Westminster,SAT,19:15-19:30,19:15,0.13,11:45-13:45,15:00-17:00
940GZZLUWSM,Westminster,SAT,19:30-19:45,19:30,0.13,11:45-13:45,15:00-17:00
940GZZLUWSM,Westminster,SAT,19:45-20:00,19:45,0.13,11:45-13:45,15:00-17:00
940GZZLUWSM,Westminster,SAT,20:00-20:15,20:00,0.13,11:45-13:45,15:00-17:00
940GZZLUWSM,Westminster,SAT,20:15-20:30,20:15,0.12,11:45-13:45,15:00-17:00
940GZZLUWSM,Westminster,SAT,20:30-20:45,20:30,0.12,11:45-13:45,15:00-17:00
940GZZLUWSM,Westminster,SAT,20:45-21:00,20:45,0.12,11:45-13:45,15:00-17:00
940GZZLUWSM,Westminster,SAT,21:00-21:15,21:00,0.12,11:45-13:45,15:00-17:00
940GZZLUWSM,Westminster,SAT,21:15-21:30,21:15,0.12,11:45-13:45,15:00-17:00
940GZZLUWSM,Westminster,SAT,21:30-21:45,21:30,0.13,11:45-13:45,15:00-17:00
940GZZLUWSM,Westminster,SAT,21:45-22:00,21:45,0.13,11:45-13:45,15:00-17:00
940GZZLUWSM,Westminster,SAT,22:00-22:15,22:00,0.13,11:45-13:45,15:00-17:00
940GZZLUWSM,Westminster,SAT,22:15-22:30,22:15,0.13,11:45-13:45,15:00-17:00
940GZZLUWSM,Westminster,SAT,22:30-22:45,22:30,0.13,11:45-13:45,15:00-17:00
940GZZLUWSM,Westminster,SAT,22:45-23:00,22:45,0.12,11:45-13:45,15:00-17:00
940GZZLUWSM,Westminster,SAT,23:00-23:15,23:00,0.12,11:45-13:45,15:00-17:00
940GZZLUWSM,Westminster,SAT,23:15-23:30,23:15,0.12,11:45-13:45,15:00-17:00
940GZZLUWSM,Westminster,SAT,23:30-23:45,23:30,0.12,11:45-13:45,15:00-17:00
940GZZLUWSM,Westminster,SAT,23:45-00:00,23:45,0.11,11:45-13:45,15:00-17:00
940GZZLUWSM,Westminster,THU,00:00-00:15,00:00,0.13,09:00-11:00,16:30-18:30
940GZZLUWSM,Westminster,THU,00:15-00:30,00:15,0.1,09:00-11:00,16:30-18:30
940GZZLUWSM,Westminster,THU,00:30-00:45,00:30,0.07,09:00-11:00,16:30-18:30
940GZZLUWSM,Westminster,THU,00:45-01:00,00:45,0.05,09:00-11:00,16:30-18:30
940GZZLUWSM,Westminster,THU,01:00-01:15,01:00,0.04,09:00-11:00,16:30-18:30
940GZZLUWSM,Westminster,THU,01:15-01:30,01:15,0.02,09:00-11:00,16:30-18:30
940GZZLUWSM,Westminster,THU,01:30-01:45,01:30,0.01,09:00-11:00,16:30-18:30
940GZZLUWSM,Westminster,THU,01:45-02:00,01:45,0.01,09:00-11:00,16:30-18:30
940GZZLUWSM,Westminster,THU,02:00-02:15,02:00,0.01,09:00-11:00,16:30-18:30
940GZZLUWSM,Westminster,THU,02:15-02:30,02:15,0.01,09:00-11:00,16:30-18:30
940GZZLUWSM,Westminster,THU,02:30-02:45,02:30,0.01,09:00-11:00,16:30-18:30
940GZZLUWSM,Westminster,THU,02:45-03:00,02:45,0.01,09:00-11:00,16:30-18:30
940GZZLUWSM,Westminster,THU,03:00-03:15,03:00,0.01,09:00-11:00,16:30-18:30
940GZZLUWSM,Westminster,THU,03:15-03:30,03:15,0.01,09:00-11:00,16:30-18:30
940GZZLUWSM,Westminster,THU,03:30-03:45,03:30,0.01,09:00-11:00,16:30-18:30
940GZZLUWSM,Westminster,THU,03:45-04:00,03:45,0.01,09:00-11:00,16:30-18:30
940GZZLUWSM,Westminster,THU,04:00-04:15,04:00,0.01,09:00-11:00,16:30-18:30
940GZZLUWSM,Westminster,THU,04:15-04:30,04:15,0.01,09:00-11:00,16:30-18:30
940GZZLUWSM,Westminster,THU,04:30-04:45,04:30,0,09:00-11:00,16:30-18:30
940GZZLUWSM,Westminster,THU,04:45-05:00,04:45,0,09:00-11:00,16:30-18:30
940GZZLUWSM,Westminster,THU,05:00-05:15,05:00,0,09:00-11:00,16:30-18:30
940GZZLUWSM,Westminster,THU,05:15-05:30,05:15,0.01,09:00-11:00,16:30-18:30
940GZZLUWSM,Westminster,THU,05:30-05:45,05:30,0.03,09:00-11:00,16:30-18:30
940GZZLUWSM,Westminster,THU,05:45-06:00,05:45,0.05,09:00-11:00,16:30-18:30
940GZZLUWSM,Westminster,THU,06:00-06:15,06:00,0.07,09:00-11:00,16:30-18:30
940GZZLUWSM,Westminster,THU,06:15-06:30,06:15,0.09,09:00-11:00,16:30-18:30
940GZZLUWSM,Westminster,THU,06:30-06:45,06:30,0.1,09:00-11:00,16:30-18:30
940GZZLUWSM,Westminster,THU,06:45-07:00,06:45,0.11,09:00-11:00,16:30-18:30
940GZZLUWSM,Westminster,THU,07:00-07:15,07:00,0.12,09:00-11:00,16:30-18:30
940GZZLUWSM,Westminster,THU,07:15-07:30,07:15,0.12,09:00-11:00,16:30-18:30
940GZZLUWSM,Westminster,THU,07:30-07:45,07:30,0.12,09:00-11:00,16:30-18:30
940GZZLUWSM,Westminster,THU,07:45-08:00,07:45,0.12,09:00-11:00,16:30-18:30
940GZZLUWSM,Westminster,THU,08:00-08:15,08:00,0.12,09:00-11:00,16:30-18:30
940GZZLUWSM,Westminster,THU,08:15-08:30,08:15,0.13,09:00-11:00,16:30-18:30
940GZZLUWSM,Westminster,THU,08:30-08:45,08:30,0.14,09:00-11:00,16:30-18:30
940GZZLUWSM,Westminster,THU,08:45-09:00,08:45,0.15,09:00-11:00,16:30-18:30
940GZZLUWSM,Westminster,THU,09:00-09:15,09:00,0.16,09:00-11:00,16:30-18:30
940GZZLUWSM,Westminster,THU,09:15-09:30,09:15,0.17,09:00-11:00,16:30-18:30
940GZZLUWSM,Westminster,THU,09:30-09:45,09:30,0.17,09:00-11:00,16:30-18:30
940GZZLUWSM,Westminster,THU,09:45-10:00,09:45,0.17,09:00-11:00,16:30-18:30
940GZZLUWSM,Westminster,THU,10:00-10:15,10:00,0.16,09:00-11:00,16:30-18:30
940GZZLUWSM,Westminster,THU,10:15-10:30,10:15,0.16,09:00-11:00,16:30-18:30
940GZZLUWSM,Westminster,THU,10:30-10:45,10:30,0.16,09:00-11:00,16:30-18:30
940GZZLUWSM,Westminster,THU,10:45-11:00,10:45,0.16,09:00-11:00,16:30-18:30
940GZZLUWSM,Westminster,THU,11:00-11:15,11:00,0.16,09:00-11:00,16:30-18:30
940GZZLUWSM,Westminster,THU,11:15-11:30,11:15,0.15,09:00-11:00,16:30-18:30
940GZZLUWSM,Westminster,THU,11:30-11:45,11:30,0.15,09:00-11:00,16:30-18:30
940GZZLUWSM,Westminster,THU,11:45-12:00,11:45,0.15,09:00-11:00,16:30-18:30
940GZZLUWSM,Westminster,THU,12:00-12:15,12:00,0.15,09:00-11:00,16:30-18:30
940GZZLUWSM,Westminster,THU,12:15-12:30,12:15,0.15,09:00-11:00,16:30-18:30
940GZZLUWSM,Westminster,THU,12:30-12:45,12:30,0.15,09:00-11:00,16:30-18:30
940GZZLUWSM,Westminster,THU,12:45-13:00,12:45,0.15,09:00-11:00,16:30-18:30
940GZZLUWSM,Westminster,THU,13:00-13:15,13:00,0.15,09:00-11:00,16:30-18:30
940GZZLUWSM,Westminster,THU,13:15-13:30,13:15,0.16,09:00-11:00,16:30-18:30
940GZZLUWSM,Westminster,THU,13:30-13:45,13:30,0.16,09:00-11:00,16:30-18:30
940GZZLUWSM,Westminster,THU,13:45-14:00,13:45,0.16,09:00-11:00,16:30-18:30
940GZZLUWSM,Westminster,THU,14:00-14:15,14:00,0.16,09:00-11:00,16:30-18:30
940GZZLUWSM,Westminster,THU,14:15-14:30,14:15,0.16,09:00-11:00,16:30-18:30
940GZZLUWSM,Westminster,THU,14:30-14:45,14:30,0.17,09:00-11:00,16:30-18:30
940GZZLUWSM,Westminster,THU,14:45-15:00,14:45,0.17,09:00-11:00,16:30-18:30
940GZZLUWSM,Westminster,THU,15:00-15:15,15:00,0.17,09:00-11:00,16:30-18:30
940GZZLUWSM,Westminster,THU,15:15-15:30,15:15,0.17,09:00-11:00,16:30-18:30
940GZZLUWSM,Westminster,THU,15:30-15:45,15:30,0.17,09:00-11:00,16:30-18:30
940GZZLUWSM,Westminster,THU,15:45-16:00,15:45,0.18,09:00-11:00,16:30-18:30
940GZZLUWSM,Westminster,THU,16:00-16:15,16:00,0.18,09:00-11:00,16:30-18:30
940GZZLUWSM,Westminster,THU,16:15-16:30,16:15,0.18,09:00-11:00,16:30-18:30
940GZZLUWSM,Westminster,THU,16:30-16:45,16:30,0.18,09:00-11:00,16:30-18:30
940GZZLUWSM,Westminster,THU,16:45-17:00,16:45,0.18,09:00-11:00,16:30-18:30
940GZZLUWSM,Westminster,THU,17:00-17:15,17:00,0.18,09:00-11:00,16:30-18:30
940GZZLUWSM,Westminster,THU,17:15-17:30,17:15,0.18,09:00-11:00,16:30-18:30
940GZZLUWSM,Westminster,THU,17:30-17:45,17:30,0.19,09:00-11:00,16:30-18:30
940GZZLUWSM,Westminster,THU,17:45-18:00,17:45,0.19,09:00-11:00,16:30-18:30
940GZZLUWSM,Westminster,THU,18:00-18:15,18:00,0.19,09:00-11:00,16:30-18:30
940GZZLUWSM,Westminster,THU,18:15-18:30,18:15,0.18,09:00-11:00,16:30-18:30
940GZZLUWSM,Westminster,THU,18:30-18:45,18:30,0.18,09:00-11:00,16:30-18:30
940GZZLUWSM,Westminster,THU,18:45-19:00,18:45,0.17,09:00-11:00,16:30-18:30
940GZZLUWSM,Westminster,THU,19:00-19:15,19:00,0.17,09:00-11:00,16:30-18:30
940GZZLUWSM,Westminster,THU,19:15-19:30,19:15,0.16,09:00-11:00,16:30-18:30
940GZZLUWSM,Westminster,THU,19:30-19:45,19:30,0.16,09:00-11:00,16:30-18:30
940GZZLUWSM,Westminster,THU,19:45-20:00,19:45,0.15,09:00-11:00,16:30-18:30
940GZZLUWSM,Westminster,THU,20:00-20:15,20:00,0.15,09:00-11:00,16:30-18:30
940GZZLUWSM,Westminster,THU,20:15-20:30,20:15,0.14,09:00-11:00,16:30-18:30
940GZZLUWSM,Westminster,THU,20:30-20:45,20:30,0.15,09:00-11:00,16:30-18:30
940GZZLUWSM,Westminster,THU,20:45-21:00,20:45,0.15,09:00-11:00,16:30-18:30
940GZZLUWSM,Westminster,THU,21:00-21:15,21:00,0.15,09:00-11:00,16:30-18:30
940GZZLUWSM,Westminster,THU,21:15-21:30,21:15,0.15,09:00-11:00,16:30-18:30
940GZZLUWSM,Westminster,THU,21:30-21:45,21:30,0.14,09:00-11:00,16:30-18:30
940GZZLUWSM,Westminster,THU,21:45-22:00,21:45,0.14,09:00-11:00,16:30-18:30
940GZZLUWSM,Westminster,THU,22:00-22:15,22:00,0.14,09:00-11:00,16:30-18:30
940GZZLUWSM,Westminster,THU,22:15-22:30,22:15,0.14,09:00-11:00,16:30-18:30
940GZZLUWSM,Westminster,THU,22:30-22:45,22:30,0.14,09:00-11:00,16:30-18:30
940GZZLUWSM,Westminster,THU,22:45-23:00,22:45,0.14,09:00-11:00,16:30-18:30
940GZZLUWSM,Westminster,THU,23:00-23:15,23:00,0.13,09:00-11:00,16:30-18:30
940GZZLUWSM,Westminster,THU,23:15-23:30,23:15,0.13,09:00-11:00,16:30-18:30
940GZZLUWSM,Westminster,THU,23:30-23:45,23:30,0.12,09:00-11:00,16:30-18:30
940GZZLUWSM,Westminster,THU,23:45-00:00,23:45,0.11,09:00-11:00,16:30-18:30
940GZZLUWYP,Wembley Park,FRI,00:00-00:15,00:00,0.05,07:30-09:30,16:30-18:30
940GZZLUWYP,Wembley Park,FRI,00:15-00:30,00:15,0.05,07:30-09:30,16:30-18:30
940GZZLUWYP,Wembley Park,FRI,00:30-00:45,00:30,0.04,07:30-09:30,16:30-18:30
940GZZLUWYP,Wembley Park,FRI,00:45-01:00,00:45,0.04,07:30-09:30,16:30-18:30
940GZZLUWYP,Wembley Park,FRI,01:00-01:15,01:00,0.03,07:30-09:30,16:30-18:30
940GZZLUWYP,Wembley Park,FRI,01:15-01:30,01:15,0.02,07:30-09:30,16:30-18:30
940GZZLUWYP,Wembley Park,FRI,01:30-01:45,01:30,0.01,07:30-09:30,16:30-18:30
940GZZLUWYP,Wembley Park,FRI,01:45-02:00,01:45,0.01,07:30-09:30,16:30-18:30
940GZZLUWYP,Wembley Park,FRI,02:00-02:15,02:00,0,07:30-09:30,16:30-18:30
940GZZLUWYP,Wembley Park,FRI,02:15-02:30,02:15,0,07:30-09:30,16:30-18:30
940GZZLUWYP,Wembley Park,FRI,02:30-02:45,02:30,0.01,07:30-09:30,16:30-18:30
940GZZLUWYP,Wembley Park,FRI,02:45-03:00,02:45,0.01,07:30-09:30,16:30-18:30
940GZZLUWYP,Wembley Park,FRI,03:00-03:15,03:00,0.01,07:30-09:30,16:30-18:30
940GZZLUWYP,Wembley Park,FRI,03:15-03:30,03:15,0.01,07:30-09:30,16:30-18:30
940GZZLUWYP,Wembley Park,FRI,03:30-03:45,03:30,0.01,07:30-09:30,16:30-18:30
940GZZLUWYP,Wembley Park,FRI,03:45-04:00,03:45,0.01,07:30-09:30,16:30-18:30
940GZZLUWYP,Wembley Park,FRI,04:00-04:15,04:00,0.01,07:30-09:30,16:30-18:30
940GZZLUWYP,Wembley Park,FRI,04:15-04:30,04:15,0.02,07:30-09:30,16:30-18:30
940GZZLUWYP,Wembley Park,FRI,04:30-04:45,04:30,0.02,07:30-09:30,16:30-18:30
940GZZLUWYP,Wembley Park,FRI,04:45-05:00,04:45,0.02,07:30-09:30,16:30-18:30
940GZZLUWYP,Wembley Park,FRI,05:00-05:15,05:00,0.02,07:30-09:30,16:30-18:30
940GZZLUWYP,Wembley Park,FRI,05:15-05:30,05:15,0.02,07:30-09:30,16:30-18:30
940GZZLUWYP,Wembley Park,FRI,05:30-05:45,05:30,0.03,07:30-09:30,16:30-18:30
940GZZLUWYP,Wembley Park,FRI,05:45-06:00,05:45,0.04,07:30-09:30,16:30-18:30
940GZZLUWYP,Wembley Park,FRI,06:00-06:15,06:00,0.06,07:30-09:30,16:30-18:30
940GZZLUWYP,Wembley Park,FRI,06:15-06:30,06:15,0.09,07:30-09:30,16:30-18:30
940GZZLUWYP,Wembley Park,FRI,06:30-06:45,06:30,0.11,07:30-09:30,16:30-18:30
940GZZLUWYP,Wembley Park,FRI,06:45-07:00,06:45,0.13,07:30-09:30,16:30-18:30
940GZZLUWYP,Wembley Park,FRI,07:00-07:15,07:00,0.15,07:30-09:30,16:30-18:30
940GZZLUWYP,Wembley Park,FRI,07:15-07:30,07:15,0.17,07:30-09:30,16:30-18:30
940GZZLUWYP,Wembley Park,FRI,07:30-07:45,07:30,0.19,07:30-09:30,16:30-18:30
940GZZLUWYP,Wembley Park,FRI,07:45-08:00,07:45,0.21,07:30-09:30,16:30-18:30
940GZZLUWYP,Wembley Park,FRI,08:00-08:15,08:00,0.22,07:30-09:30,16:30-18:30
940GZZLUWYP,Wembley Park,FRI,08:15-08:30,08:15,0.22,07:30-09:30,16:30-18:30
940GZZLUWYP,Wembley Park,FRI,08:30-08:45,08:30,0.22,07:30-09:30,16:30-18:30
940GZZLUWYP,Wembley Park,FRI,08:45-09:00,08:45,0.21,07:30-09:30,16:30-18:30
940GZZLUWYP,Wembley Park,FRI,09:00-09:15,09:00,0.19,07:30-09:30,16:30-18:30
940GZZLUWYP,Wembley Park,FRI,09:15-09:30,09:15,0.19,07:30-09:30,16:30-18:30
940GZZLUWYP,Wembley Park,FRI,09:30-09:45,09:30,0.19,07:30-09:30,16:30-18:30
940GZZLUWYP,Wembley Park,FRI,09:45-10:00,09:45,0.19,07:30-09:30,16:30-18:30
940GZZLUWYP,Wembley Park,FRI,10:00-10:15,10:00,0.19,07:30-09:30,16:30-18:30
940GZZLUWYP,Wembley Park,FRI,10:15-10:30,10:15,0.19,07:30-09:30,16:30-18:30
940GZZLUWYP,Wembley Park,FRI,10:30-10:45,10:30,0.19,07:30-09:30,16:30-18:30
940GZZLUWYP,Wembley Park,FRI,10:45-11:00,10:45,0.17,07:30-09:30,16:30-18:30
940GZZLUWYP,Wembley Park,FRI,11:00-11:15,11:00,0.16,07:30-09:30,16:30-18:30
940GZZLUWYP,Wembley Park,FRI,11:15-11:30,11:15,0.15,07:30-09:30,16:30-18:30
940GZZLUWYP,Wembley Park,FRI,11:30-11:45,11:30,0.15,07:30-09:30,16:30-18:30
940GZZLUWYP,Wembley Park,FRI,11:45-12:00,11:45,0.15,07:30-09:30,16:30-18:30
940GZZLUWYP,Wembley Park,FRI,12:00-12:15,12:00,0.15,07:30-09:30,16:30-18:30
940GZZLUWYP,Wembley Park,FRI,12:15-12:30,12:15,0.16,07:30-09:30,16:30-18:30
940GZZLUWYP,Wembley Park,FRI,12:30-12:45,12:30,0.16,07:30-09:30,16:30-18:30
940GZZLUWYP,Wembley Park,FRI,12:45-13:00,12:45,0.16,07:30-09:30,16:30-18:30
940GZZLUWYP,Wembley Park,FRI,13:00-13:15,13:00,0.16,07:30-09:30,16:30-18:30
940GZZLUWYP,Wembley Park,FRI,13:15-13:30,13:15,0.17,07:30-09:30,16:30-18:30
940GZZLUWYP,Wembley Park,FRI,13:30-13:45,13:30,0.18,07:30-09:30,16:30-18:30
940GZZLUWYP,Wembley Park,FRI,13:45-14:00,13:45,0.17,07:30-09:30,16:30-18:30
940GZZLUWYP,Wembley Park,FRI,14:00-14:15,14:00,0.17,07:30-09:30,16:30-18:30
940GZZLUWYP,Wembley Park,FRI,14:15-14:30,14:15,0.17,07:30-09:30,16:30-18:30
940GZZLUWYP,Wembley Park,FRI,14:30-14:45,14:30,0.16,07:30-09:30,16:30-18:30
940GZZLUWYP,Wembley Park,FRI,14:45-15:00,14:45,0.14,07:30-09:30,16:30-18:30
940GZZLUWYP,Wembley Park,FRI,15:00-15:15,15:00,0.13,07:30-09:30,16:30-18:30
940GZZLUWYP,Wembley Park,FRI,15:15-15:30,15:15,0.12,07:30-09:30,16:30-18:30
940GZZLUWYP,Wembley Park,FRI,15:30-15:45,15:30,0.11,07:30-09:30,16:30-18:30
940GZZLUWYP,Wembley Park,FRI,15:45-16:00,15:45,0.1,07:30-09:30,16:30-18:30
940GZZLUWYP,Wembley Park,FRI,16:00-16:15,16:00,0.1,07:30-09:30,16:30-18:30
940GZZLUWYP,Wembley Park,FRI,16:15-16:30,16:15,0.12,07:30-09:30,16:30-18:30
940GZZLUWYP,Wembley Park,FRI,16:30-16:45,16:30,0.14,07:30-09:30,16:30-18:30
940GZZLUWYP,Wembley Park,FRI,16:45-17:00,16:45,0.15,07:30-09:30,16:30-18:30
940GZZLUWYP,Wembley Park,FRI,17:00-17:15,17:00,0.17,07:30-09:30,16:30-18:30
940GZZLUWYP,Wembley Park,FRI,17:15-17:30,17:15,0.17,07:30-09:30,16:30-18:30
940GZZLUWYP,Wembley Park,FRI,17:30-17:45,17:30,0.16,07:30-09:30,16:30-18:30
940GZZLUWYP,Wembley Park,FRI,17:45-18:00,17:45,0.15,07:30-09:30,16:30-18:30
940GZZLUWYP,Wembley Park,FRI,18:00-18:15,18:00,0.14,07:30-09:30,16:30-18:30
940GZZLUWYP,Wembley Park,FRI,18:15-18:30,18:15,0.13,07:30-09:30,16:30-18:30
940GZZLUWYP,Wembley Park,FRI,18:30-18:45,18:30,0.13,07:30-09:30,16:30-18:30
940GZZLUWYP,Wembley Park,FRI,18:45-19:00,18:45,0.13,07:30-09:30,16:30-18:30
940GZZLUWYP,Wembley Park,FRI,19:00-19:15,19:00,0.14,07:30-09:30,16:30-18:30
940GZZLUWYP,Wembley Park,FRI,19:15-19:30,19:15,0.14,07:30-09:30,16:30-18:30
940GZZLUWYP,Wembley Park,FRI,19:30-19:45,19:30,0.13,07:30-09:30,16:30-18:30
940GZZLUWYP,Wembley Park,FRI,19:45-20:00,19:45,0.12,07:30-09:30,16:30-18:30
940GZZLUWYP,Wembley Park,FRI,20:00-20:15,20:00,0.11,07:30-09:30,16:30-18:30
940GZZLUWYP,Wembley Park,FRI,20:15-20:30,20:15,0.11,07:30-09:30,16:30-18:30
940GZZLUWYP,Wembley Park,FRI,20:30-20:45,20:30,0.11,07:30-09:30,16:30-18:30
940GZZLUWYP,Wembley Park,FRI,20:45-21:00,20:45,0.11,07:30-09:30,16:30-18:30
940GZZLUWYP,Wembley Park,FRI,21:00-21:15,21:00,0.11,07:30-09:30,16:30-18:30
940GZZLUWYP,Wembley Park,FRI,21:15-21:30,21:15,0.11,07:30-09:30,16:30-18:30
940GZZLUWYP,Wembley Park,FRI,21:30-21:45,21:30,0.1,07:30-09:30,16:30-18:30
940GZZLUWYP,Wembley Park,FRI,21:45-22:00,21:45,0.1,07:30-09:30,16:30-18:30
940GZZLUWYP,Wembley Park,FRI,22:00-22:15,22:00,0.09,07:30-09:30,16:30-18:30
940GZZLUWYP,Wembley Park,FRI,22:15-22:30,22:15,0.08,07:30-09:30,16:30-18:30
940GZZLUWYP,Wembley Park,FRI,22:30-22:45,22:30,0.07,07:30-09:30,16:30-18:30
940GZZLUWYP,Wembley Park,FRI,22:45-23:00,22:45,0.07,07:30-09:30,16:30-18:30
940GZZLUWYP,Wembley Park,FRI,23:00-23:15,23:00,0.07,07:30-09:30,16:30-18:30
940GZZLUWYP,Wembley Park,FRI,23:15-23:30,23:15,0.06,07:30-09:30,16:30-18:30
940GZZLUWYP,Wembley Park,FRI,23:30-23:45,23:30,0.06,07:30-09:30,16:30-18:30
940GZZLUWYP,Wembley Park,FRI,23:45-00:00,23:45,0.07,07:30-09:30,16:30-18:30
940GZZLUWYP,Wembley Park,TUE,00:00-00:15,00:00,0.03,08:30-10:30,13:45-15:45
940GZZLUWYP,Wembley Park,TUE,00:15-00:30,00:15,0.04,08:30-10:30,13:45-15:45
940GZZLUWYP,Wembley Park,TUE,00:30-00:45,00:30,0.04,08:30-10:30,13:45-15:45
940GZZLUWYP,Wembley Park,TUE,00:45-01:00,00:45,0.04,08:30-10:30,13:45-15:45
940GZZLUWYP,Wembley Park,TUE,01:00-01:15,01:00,0.05,08:30-10:30,13:45-15:45
940GZZLUWYP,Wembley Park,TUE,01:15-01:30,01:15,0.05,08:30-10:30,13:45-15:45
940GZZLUWYP,Wembley Park,TUE,01:30-01:45,01:30,0.05,08:30-10:30,13:45-15:45
940GZZLUWYP,Wembley Park,TUE,01:45-02:00,01:45,0.04,08:30-10:30,13:45-15:45
940GZZLUWYP,Wembley Park,TUE,02:00-02:15,02:00,0.03,08:30-10:30,13:45-15:45
940GZZLUWYP,Wembley Park,TUE,02:15-02:30,02:15,0.03,08:30-10:30,13:45-15:45
940GZZLUWYP,Wembley Park,TUE,02:30-02:45,02:30,0.02,08:30-10:30,13:45-15:45
940GZZLUWYP,Wembley Park,TUE,02:45-03:00,02:45,0.01,08:30-10:30,13:45-15:45
940GZZLUWYP,Wembley Park,TUE,03:00-03:15,03:00,0.01,08:30-10:30,13:45-15:45
940GZZLUWYP,Wembley Park,TUE,03:15-03:30,03:15,0.02,08:30-10:30,13:45-15:45
940GZZLUWYP,Wembley Park,TUE,03:30-03:45,03:30,0.02,08:30-10:30,13:45-15:45
940GZZLUWYP,Wembley Park,TUE,03:45-04:00,03:45,0.02,08:30-10:30,13:45-15:45
940GZZLUWYP,Wembley Park,TUE,04:00-04:15,04:00,0.03,08:30-10:30,13:45-15:45
940GZZLUWYP,Wembley Park,TUE,04:15-04:30,04:15,0.03,08:30-10:30,13:45-15:45
940GZZLUWYP,Wembley Park,TUE,04:30-04:45,04:30,0.04,08:30-10:30,13:45-15:45
940GZZLUWYP,Wembley Park,TUE,04:45-05:00,04:45,0.04,08:30-10:30,13:45-15:45
940GZZLUWYP,Wembley Park,TUE,05:00-05:15,05:00,0.04,08:30-10:30,13:45-15:45
940GZZLUWYP,Wembley Park,TUE,05:15-05:30,05:15,0.03,08:30-10:30,13:45-15:45
940GZZLUWYP,Wembley Park,TUE,05:30-05:45,05:30,0.03,08:30-10:30,13:45-15:45
940GZZLUWYP,Wembley Park,TUE,05:45-06:00,05:45,0.04,08:30-10:30,13:45-15:45
940GZZLUWYP,Wembley Park,TUE,06:00-06:15,06:00,0.06,08:30-10:30,13:45-15:45
940GZZLUWYP,Wembley Park,TUE,06:15-06:30,06:15,0.08,08:30-10:30,13:45-15:45
940GZZLUWYP,Wembley Park,TUE,06:30-06:45,06:30,0.09,08:30-10:30,13:45-15:45
940GZZLUWYP,Wembley Park,TUE,06:45-07:00,06:45,0.09,08:30-10:30,13:45-15:45
940GZZLUWYP,Wembley Park,TUE,07:00-07:15,07:00,0.09,08:30-10:30,13:45-15:45
940GZZLUWYP,Wembley Park,TUE,07:15-07:30,07:15,0.1,08:30-10:30,13:45-15:45
940GZZLUWYP,Wembley Park,TUE,07:30-07:45,07:30,0.1,08:30-10:30,13:45-15:45
940GZZLUWYP,Wembley Park,TUE,07:45-08:00,07:45,0.1,08:30-10:30,13:45-15:45
940GZZLUWYP,Wembley Park,TUE,08:00-08:15,08:00,0.12,08:30-10:30,13:45-15:45
940GZZLUWYP,Wembley Park,TUE,08:15-08:30,08:15,0.13,08:30-10:30,13:45-15:45
940GZZLUWYP,Wembley Park,TUE,08:30-08:45,08:30,0.14,08:30-10:30,13:45-15:45
940GZZLUWYP,Wembley Park,TUE,08:45-09:00,08:45,0.15,08:30-10:30,13:45-15:45
940GZZLUWYP,Wembley Park,TUE,09:00-09:15,09:00,0.17,08:30-10:30,13:45-15:45
940GZZLUWYP,Wembley Park,TUE,09:15-09:30,09:15,0.18,08:30-10:30,13:45-15:45
940GZZLUWYP,Wembley Park,TUE,09:30-09:45,09:30,0.19,08:30-10:30,13:45-15:45
940GZZLUWYP,Wembley Park,TUE,09:45-10:00,09:45,0.18,08:30-10:30,13:45-15:45
940GZZLUWYP,Wembley Park,TUE,10:00-10:15,10:00,0.17,08:30-10:30,13:45-15:45
940GZZLUWYP,Wembley Park,TUE,10:15-10:30,10:15,0.15,08:30-10:30,13:45-15:45
940GZZLUWYP,Wembley Park,TUE,10:30-10:45,10:30,0.13,08:30-10:30,13:45-15:45
940GZZLUWYP,Wembley Park,TUE,10:45-11:00,10:45,0.12,08:30-10:30,13:45-15:45
940GZZLUWYP,Wembley Park,TUE,11:00-11:15,11:00,0.11,08:30-10:30,13:45-15:45
940GZZLUWYP,Wembley Park,TUE,11:15-11:30,11:15,0.11,08:30-10:30,13:45-15:45
940GZZLUWYP,Wembley Park,TUE,11:30-11:45,11:30,0.1,08:30-10:30,13:45-15:45
940GZZLUWYP,Wembley Park,TUE,11:45-12:00,11:45,0.1,08:30-10:30,13:45-15:45
940GZZLUWYP,Wembley Park,TUE,12:00-12:15,12:00,0.09,08:30-10:30,13:45-15:45
940GZZLUWYP,Wembley Park,TUE,12:15-12:30,12:15,0.09,08:30-10:30,13:45-15:45
940GZZLUWYP,Wembley Park,TUE,12:30-12:45,12:30,0.1,08:30-10:30,13:45-15:45
940GZZLUWYP,Wembley Park,TUE,12:45-13:00,12:45,0.1,08:30-10:30,13:45-15:45
940GZZLUWYP,Wembley Park,TUE,13:00-13:15,13:00,0.11,08:30-10:30,13:45-15:45
940GZZLUWYP,Wembley Park,TUE,13:15-13:30,13:15,0.11,08:30-10:30,13:45-15:45
940GZZLUWYP,Wembley Park,TUE,13:30-13:45,13:30,0.11,08:30-10:30,13:45-15:45
940GZZLUWYP,Wembley Park,TUE,13:45-14:00,13:45,0.1,08:30-10:30,13:45-15:45
940GZZLUWYP,Wembley Park,TUE,14:00-14:15,14:00,0.09,08:30-10:30,13:45-15:45
940GZZLUWYP,Wembley Park,TUE,14:15-14:30,14:15,0.1,08:30-10:30,13:45-15:45
940GZZLUWYP,Wembley Park,TUE,14:30-14:45,14:30,0.1,08:30-10:30,13:45-15:45
940GZZLUWYP,Wembley Park,TUE,14:45-15:00,14:45,0.1,08:30-10:30,13:45-15:45
940GZZLUWYP,Wembley Park,TUE,15:00-15:15,15:00,0.1,08:30-10:30,13:45-15:45
940GZZLUWYP,Wembley Park,TUE,15:15-15:30,15:15,0.1,08:30-10:30,13:45-15:45
940GZZLUWYP,Wembley Park,TUE,15:30-15:45,15:30,0.09,08:30-10:30,13:45-15:45
940GZZLUWYP,Wembley Park,TUE,15:45-16:00,15:45,0.09,08:30-10:30,13:45-15:45
940GZZLUWYP,Wembley Park,TUE,16:00-16:15,16:00,0.08,08:30-10:30,13:45-15:45
940GZZLUWYP,Wembley Park,TUE,16:15-16:30,16:15,0.07,08:30-10:30,13:45-15:45
940GZZLUWYP,Wembley Park,TUE,16:30-16:45,16:30,0.08,08:30-10:30,13:45-15:45
940GZZLUWYP,Wembley Park,TUE,16:45-17:00,16:45,0.09,08:30-10:30,13:45-15:45
940GZZLUWYP,Wembley Park,TUE,17:00-17:15,17:00,0.09,08:30-10:30,13:45-15:45
940GZZLUWYP,Wembley Park,TUE,17:15-17:30,17:15,0.1,08:30-10:30,13:45-15:45
940GZZLUWYP,Wembley Park,TUE,17:30-17:45,17:30,0.1,08:30-10:30,13:45-15:45
940GZZLUWYP,Wembley Park,TUE,17:45-18:00,17:45,0.1,08:30-10:30,13:45-15:45
940GZZLUWYP,Wembley Park,TUE,18:00-18:15,18:00,0.09,08:30-10:30,13:45-15:45
940GZZLUWYP,Wembley Park,TUE,18:15-18:30,18:15,0.09,08:30-10:30,13:45-15:45
940GZZLUWYP,Wembley Park,TUE,18:30-18:45,18:30,0.09,08:30-10:30,13:45-15:45
940GZZLUWYP,Wembley Park,TUE,18:45-19:00,18:45,0.09,08:30-10:30,13:45-15:45
940GZZLUWYP,Wembley Park,TUE,19:00-19:15,19:00,0.09,08:30-10:30,13:45-15:45
940GZZLUWYP,Wembley Park,TUE,19:15-19:30,19:15,0.09,08:30-10:30,13:45-15:45
940GZZLUWYP,Wembley Park,TUE,19:30-19:45,19:30,0.09,08:30-10:30,13:45-15:45
940GZZLUWYP,Wembley Park,TUE,19:45-20:00,19:45,0.08,08:30-10:30,13:45-15:45
940GZZLUWYP,Wembley Park,TUE,20:00-20:15,20:00,0.08,08:30-10:30,13:45-15:45
940GZZLUWYP,Wembley Park,TUE,20:15-20:30,20:15,0.07,08:30-10:30,13:45-15:45
940GZZLUWYP,Wembley Park,TUE,20:30-20:45,20:30,0.07,08:30-10:30,13:45-15:45
940GZZLUWYP,Wembley Park,TUE,20:45-21:00,20:45,0.06,08:30-10:30,13:45-15:45
940GZZLUWYP,Wembley Park,TUE,21:00-21:15,21:00,0.06,08:30-10:30,13:45-15:45
940GZZLUWYP,Wembley Park,TUE,21:15-21:30,21:15,0.06,08:30-10:30,13:45-15:45
940GZZLUWYP,Wembley Park,TUE,21:30-21:45,21:30,0.06,08:30-10:30,13:45-15:45
940GZZLUWYP,Wembley Park,TUE,21:45-22:00,21:45,0.05,08:30-10:30,13:45-15:45
940GZZLUWYP,Wembley Park,TUE,22:00-22:15,22:00,0.05,08:30-10:30,13:45-15:45
940GZZLUWYP,Wembley Park,TUE,22:15-22:30,22:15,0.05,08:30-10:30,13:45-15:45
940GZZLUWYP,Wembley Park,TUE,22:30-22:45,22:30,0.06,08:30-10:30,13:45-15:45
940GZZLUWYP,Wembley Park,TUE,22:45-23:00,22:45,0.06,08:30-10:30,13:45-15:45
940GZZLUWYP,Wembley Park,TUE,23:00-23:15,23:00,0.06,08:30-10:30,13:45-15:45
940GZZLUWYP,Wembley Park,TUE,23:15-23:30,23:15,0.06,08:30-10:30,13:45-15:45
940GZZLUWYP,Wembley Park,TUE,23:30-23:45,23:30,0.06,08:30-10:30,13:45-15:45
940GZZLUWYP,Wembley Park,TUE,23:45-00:00,23:45,0.06,08:30-10:30,13:45-15:45
940GZZLUWYP,Wembley Park,MON,00:00-00:15,00:00,0.06,08:30-10:30,16:45-18:45
940GZZLUWYP,Wembley Park,MON,00:15-00:30,00:15,0.06,08:30-10:30,16:45-18:45
940GZZLUWYP,Wembley Park,MON,00:30-00:45,00:30,0.05,08:30-10:30,16:45-18:45
940GZZLUWYP,Wembley Park,MON,00:45-01:00,00:45,0.04,08:30-10:30,16:45-18:45
940GZZLUWYP,Wembley Park,MON,01:00-01:15,01:00,0.04,08:30-10:30,16:45-18:45
940GZZLUWYP,Wembley Park,MON,01:15-01:30,01:15,0.04,08:30-10:30,16:45-18:45
940GZZLUWYP,Wembley Park,MON,01:30-01:45,01:30,0.03,08:30-10:30,16:45-18:45
940GZZLUWYP,Wembley Park,MON,01:45-02:00,01:45,0.03,08:30-10:30,16:45-18:45
940GZZLUWYP,Wembley Park,MON,02:00-02:15,02:00,0.02,08:30-10:30,16:45-18:45
940GZZLUWYP,Wembley Park,MON,02:15-02:30,02:15,0.02,08:30-10:30,16:45-18:45
940GZZLUWYP,Wembley Park,MON,02:30-02:45,02:30,0.01,08:30-10:30,16:45-18:45
940GZZLUWYP,Wembley Park,MON,02:45-03:00,02:45,0.01,08:30-10:30,16:45-18:45
940GZZLUWYP,Wembley Park,MON,03:00-03:15,03:00,0.01,08:30-10:30,16:45-18:45
940GZZLUWYP,Wembley Park,MON,03:15-03:30,03:15,0.01,08:30-10:30,16:45-18:45
940GZZLUWYP,Wembley Park,MON,03:30-03:45,03:30,0.01,08:30-10:30,16:45-18:45
940GZZLUWYP,Wembley Park,MON,03:45-04:00,03:45,0.02,08:30-10:30,16:45-18:45
940GZZLUWYP,Wembley Park,MON,04:00-04:15,04:00,0.03,08:30-10:30,16:45-18:45
940GZZLUWYP,Wembley Park,MON,04:15-04:30,04:15,0.05,08:30-10:30,16:45-18:45
940GZZLUWYP,Wembley Park,MON,04:30-04:45,04:30,0.06,08:30-10:30,16:45-18:45
940GZZLUWYP,Wembley Park,MON,04:45-05:00,04:45,0.06,08:30-10:30,16:45-18:45
940GZZLUWYP,Wembley Park,MON,05:00-05:15,05:00,0.06,08:30-10:30,16:45-18:45
940GZZLUWYP,Wembley Park,MON,05:15-05:30,05:15,0.06,08:30-10:30,16:45-18:45
940GZZLUWYP,Wembley Park,MON,05:30-05:45,05:30,0.05,08:30-10:30,16:45-18:45
940GZZLUWYP,Wembley Park,MON,05:45-06:00,05:45,0.06,08:30-10:30,16:45-18:45
940GZZLUWYP,Wembley Park,MON,06:00-06:15,06:00,0.08,08:30-10:30,16:45-18:45
940GZZLUWYP,Wembley Park,MON,06:15-06:30,06:15,0.09,08:30-10:30,16:45-18:45
940GZZLUWYP,Wembley Park,MON,06:30-06:45,06:30,0.11,08:30-10:30,16:45-18:45
940GZZLUWYP,Wembley Park,MON,06:45-07:00,06:45,0.12,08:30-10:30,16:45-18:45
940GZZLUWYP,Wembley Park,MON,07:00-07:15,07:00,0.12,08:30-10:30,16:45-18:45
940GZZLUWYP,Wembley Park,MON,07:15-07:30,07:15,0.12,08:30-10:30,16:45-18:45
940GZZLUWYP,Wembley Park,MON,07:30-07:45,07:30,0.11,08:30-10:30,16:45-18:45
940GZZLUWYP,Wembley Park,MON,07:45-08:00,07:45,0.1,08:30-10:30,16:45-18:45
940GZZLUWYP,Wembley Park,MON,08:00-08:15,08:00,0.1,08:30-10:30,16:45-18:45
940GZZLUWYP,Wembley Park,MON,08:15-08:30,08:15,0.12,08:30-10:30,16:45-18:45
940GZZLUWYP,Wembley Park,MON,08:30-08:45,08:30,0.15,08:30-10:30,16:45-18:45
940GZZLUWYP,Wembley Park,MON,08:45-09:00,08:45,0.18,08:30-10:30,16:45-18:45
940GZZLUWYP,Wembley Park,MON,09:00-09:15,09:00,0.2,08:30-10:30,16:45-18:45
940GZZLUWYP,Wembley Park,MON,09:15-09:30,09:15,0.21,08:30-10:30,16:45-18:45
940GZZLUWYP,Wembley Park,MON,09:30-09:45,09:30,0.21,08:30-10:30,16:45-18:45
940GZZLUWYP,Wembley Park,MON,09:45-10:00,09:45,0.2,08:30-10:30,16:45-18:45
940GZZLUWYP,Wembley Park,MON,10:00-10:15,10:00,0.18,08:30-10:30,16:45-18:45
940GZZLUWYP,Wembley Park,MON,10:15-10:30,10:15,0.16,08:30-10:30,16:45-18:45
940GZZLUWYP,Wembley Park,MON,10:30-10:45,10:30,0.14,08:30-10:30,16:45-18:45
940GZZLUWYP,Wembley Park,MON,10:45-11:00,10:45,0.13,08:30-10:30,16:45-18:45
940GZZLUWYP,Wembley Park,MON,11:00-11:15,11:00,0.12,08:30-10:30,16:45-18:45
940GZZLUWYP,Wembley Park,MON,11:15-11:30,11:15,0.12,08:30-10:30,16:45-18:45
940GZZLUWYP,Wembley Park,MON,11:30-11:45,11:30,0.11,08:30-10:30,16:45-18:45
940GZZLUWYP,Wembley Park,MON,11:45-12:00,11:45,0.11,08:30-10:30,16:45-18:45
940GZZLUWYP,Wembley Park,MON,12:00-12:15,12:00,0.1,08:30-10:30,16:45-18:45
940GZZLUWYP,Wembley Park,MON,12:15-12:30,12:15,0.1,08:30-10:30,16:45-18:45
940GZZLUWYP,Wembley Park,MON,12:30-12:45,12:30,0.1,08:30-10:30,16:45-18:45
940GZZLUWYP,Wembley Park,MON,12:45-13:00,12:45,0.11,08:30-10:30,16:45-18:45
940GZZLUWYP,Wembley Park,MON,13:00-13:15,13:00,0.12,08:30-10:30,16:45-18:45
940GZZLUWYP,Wembley Park,MON,13:15-13:30,13:15,0.12,08:30-10:30,16:45-18:45
940GZZLUWYP,Wembley Park,MON,13:30-13:45,13:30,0.13,08:30-10:30,16:45-18:45
940GZZLUWYP,Wembley Park,MON,13:45-14:00,13:45,0.12,08:30-10:30,16:45-18:45
940GZZLUWYP,Wembley Park,MON,14:00-14:15,14:00,0.12,08:30-10:30,16:45-18:45
940GZZLUWYP,Wembley Park,MON,14:15-14:30,14:15,0.12,08:30-10:30,16:45-18:45
940GZZLUWYP,Wembley Park,MON,14:30-14:45,14:30,0.12,08:30-10:30,16:45-18:45
940GZZLUWYP,Wembley Park,MON,14:45-15:00,14:45,0.11,08:30-10:30,16:45-18:45
940GZZLUWYP,Wembley Park,MON,15:00-15:15,15:00,0.1,08:30-10:30,16:45-18:45
940GZZLUWYP,Wembley Park,MON,15:15-15:30,15:15,0.09,08:30-10:30,16:45-18:45
940GZZLUWYP,Wembley Park,MON,15:30-15:45,15:30,0.08,08:30-10:30,16:45-18:45
940GZZLUWYP,Wembley Park,MON,15:45-16:00,15:45,0.07,08:30-10:30,16:45-18:45
940GZZLUWYP,Wembley Park,MON,16:00-16:15,16:00,0.07,08:30-10:30,16:45-18:45
940GZZLUWYP,Wembley Park,MON,16:15-16:30,16:15,0.08,08:30-10:30,16:45-18:45
940GZZLUWYP,Wembley Park,MON,16:30-16:45,16:30,0.09,08:30-10:30,16:45-18:45
940GZZLUWYP,Wembley Park,MON,16:45-17:00,16:45,0.11,08:30-10:30,16:45-18:45
940GZZLUWYP,Wembley Park,MON,17:00-17:15,17:00,0.12,08:30-10:30,16:45-18:45
940GZZLUWYP,Wembley Park,MON,17:15-17:30,17:15,0.12,08:30-10:30,16:45-18:45
940GZZLUWYP,Wembley Park,MON,17:30-17:45,17:30,0.12,08:30-10:30,16:45-18:45
940GZZLUWYP,Wembley Park,MON,17:45-18:00,17:45,0.12,08:30-10:30,16:45-18:45
940GZZLUWYP,Wembley Park,MON,18:00-18:15,18:00,0.11,08:30-10:30,16:45-18:45
940GZZLUWYP,Wembley Park,MON,18:15-18:30,18:15,0.1,08:30-10:30,16:45-18:45
940GZZLUWYP,Wembley Park,MON,18:30-18:45,18:30,0.1,08:30-10:30,16:45-18:45
940GZZLUWYP,Wembley Park,MON,18:45-19:00,18:45,0.09,08:30-10:30,16:45-18:45
940GZZLUWYP,Wembley Park,MON,19:00-19:15,19:00,0.08,08:30-10:30,16:45-18:45
940GZZLUWYP,Wembley Park,MON,19:15-19:30,19:15,0.08,08:30-10:30,16:45-18:45
940GZZLUWYP,Wembley Park,MON,19:30-19:45,19:30,0.07,08:30-10:30,16:45-18:45
940GZZLUWYP,Wembley Park,MON,19:45-20:00,19:45,0.08,08:30-10:30,16:45-18:45
940GZZLUWYP,Wembley Park,MON,20:00-20:15,20:00,0.09,08:30-10:30,16:45-18:45
940GZZLUWYP,Wembley Park,MON,20:15-20:30,20:15,0.1,08:30-10:30,16:45-18:45
940GZZLUWYP,Wembley Park,MON,20:30-20:45,20:30,0.1,08:30-10:30,16:45-18:45
940GZZLUWYP,Wembley Park,MON,20:45-21:00,20:45,0.1,08:30-10:30,16:45-18:45
940GZZLUWYP,Wembley Park,MON,21:00-21:15,21:00,0.1,08:30-10:30,16:45-18:45
940GZZLUWYP,Wembley Park,MON,21:15-21:30,21:15,0.09,08:30-10:30,16:45-18:45
940GZZLUWYP,Wembley Park,MON,21:30-21:45,21:30,0.09,08:30-10:30,16:45-18:45
940GZZLUWYP,Wembley Park,MON,21:45-22:00,21:45,0.09,08:30-10:30,16:45-18:45
940GZZLUWYP,Wembley Park,MON,22:00-22:15,22:00,0.09,08:30-10:30,16:45-18:45
940GZZLUWYP,Wembley Park,MON,22:15-22:30,22:15,0.09,08:30-10:30,16:45-18:45
940GZZLUWYP,Wembley Park,MON,22:30-22:45,22:30,0.08,08:30-10:30,16:45-18:45
940GZZLUWYP,Wembley Park,MON,22:45-23:00,22:45,0.07,08:30-10:30,16:45-18:45
940GZZLUWYP,Wembley Park,MON,23:00-23:15,23:00,0.07,08:30-10:30,16:45-18:45
940GZZLUWYP,Wembley Park,MON,23:15-23:30,23:15,0.06,08:30-10:30,16:45-18:45
940GZZLUWYP,Wembley Park,MON,23:30-23:45,23:30,0.06,08:30-10:30,16:45-18:45
940GZZLUWYP,Wembley Park,MON,23:45-00:00,23:45,0.05,08:30-10:30,16:45-18:45
940GZZLUWYP,Wembley Park,SUN,00:00-00:15,00:00,0.04,08:15-10:15,16:45-18:45
940GZZLUWYP,Wembley Park,SUN,00:15-00:30,00:15,0.03,08:15-10:15,16:45-18:45
940GZZLUWYP,Wembley Park,SUN,00:30-00:45,00:30,0.03,08:15-10:15,16:45-18:45
940GZZLUWYP,Wembley Park,SUN,00:45-01:00,00:45,0.03,08:15-10:15,16:45-18:45
940GZZLUWYP,Wembley Park,SUN,01:00-01:15,01:00,0.02,08:15-10:15,16:45-18:45
940GZZLUWYP,Wembley Park,SUN,01:15-01:30,01:15,0.02,08:15-10:15,16:45-18:45
940GZZLUWYP,Wembley Park,SUN,01:30-01:45,01:30,0.02,08:15-10:15,16:45-18:45
940GZZLUWYP,Wembley Park,SUN,01:45-02:00,01:45,0.01,08:15-10:15,16:45-18:45
940GZZLUWYP,Wembley Park,SUN,02:00-02:15,02:00,0.01,08:15-10:15,16:45-18:45
940GZZLUWYP,Wembley Park,SUN,02:15-02:30,02:15,0.01,08:15-10:15,16:45-18:45
940GZZLUWYP,Wembley Park,SUN,02:30-02:45,02:30,0.01,08:15-10:15,16:45-18:45
940GZZLUWYP,Wembley Park,SUN,02:45-03:00,02:45,0,08:15-10:15,16:45-18:45
940GZZLUWYP,Wembley Park,SUN,03:00-03:15,03:00,0,08:15-10:15,16:45-18:45
940GZZLUWYP,Wembley Park,SUN,03:15-03:30,03:15,0,08:15-10:15,16:45-18:45
940GZZLUWYP,Wembley Park,SUN,03:30-03:45,03:30,0.01,08:15-10:15,16:45-18:45
940GZZLUWYP,Wembley Park,SUN,03:45-04:00,03:45,0.01,08:15-10:15,16:45-18:45
940GZZLUWYP,Wembley Park,SUN,04:00-04:15,04:00,0.01,08:15-10:15,16:45-18:45
940GZZLUWYP,Wembley Park,SUN,04:15-04:30,04:15,0.01,08:15-10:15,16:45-18:45
940GZZLUWYP,Wembley Park,SUN,04:30-04:45,04:30,0.01,08:15-10:15,16:45-18:45
940GZZLUWYP,Wembley Park,SUN,04:45-05:00,04:45,0.02,08:15-10:15,16:45-18:45
940GZZLUWYP,Wembley Park,SUN,05:00-05:15,05:00,0.02,08:15-10:15,16:45-18:45
940GZZLUWYP,Wembley Park,SUN,05:15-05:30,05:15,0.03,08:15-10:15,16:45-18:45
940GZZLUWYP,Wembley Park,SUN,05:30-05:45,05:30,0.04,08:15-10:15,16:45-18:45
940GZZLUWYP,Wembley Park,SUN,05:45-06:00,05:45,0.05,08:15-10:15,16:45-18:45
940GZZLUWYP,Wembley Park,SUN,06:00-06:15,06:00,0.05,08:15-10:15,16:45-18:45
940GZZLUWYP,Wembley Park,SUN,06:15-06:30,06:15,0.06,08:15-10:15,16:45-18:45
940GZZLUWYP,Wembley Park,SUN,06:30-06:45,06:30,0.07,08:15-10:15,16:45-18:45
940GZZLUWYP,Wembley Park,SUN,06:45-07:00,06:45,0.08,08:15-10:15,16:45-18:45
940GZZLUWYP,Wembley Park,SUN,07:00-07:15,07:00,0.09,08:15-10:15,16:45-18:45
940GZZLUWYP,Wembley Park,SUN,07:15-07:30,07:15,0.09,08:15-10:15,16:45-18:45
940GZZLUWYP,Wembley Park,SUN,07:30-07:45,07:30,0.1,08:15-10:15,16:45-18:45
940GZZLUWYP,Wembley Park,SUN,07:45-08:00,07:45,0.11,08:15-10:15,16:45-18:45
940GZZLUWYP,Wembley Park,SUN,08:00-08:15,08:00,0.11,08:15-10:15,16:45-18:45
940GZZLUWYP,Wembley Park,SUN,08:15-08:30,08:15,0.12,08:15-10:15,16:45-18:45
940GZZLUWYP,Wembley Park,SUN,08:30-08:45,08:30,0.12,08:15-10:15,16:45-18:45
940GZZLUWYP,Wembley Park,SUN,08:45-09:00,08:45,0.12,08:15-10:15,16:45-18:45
940GZZLUWYP,Wembley Park,SUN,09:00-09:15,09:00,0.12,08:15-10:15,16:45-18:45
940GZZLUWYP,Wembley Park,SUN,09:15-09:30,09:15,0.12,08:15-10:15,16:45-18:45
940GZZLUWYP,Wembley Park,SUN,09:30-09:45,09:30,0.12,08:15-10:15,16:45-18:45
940GZZLUWYP,Wembley Park,SUN,09:45-10:00,09:45,0.12,08:15-10:15,16:45-18:45
940GZZLUWYP,Wembley Park,SUN,10:00-10:15,10:00,0.11,08:15-10:15,16:45-18:45
940GZZLUWYP,Wembley Park,SUN,10:15-10:30,10:15,0.11,08:15-10:15,16:45-18:45
940GZZLUWYP,Wembley Park,SUN,10:30-10:45,10:30,0.11,08:15-10:15,16:45-18:45
940GZZLUWYP,Wembley Park,SUN,10:45-11:00,10:45,0.11,08:15-10:15,16:45-18:45
940GZZLUWYP,Wembley Park,SUN,11:00-11:15,11:00,0.11,08:15-10:15,16:45-18:45
940GZZLUWYP,Wembley Park,SUN,11:15-11:30,11:15,0.11,08:15-10:15,16:45-18:45
940GZZLUWYP,Wembley Park,SUN,11:30-11:45,11:30,0.1,08:15-10:15,16:45-18:45
940GZZLUWYP,Wembley Park,SUN,11:45-12:00,11:45,0.1,08:15-10:15,16:45-18:45
940GZZLUWYP,Wembley Park,SUN,12:00-12:15,12:00,0.1,08:15-10:15,16:45-18:45
940GZZLUWYP,Wembley Park,SUN,12:15-12:30,12:15,0.09,08:15-10:15,16:45-18:45
940GZZLUWYP,Wembley Park,SUN,12:30-12:45,12:30,0.09,08:15-10:15,16:45-18:45
940GZZLUWYP,Wembley Park,SUN,12:45-13:00,12:45,0.09,08:15-10:15,16:45-18:45
940GZZLUWYP,Wembley Park,SUN,13:00-13:15,13:00,0.09,08:15-10:15,16:45-18:45
940GZZLUWYP,Wembley Park,SUN,13:15-13:30,13:15,0.08,08:15-10:15,16:45-18:45
940GZZLUWYP,Wembley Park,SUN,13:30-13:45,13:30,0.08,08:15-10:15,16:45-18:45
940GZZLUWYP,Wembley Park,SUN,13:45-14:00,13:45,0.08,08:15-10:15,16:45-18:45
940GZZLUWYP,Wembley Park,SUN,14:00-14:15,14:00,0.08,08:15-10:15,16:45-18:45
940GZZLUWYP,Wembley Park,SUN,14:15-14:30,14:15,0.07,08:15-10:15,16:45-18:45
940GZZLUWYP,Wembley Park,SUN,14:30-14:45,14:30,0.07,08:15-10:15,16:45-18:45
940GZZLUWYP,Wembley Park,SUN,14:45-15:00,14:45,0.07,08:15-10:15,16:45-18:45
940GZZLUWYP,Wembley Park,SUN,15:00-15:15,15:00,0.07,08:15-10:15,16:45-18:45
940GZZLUWYP,Wembley Park,SUN,15:15-15:30,15:15,0.07,08:15-10:15,16:45-18:45
940GZZLUWYP,Wembley Park,SUN,15:30-15:45,15:30,0.08,08:15-10:15,16:45-18:45
940GZZLUWYP,Wembley Park,SUN,15:45-16:00,15:45,0.09,08:15-10:15,16:45-18:45
940GZZLUWYP,Wembley Park,SUN,16:00-16:15,16:00,0.09,08:15-10:15,16:45-18:45
940GZZLUWYP,Wembley Park,SUN,16:15-16:30,16:15,0.09,08:15-10:15,16:45-18:45
940GZZLUWYP,Wembley Park,SUN,16:30-16:45,16:30,0.09,08:15-10:15,16:45-18:45
940GZZLUWYP,Wembley Park,SUN,16:45-17:00,16:45,0.1,08:15-10:15,16:45-18:45
940GZZLUWYP,Wembley Park,SUN,17:00-17:15,17:00,0.1,08:15-10:15,16:45-18:45
940GZZLUWYP,Wembley Park,SUN,17:15-17:30,17:15,0.1,08:15-10:15,16:45-18:45
940GZZLUWYP,Wembley Park,SUN,17:30-17:45,17:30,0.1,08:15-10:15,16:45-18:45
940GZZLUWYP,Wembley Park,SUN,17:45-18:00,17:45,0.1,08:15-10:15,16:45-18:45
940GZZLUWYP,Wembley Park,SUN,18:00-18:15,18:00,0.1,08:15-10:15,16:45-18:45
940GZZLUWYP,Wembley Park,SUN,18:15-18:30,18:15,0.1,08:15-10:15,16:45-18:45
940GZZLUWYP,Wembley Park,SUN,18:30-18:45,18:30,0.1,08:15-10:15,16:45-18:45
940GZZLUWYP,Wembley Park,SUN,18:45-19:00,18:45,0.09,08:15-10:15,16:45-18:45
940GZZLUWYP,Wembley Park,SUN,19:00-19:15,19:00,0.09,08:15-10:15,16:45-18:45
940GZZLUWYP,Wembley Park,SUN,19:15-19:30,19:15,0.09,08:15-10:15,16:45-18:45
940GZZLUWYP,Wembley Park,SUN,19:30-19:45,19:30,0.09,08:15-10:15,16:45-18:45
940GZZLUWYP,Wembley Park,SUN,19:45-20:00,19:45,0.09,08:15-10:15,16:45-18:45
940GZZLUWYP,Wembley Park,SUN,20:00-20:15,20:00,0.09,08:15-10:15,16:45-18:45
940GZZLUWYP,Wembley Park,SUN,20:15-20:30,20:15,0.09,08:15-10:15,16:45-18:45
940GZZLUWYP,Wembley Park,SUN,20:30-20:45,20:30,0.08,08:15-10:15,16:45-18:45
940GZZLUWYP,Wembley Park,SUN,20:45-21:00,20:45,0.08,08:15-10:15,16:45-18:45
940GZZLUWYP,Wembley Park,SUN,21:00-21:15,21:00,0.08,08:15-10:15,16:45-18:45
940GZZLUWYP,Wembley Park,SUN,21:15-21:30,21:15,0.08,08:15-10:15,16:45-18:45
940GZZLUWYP,Wembley Park,SUN,21:30-21:45,21:30,0.07,08:15-10:15,16:45-18:45
940GZZLUWYP,Wembley Park,SUN,21:45-22:00,21:45,0.07,08:15-10:15,16:45-18:45
940GZZLUWYP,Wembley Park,SUN,22:00-22:15,22:00,0.07,08:15-10:15,16:45-18:45
940GZZLUWYP,Wembley Park,SUN,22:15-22:30,22:15,0.07,08:15-10:15,16:45-18:45
940GZZLUWYP,Wembley Park,SUN,22:30-22:45,22:30,0.06,08:15-10:15,16:45-18:45
940GZZLUWYP,Wembley Park,SUN,22:45-23:00,22:45,0.06,08:15-10:15,16:45-18:45
940GZZLUWYP,Wembley Park,SUN,23:00-23:15,23:00,0.06,08:15-10:15,16:45-18:45
940GZZLUWYP,Wembley Park,SUN,23:15-23:30,23:15,0.05,08:15-10:15,16:45-18:45
940GZZLUWYP,Wembley Park,SUN,23:30-23:45,23:30,0.05,08:15-10:15,16:45-18:45
940GZZLUWYP,Wembley Park,SUN,23:45-00:00,23:45,0.04,08:15-10:15,16:45-18:45
940GZZLUWYP,Wembley Park,WED,00:00-00:15,00:00,0.07,09:15-11:15,13:45-15:45
940GZZLUWYP,Wembley Park,WED,00:15-00:30,00:15,0.07,09:15-11:15,13:45-15:45
940GZZLUWYP,Wembley Park,WED,00:30-00:45,00:30,0.06,09:15-11:15,13:45-15:45
940GZZLUWYP,Wembley Park,WED,00:45-01:00,00:45,0.06,09:15-11:15,13:45-15:45
940GZZLUWYP,Wembley Park,WED,01:00-01:15,01:00,0.05,09:15-11:15,13:45-15:45
940GZZLUWYP,Wembley Park,WED,01:15-01:30,01:15,0.04,09:15-11:15,13:45-15:45
940GZZLUWYP,Wembley Park,WED,01:30-01:45,01:30,0.03,09:15-11:15,13:45-15:45
940GZZLUWYP,Wembley Park,WED,01:45-02:00,01:45,0.02,09:15-11:15,13:45-15:45
940GZZLUWYP,Wembley Park,WED,02:00-02:15,02:00,0.01,09:15-11:15,13:45-15:45
940GZZLUWYP,Wembley Park,WED,02:15-02:30,02:15,0.02,09:15-11:15,13:45-15:45
940GZZLUWYP,Wembley Park,WED,02:30-02:45,02:30,0.02,09:15-11:15,13:45-15:45
940GZZLUWYP,Wembley Park,WED,02:45-03:00,02:45,0.02,09:15-11:15,13:45-15:45
940GZZLUWYP,Wembley Park,WED,03:00-03:15,03:00,0.03,09:15-11:15,13:45-15:45
940GZZLUWYP,Wembley Park,WED,03:15-03:30,03:15,0.02,09:15-11:15,13:45-15:45
940GZZLUWYP,Wembley Park,WED,03:30-03:45,03:30,0.02,09:15-11:15,13:45-15:45
940GZZLUWYP,Wembley Park,WED,03:45-04:00,03:45,0.01,09:15-11:15,13:45-15:45
940GZZLUWYP,Wembley Park,WED,04:00-04:15,04:00,0.02,09:15-11:15,13:45-15:45
940GZZLUWYP,Wembley Park,WED,04:15-04:30,04:15,0.03,09:15-11:15,13:45-15:45
940GZZLUWYP,Wembley Park,WED,04:30-04:45,04:30,0.05,09:15-11:15,13:45-15:45
940GZZLUWYP,Wembley Park,WED,04:45-05:00,04:45,0.05,09:15-11:15,13:45-15:45
940GZZLUWYP,Wembley Park,WED,05:00-05:15,05:00,0.05,09:15-11:15,13:45-15:45
940GZZLUWYP,Wembley Park,WED,05:15-05:30,05:15,0.05,09:15-11:15,13:45-15:45
940GZZLUWYP,Wembley Park,WED,05:30-05:45,05:30,0.04,09:15-11:15,13:45-15:45
940GZZLUWYP,Wembley Park,WED,05:45-06:00,05:45,0.05,09:15-11:15,13:45-15:45
940GZZLUWYP,Wembley Park,WED,06:00-06:15,06:00,0.07,09:15-11:15,13:45-15:45
940GZZLUWYP,Wembley Park,WED,06:15-06:30,06:15,0.1,09:15-11:15,13:45-15:45
940GZZLUWYP,Wembley Park,WED,06:30-06:45,06:30,0.12,09:15-11:15,13:45-15:45
940GZZLUWYP,Wembley Park,WED,06:45-07:00,06:45,0.13,09:15-11:15,13:45-15:45
940GZZLUWYP,Wembley Park,WED,07:00-07:15,07:00,0.13,09:15-11:15,13:45-15:45
940GZZLUWYP,Wembley Park,WED,07:15-07:30,07:15,0.12,09:15-11:15,13:45-15:45
940GZZLUWYP,Wembley Park,WED,07:30-07:45,07:30,0.11,09:15-11:15,13:45-15:45
940GZZLUWYP,Wembley Park,WED,07:45-08:00,07:45,0.11,09:15-11:15,13:45-15:45
940GZZLUWYP,Wembley Park,WED,08:00-08:15,08:00,0.12,09:15-11:15,13:45-15:45
940GZZLUWYP,Wembley Park,WED,08:15-08:30,08:15,0.14,09:15-11:15,13:45-15:45
940GZZLUWYP,Wembley Park,WED,08:30-08:45,08:30,0.16,09:15-11:15,13:45-15:45
940GZZLUWYP,Wembley Park,WED,08:45-09:00,08:45,0.16,09:15-11:15,13:45-15:45
940GZZLUWYP,Wembley Park,WED,09:00-09:15,09:00,0.18,09:15-11:15,13:45-15:45
940GZZLUWYP,Wembley Park,WED,09:15-09:30,09:15,0.19,09:15-11:15,13:45-15:45
940GZZLUWYP,Wembley Park,WED,09:30-09:45,09:30,0.19,09:15-11:15,13:45-15:45
940GZZLUWYP,Wembley Park,WED,09:45-10:00,09:45,0.2,09:15-11:15,13:45-15:45
940GZZLUWYP,Wembley Park,WED,10:00-10:15,10:00,0.22,09:15-11:15,13:45-15:45
940GZZLUWYP,Wembley Park,WED,10:15-10:30,10:15,0.22,09:15-11:15,13:45-15:45
940GZZLUWYP,Wembley Park,WED,10:30-10:45,10:30,0.21,09:15-11:15,13:45-15:45
940GZZLUWYP,Wembley Park,WED,10:45-11:00,10:45,0.19,09:15-11:15,13:45-15:45
940GZZLUWYP,Wembley Park,WED,11:00-11:15,11:00,0.18,09:15-11:15,13:45-15:45
940GZZLUWYP,Wembley Park,WED,11:15-11:30,11:15,0.17,09:15-11:15,13:45-15:45
940GZZLUWYP,Wembley Park,WED,11:30-11:45,11:30,0.16,09:15-11:15,13:45-15:45
940GZZLUWYP,Wembley Park,WED,11:45-12:00,11:45,0.16,09:15-11:15,13:45-15:45
940GZZLUWYP,Wembley Park,WED,12:00-12:15,12:00,0.16,09:15-11:15,13:45-15:45
940GZZLUWYP,Wembley Park,WED,12:15-12:30,12:15,0.16,09:15-11:15,13:45-15:45
940GZZLUWYP,Wembley Park,WED,12:30-12:45,12:30,0.16,09:15-11:15,13:45-15:45
940GZZLUWYP,Wembley Park,WED,12:45-13:00,12:45,0.15,09:15-11:15,13:45-15:45
940GZZLUWYP,Wembley Park,WED,13:00-13:15,13:00,0.14,09:15-11:15,13:45-15:45
940GZZLUWYP,Wembley Park,WED,13:15-13:30,13:15,0.14,09:15-11:15,13:45-15:45
940GZZLUWYP,Wembley Park,WED,13:30-13:45,13:30,0.14,09:15-11:15,13:45-15:45
940GZZLUWYP,Wembley Park,WED,13:45-14:00,13:45,0.14,09:15-11:15,13:45-15:45
940GZZLUWYP,Wembley Park,WED,14:00-14:15,14:00,0.15,09:15-11:15,13:45-15:45
940GZZLUWYP,Wembley Park,WED,14:15-14:30,14:15,0.16,09:15-11:15,13:45-15:45
940GZZLUWYP,Wembley Park,WED,14:30-14:45,14:30,0.16,09:15-11:15,13:45-15:45
940GZZLUWYP,Wembley Park,WED,14:45-15:00,14:45,0.15,09:15-11:15,13:45-15:45
940GZZLUWYP,Wembley Park,WED,15:00-15:15,15:00,0.13,09:15-11:15,13:45-15:45
940GZZLUWYP,Wembley Park,WED,15:15-15:30,15:15,0.12,09:15-11:15,13:45-15:45
940GZZLUWYP,Wembley Park,WED,15:30-15:45,15:30,0.1,09:15-11:15,13:45-15:45
940GZZLUWYP,Wembley Park,WED,15:45-16:00,15:45,0.09,09:15-11:15,13:45-15:45
940GZZLUWYP,Wembley Park,WED,16:00-16:15,16:00,0.08,09:15-11:15,13:45-15:45
940GZZLUWYP,Wembley Park,WED,16:15-16:30,16:15,0.08,09:15-11:15,13:45-15:45
940GZZLUWYP,Wembley Park,WED,16:30-16:45,16:30,0.08,09:15-11:15,13:45-15:45
940GZZLUWYP,Wembley Park,WED,16:45-17:00,16:45,0.09,09:15-11:15,13:45-15:45
940GZZLUWYP,Wembley Park,WED,17:00-17:15,17:00,0.11,09:15-11:15,13:45-15:45
940GZZLUWYP,Wembley Park,WED,17:15-17:30,17:15,0.12,09:15-11:15,13:45-15:45
940GZZLUWYP,Wembley Park,WED,17:30-17:45,17:30,0.13,09:15-11:15,13:45-15:45
940GZZLUWYP,Wembley Park,WED,17:45-18:00,17:45,0.12,09:15-11:15,13:45-15:45
940GZZLUWYP,Wembley Park,WED,18:00-18:15,18:00,0.11,09:15-11:15,13:45-15:45
940GZZLUWYP,Wembley Park,WED,18:15-18:30,18:15,0.1,09:15-11:15,13:45-15:45
940GZZLUWYP,Wembley Park,WED,18:30-18:45,18:30,0.1,09:15-11:15,13:45-15:45
940GZZLUWYP,Wembley Park,WED,18:45-19:00,18:45,0.11,09:15-11:15,13:45-15:45
940GZZLUWYP,Wembley Park,WED,19:00-19:15,19:00,0.11,09:15-11:15,13:45-15:45
940GZZLUWYP,Wembley Park,WED,19:15-19:30,19:15,0.12,09:15-11:15,13:45-15:45
940GZZLUWYP,Wembley Park,WED,19:30-19:45,19:30,0.12,09:15-11:15,13:45-15:45
940GZZLUWYP,Wembley Park,WED,19:45-20:00,19:45,0.11,09:15-11:15,13:45-15:45
940GZZLUWYP,Wembley Park,WED,20:00-20:15,20:00,0.11,09:15-11:15,13:45-15:45
940GZZLUWYP,Wembley Park,WED,20:15-20:30,20:15,0.11,09:15-11:15,13:45-15:45
940GZZLUWYP,Wembley Park,WED,20:30-20:45,20:30,0.1,09:15-11:15,13:45-15:45
940GZZLUWYP,Wembley Park,WED,20:45-21:00,20:45,0.1,09:15-11:15,13:45-15:45
940GZZLUWYP,Wembley Park,WED,21:00-21:15,21:00,0.1,09:15-11:15,13:45-15:45
940GZZLUWYP,Wembley Park,WED,21:15-21:30,21:15,0.1,09:15-11:15,13:45-15:45
940GZZLUWYP,Wembley Park,WED,21:30-21:45,21:30,0.1,09:15-11:15,13:45-15:45
940GZZLUWYP,Wembley Park,WED,21:45-22:00,21:45,0.1,09:15-11:15,13:45-15:45
940GZZLUWYP,Wembley Park,WED,22:00-22:15,22:00,0.09,09:15-11:15,13:45-15:45
940GZZLUWYP,Wembley Park,WED,22:15-22:30,22:15,0.08,09:15-11:15,13:45-15:45
940GZZLUWYP,Wembley Park,WED,22:30-22:45,22:30,0.08,09:15-11:15,13:45-15:45
940GZZLUWYP,Wembley Park,WED,22:45-23:00,22:45,0.08,09:15-11:15,13:45-15:45
940GZZLUWYP,Wembley Park,WED,23:00-23:15,23:00,0.07,09:15-11:15,13:45-15:45
940GZZLUWYP,Wembley Park,WED,23:15-23:30,23:15,0.07,09:15-11:15,13:45-15:45
940GZZLUWYP,Wembley Park,WED,23:30-23:45,23:30,0.07,09:15-11:15,13:45-15:45
940GZZLUWYP,Wembley Park,WED,23:45-00:00,23:45,0.07,09:15-11:15,13:45-15:45
940GZZLUWYP,Wembley Park,SAT,00:00-00:15,00:00,0.07,11:15-13:15,17:30-19:30
940GZZLUWYP,Wembley Park,SAT,00:15-00:30,00:15,0.06,11:15-13:15,17:30-19:30
940GZZLUWYP,Wembley Park,SAT,00:30-00:45,00:30,0.05,11:15-13:15,17:30-19:30
940GZZLUWYP,Wembley Park,SAT,00:45-01:00,00:45,0.05,11:15-13:15,17:30-19:30
940GZZLUWYP,Wembley Park,SAT,01:00-01:15,01:00,0.04,11:15-13:15,17:30-19:30
940GZZLUWYP,Wembley Park,SAT,01:15-01:30,01:15,0.03,11:15-13:15,17:30-19:30
940GZZLUWYP,Wembley Park,SAT,01:30-01:45,01:30,0.03,11:15-13:15,17:30-19:30
940GZZLUWYP,Wembley Park,SAT,01:45-02:00,01:45,0.02,11:15-13:15,17:30-19:30
940GZZLUWYP,Wembley Park,SAT,02:00-02:15,02:00,0.02,11:15-13:15,17:30-19:30
940GZZLUWYP,Wembley Park,SAT,02:15-02:30,02:15,0.01,11:15-13:15,17:30-19:30
940GZZLUWYP,Wembley Park,SAT,02:30-02:45,02:30,0.01,11:15-13:15,17:30-19:30
940GZZLUWYP,Wembley Park,SAT,02:45-03:00,02:45,0.01,11:15-13:15,17:30-19:30
940GZZLUWYP,Wembley Park,SAT,03:00-03:15,03:00,0.01,11:15-13:15,17:30-19:30
940GZZLUWYP,Wembley Park,SAT,03:15-03:30,03:15,0.01,11:15-13:15,17:30-19:30
940GZZLUWYP,Wembley Park,SAT,03:30-03:45,03:30,0.01,11:15-13:15,17:30-19:30
940GZZLUWYP,Wembley Park,SAT,03:45-04:00,03:45,0.02,11:15-13:15,17:30-19:30
940GZZLUWYP,Wembley Park,SAT,04:00-04:15,04:00,0.02,11:15-13:15,17:30-19:30
940GZZLUWYP,Wembley Park,SAT,04:15-04:30,04:15,0.03,11:15-13:15,17:30-19:30
940GZZLUWYP,Wembley Park,SAT,04:30-04:45,04:30,0.03,11:15-13:15,17:30-19:30
940GZZLUWYP,Wembley Park,SAT,04:45-05:00,04:45,0.04,11:15-13:15,17:30-19:30
940GZZLUWYP,Wembley Park,SAT,05:00-05:15,05:00,0.05,11:15-13:15,17:30-19:30
940GZZLUWYP,Wembley Park,SAT,05:15-05:30,05:15,0.06,11:15-13:15,17:30-19:30
940GZZLUWYP,Wembley Park,SAT,05:30-05:45,05:30,0.08,11:15-13:15,17:30-19:30
940GZZLUWYP,Wembley Park,SAT,05:45-06:00,05:45,0.08,11:15-13:15,17:30-19:30
940GZZLUWYP,Wembley Park,SAT,06:00-06:15,06:00,0.09,11:15-13:15,17:30-19:30
940GZZLUWYP,Wembley Park,SAT,06:15-06:30,06:15,0.09,11:15-13:15,17:30-19:30
940GZZLUWYP,Wembley Park,SAT,06:30-06:45,06:30,0.1,11:15-13:15,17:30-19:30
940GZZLUWYP,Wembley Park,SAT,06:45-07:00,06:45,0.1,11:15-13:15,17:30-19:30
940GZZLUWYP,Wembley Park,SAT,07:00-07:15,07:00,0.1,11:15-13:15,17:30-19:30
940GZZLUWYP,Wembley Park,SAT,07:15-07:30,07:15,0.1,11:15-13:15,17:30-19:30
940GZZLUWYP,Wembley Park,SAT,07:30-07:45,07:30,0.1,11:15-13:15,17:30-19:30
940GZZLUWYP,Wembley Park,SAT,07:45-08:00,07:45,0.11,11:15-13:15,17:30-19:30
940GZZLUWYP,Wembley Park,SAT,08:00-08:15,08:00,0.11,11:15-13:15,17:30-19:30
940GZZLUWYP,Wembley Park,SAT,08:15-08:30,08:15,0.11,11:15-13:15,17:30-19:30
940GZZLUWYP,Wembley Park,SAT,08:30-08:45,08:30,0.11,11:15-13:15,17:30-19:30
940GZZLUWYP,Wembley Park,SAT,08:45-09:00,08:45,0.1,11:15-13:15,17:30-19:30
940GZZLUWYP,Wembley Park,SAT,09:00-09:15,09:00,0.1,11:15-13:15,17:30-19:30
940GZZLUWYP,Wembley Park,SAT,09:15-09:30,09:15,0.1,11:15-13:15,17:30-19:30
940GZZLUWYP,Wembley Park,SAT,09:30-09:45,09:30,0.1,11:15-13:15,17:30-19:30
940GZZLUWYP,Wembley Park,SAT,09:45-10:00,09:45,0.1,11:15-13:15,17:30-19:30
940GZZLUWYP,Wembley Park,SAT,10:00-10:15,10:00,0.1,11:15-13:15,17:30-19:30
940GZZLUWYP,Wembley Park,SAT,10:15-10:30,10:15,0.1,11:15-13:15,17:30-19:30
940GZZLUWYP,Wembley Park,SAT,10:30-10:45,10:30,0.1,11:15-13:15,17:30-19:30
940GZZLUWYP,Wembley Park,SAT,10:45-11:00,10:45,0.1,11:15-13:15,17:30-19:30
940GZZLUWYP,Wembley Park,SAT,11:00-11:15,11:00,0.1,11:15-13:15,17:30-19:30
940GZZLUWYP,Wembley Park,SAT,11:15-11:30,11:15,0.11,11:15-13:15,17:30-19:30
940GZZLUWYP,Wembley Park,SAT,11:30-11:45,11:30,0.11,11:15-13:15,17:30-19:30
940GZZLUWYP,Wembley Park,SAT,11:45-12:00,11:45,0.11,11:15-13:15,17:30-19:30
940GZZLUWYP,Wembley Park,SAT,12:00-12:15,12:00,0.12,11:15-13:15,17:30-19:30
940GZZLUWYP,Wembley Park,SAT,12:15-12:30,12:15,0.12,11:15-13:15,17:30-19:30
940GZZLUWYP,Wembley Park,SAT,12:30-12:45,12:30,0.11,11:15-13:15,17:30-19:30
940GZZLUWYP,Wembley Park,SAT,12:45-13:00,12:45,0.11,11:15-13:15,17:30-19:30
940GZZLUWYP,Wembley Park,SAT,13:00-13:15,13:00,0.1,11:15-13:15,17:30-19:30
940GZZLUWYP,Wembley Park,SAT,13:15-13:30,13:15,0.1,11:15-13:15,17:30-19:30
940GZZLUWYP,Wembley Park,SAT,13:30-13:45,13:30,0.09,11:15-13:15,17:30-19:30
940GZZLUWYP,Wembley Park,SAT,13:45-14:00,13:45,0.08,11:15-13:15,17:30-19:30
940GZZLUWYP,Wembley Park,SAT,14:00-14:15,14:00,0.08,11:15-13:15,17:30-19:30
940GZZLUWYP,Wembley Park,SAT,14:15-14:30,14:15,0.07,11:15-13:15,17:30-19:30
940GZZLUWYP,Wembley Park,SAT,14:30-14:45,14:30,0.07,11:15-13:15,17:30-19:30
940GZZLUWYP,Wembley Park,SAT,14:45-15:00,14:45,0.07,11:15-13:15,17:30-19:30
940GZZLUWYP,Wembley Park,SAT,15:00-15:15,15:00,0.07,11:15-13:15,17:30-19:30
940GZZLUWYP,Wembley Park,SAT,15:15-15:30,15:15,0.07,11:15-13:15,17:30-19:30
940GZZLUWYP,Wembley Park,SAT,15:30-15:45,15:30,0.08,11:15-13:15,17:30-19:30
940GZZLUWYP,Wembley Park,SAT,15:45-16:00,15:45,0.09,11:15-13:15,17:30-19:30
940GZZLUWYP,Wembley Park,SAT,16:00-16:15,16:00,0.09,11:15-13:15,17:30-19:30
940GZZLUWYP,Wembley Park,SAT,16:15-16:30,16:15,0.09,11:15-13:15,17:30-19:30
940GZZLUWYP,Wembley Park,SAT,16:30-16:45,16:30,0.1,11:15-13:15,17:30-19:30
940GZZLUWYP,Wembley Park,SAT,16:45-17:00,16:45,0.1,11:15-13:15,17:30-19:30
940GZZLUWYP,Wembley Park,SAT,17:00-17:15,17:00,0.1,11:15-13:15,17:30-19:30
940GZZLUWYP,Wembley Park,SAT,17:15-17:30,17:15,0.11,11:15-13:15,17:30-19:30
940GZZLUWYP,Wembley Park,SAT,17:30-17:45,17:30,0.11,11:15-13:15,17:30-19:30
940GZZLUWYP,Wembley Park,SAT,17:45-18:00,17:45,0.11,11:15-13:15,17:30-19:30
940GZZLUWYP,Wembley Park,SAT,18:00-18:15,18:00,0.11,11:15-13:15,17:30-19:30
940GZZLUWYP,Wembley Park,SAT,18:15-18:30,18:15,0.11,11:15-13:15,17:30-19:30
940GZZLUWYP,Wembley Park,SAT,18:30-18:45,18:30,0.11,11:15-13:15,17:30-19:30
940GZZLUWYP,Wembley Park,SAT,18:45-19:00,18:45,0.11,11:15-13:15,17:30-19:30
940GZZLUWYP,Wembley Park,SAT,19:00-19:15,19:00,0.11,11:15-13:15,17:30-19:30
940GZZLUWYP,Wembley Park,SAT,19:15-19:30,19:15,0.11,11:15-13:15,17:30-19:30
940GZZLUWYP,Wembley Park,SAT,19:30-19:45,19:30,0.11,11:15-13:15,17:30-19:30
940GZZLUWYP,Wembley Park,SAT,19:45-20:00,19:45,0.11,11:15-13:15,17:30-19:30
940GZZLUWYP,Wembley Park,SAT,20:00-20:15,20:00,0.11,11:15-13:15,17:30-19:30
940GZZLUWYP,Wembley Park,SAT,20:15-20:30,20:15,0.1,11:15-13:15,17:30-19:30
940GZZLUWYP,Wembley Park,SAT,20:30-20:45,20:30,0.09,11:15-13:15,17:30-19:30
940GZZLUWYP,Wembley Park,SAT,20:45-21:00,20:45,0.09,11:15-13:15,17:30-19:30
940GZZLUWYP,Wembley Park,SAT,21:00-21:15,21:00,0.08,11:15-13:15,17:30-19:30
940GZZLUWYP,Wembley Park,SAT,21:15-21:30,21:15,0.08,11:15-13:15,17:30-19:30
940GZZLUWYP,Wembley Park,SAT,21:30-21:45,21:30,0.08,11:15-13:15,17:30-19:30
940GZZLUWYP,Wembley Park,SAT,21:45-22:00,21:45,0.07,11:15-13:15,17:30-19:30
940GZZLUWYP,Wembley Park,SAT,22:00-22:15,22:00,0.07,11:15-13:15,17:30-19:30
940GZZLUWYP,Wembley Park,SAT,22:15-22:30,22:15,0.06,11:15-13:15,17:30-19:30
940GZZLUWYP,Wembley Park,SAT,22:30-22:45,22:30,0.06,11:15-13:15,17:30-19:30
940GZZLUWYP,Wembley Park,SAT,22:45-23:00,22:45,0.06,11:15-13:15,17:30-19:30
940GZZLUWYP,Wembley Park,SAT,23:00-23:15,23:00,0.06,11:15-13:15,17:30-19:30
940GZZLUWYP,Wembley Park,SAT,23:15-23:30,23:15,0.06,11:15-13:15,17:30-19:30
940GZZLUWYP,Wembley Park,SAT,23:30-23:45,23:30,0.06,11:15-13:15,17:30-19:30
940GZZLUWYP,Wembley Park,SAT,23:45-00:00,23:45,0.07,11:15-13:15,17:30-19:30
940GZZLUWYP,Wembley Park,THU,00:00-00:15,00:00,0.06,10:15-12:15,13:45-15:45
940GZZLUWYP,Wembley Park,THU,00:15-00:30,00:15,0.05,10:15-12:15,13:45-15:45
940GZZLUWYP,Wembley Park,THU,00:30-00:45,00:30,0.04,10:15-12:15,13:45-15:45
940GZZLUWYP,Wembley Park,THU,00:45-01:00,00:45,0.04,10:15-12:15,13:45-15:45
940GZZLUWYP,Wembley Park,THU,01:00-01:15,01:00,0.03,10:15-12:15,13:45-15:45
940GZZLUWYP,Wembley Park,THU,01:15-01:30,01:15,0.03,10:15-12:15,13:45-15:45
940GZZLUWYP,Wembley Park,THU,01:30-01:45,01:30,0.03,10:15-12:15,13:45-15:45
940GZZLUWYP,Wembley Park,THU,01:45-02:00,01:45,0.03,10:15-12:15,13:45-15:45
940GZZLUWYP,Wembley Park,THU,02:00-02:15,02:00,0.02,10:15-12:15,13:45-15:45
940GZZLUWYP,Wembley Park,THU,02:15-02:30,02:15,0.02,10:15-12:15,13:45-15:45
940GZZLUWYP,Wembley Park,THU,02:30-02:45,02:30,0.02,10:15-12:15,13:45-15:45
940GZZLUWYP,Wembley Park,THU,02:45-03:00,02:45,0.02,10:15-12:15,13:45-15:45
940GZZLUWYP,Wembley Park,THU,03:00-03:15,03:00,0.01,10:15-12:15,13:45-15:45
940GZZLUWYP,Wembley Park,THU,03:15-03:30,03:15,0.02,10:15-12:15,13:45-15:45
940GZZLUWYP,Wembley Park,THU,03:30-03:45,03:30,0.02,10:15-12:15,13:45-15:45
940GZZLUWYP,Wembley Park,THU,03:45-04:00,03:45,0.02,10:15-12:15,13:45-15:45
940GZZLUWYP,Wembley Park,THU,04:00-04:15,04:00,0.03,10:15-12:15,13:45-15:45
940GZZLUWYP,Wembley Park,THU,04:15-04:30,04:15,0.04,10:15-12:15,13:45-15:45
940GZZLUWYP,Wembley Park,THU,04:30-04:45,04:30,0.05,10:15-12:15,13:45-15:45
940GZZLUWYP,Wembley Park,THU,04:45-05:00,04:45,0.06,10:15-12:15,13:45-15:45
940GZZLUWYP,Wembley Park,THU,05:00-05:15,05:00,0.06,10:15-12:15,13:45-15:45
940GZZLUWYP,Wembley Park,THU,05:15-05:30,05:15,0.07,10:15-12:15,13:45-15:45
940GZZLUWYP,Wembley Park,THU,05:30-05:45,05:30,0.07,10:15-12:15,13:45-15:45
940GZZLUWYP,Wembley Park,THU,05:45-06:00,05:45,0.07,10:15-12:15,13:45-15:45
940GZZLUWYP,Wembley Park,THU,06:00-06:15,06:00,0.07,10:15-12:15,13:45-15:45
940GZZLUWYP,Wembley Park,THU,06:15-06:30,06:15,0.08,10:15-12:15,13:45-15:45
940GZZLUWYP,Wembley Park,THU,06:30-06:45,06:30,0.1,10:15-12:15,13:45-15:45
940GZZLUWYP,Wembley Park,THU,06:45-07:00,06:45,0.11,10:15-12:15,13:45-15:45
940GZZLUWYP,Wembley Park,THU,07:00-07:15,07:00,0.12,10:15-12:15,13:45-15:45
940GZZLUWYP,Wembley Park,THU,07:15-07:30,07:15,0.12,10:15-12:15,13:45-15:45
940GZZLUWYP,Wembley Park,THU,07:30-07:45,07:30,0.12,10:15-12:15,13:45-15:45
940GZZLUWYP,Wembley Park,THU,07:45-08:00,07:45,0.12,10:15-12:15,13:45-15:45
940GZZLUWYP,Wembley Park,THU,08:00-08:15,08:00,0.14,10:15-12:15,13:45-15:45
940GZZLUWYP,Wembley Park,THU,08:15-08:30,08:15,0.16,10:15-12:15,13:45-15:45
940GZZLUWYP,Wembley Park,THU,08:30-08:45,08:30,0.18,10:15-12:15,13:45-15:45
940GZZLUWYP,Wembley Park,THU,08:45-09:00,08:45,0.19,10:15-12:15,13:45-15:45
940GZZLUWYP,Wembley Park,THU,09:00-09:15,09:00,0.19,10:15-12:15,13:45-15:45
940GZZLUWYP,Wembley Park,THU,09:15-09:30,09:15,0.19,10:15-12:15,13:45-15:45
940GZZLUWYP,Wembley Park,THU,09:30-09:45,09:30,0.19,10:15-12:15,13:45-15:45
940GZZLUWYP,Wembley Park,THU,09:45-10:00,09:45,0.18,10:15-12:15,13:45-15:45
940GZZLUWYP,Wembley Park,THU,10:00-10:15,10:00,0.19,10:15-12:15,13:45-15:45
940GZZLUWYP,Wembley Park,THU,10:15-10:30,10:15,0.19,10:15-12:15,13:45-15:45
940GZZLUWYP,Wembley Park,THU,10:30-10:45,10:30,0.18,10:15-12:15,13:45-15:45
940GZZLUWYP,Wembley Park,THU,10:45-11:00,10:45,0.18,10:15-12:15,13:45-15:45
940GZZLUWYP,Wembley Park,THU,11:00-11:15,11:00,0.19,10:15-12:15,13:45-15:45
940GZZLUWYP,Wembley Park,THU,11:15-11:30,11:15,0.21,10:15-12:15,13:45-15:45
940GZZLUWYP,Wembley Park,THU,11:30-11:45,11:30,0.21,10:15-12:15,13:45-15:45
940GZZLUWYP,Wembley Park,THU,11:45-12:00,11:45,0.2,10:15-12:15,13:45-15:45
940GZZLUWYP,Wembley Park,THU,12:00-12:15,12:00,0.2,10:15-12:15,13:45-15:45
940GZZLUWYP,Wembley Park,THU,12:15-12:30,12:15,0.18,10:15-12:15,13:45-15:45
940GZZLUWYP,Wembley Park,THU,12:30-12:45,12:30,0.17,10:15-12:15,13:45-15:45
940GZZLUWYP,Wembley Park,THU,12:45-13:00,12:45,0.17,10:15-12:15,13:45-15:45
940GZZLUWYP,Wembley Park,THU,13:00-13:15,13:00,0.17,10:15-12:15,13:45-15:45
940GZZLUWYP,Wembley Park,THU,13:15-13:30,13:15,0.18,10:15-12:15,13:45-15:45
940GZZLUWYP,Wembley Park,THU,13:30-13:45,13:30,0.17,10:15-12:15,13:45-15:45
940GZZLUWYP,Wembley Park,THU,13:45-14:00,13:45,0.17,10:15-12:15,13:45-15:45
940GZZLUWYP,Wembley Park,THU,14:00-14:15,14:00,0.17,10:15-12:15,13:45-15:45
940GZZLUWYP,Wembley Park,THU,14:15-14:30,14:15,0.18,10:15-12:15,13:45-15:45
940GZZLUWYP,Wembley Park,THU,14:30-14:45,14:30,0.18,10:15-12:15,13:45-15:45
940GZZLUWYP,Wembley Park,THU,14:45-15:00,14:45,0.19,10:15-12:15,13:45-15:45
940GZZLUWYP,Wembley Park,THU,15:00-15:15,15:00,0.18,10:15-12:15,13:45-15:45
940GZZLUWYP,Wembley Park,THU,15:15-15:30,15:15,0.17,10:15-12:15,13:45-15:45
940GZZLUWYP,Wembley Park,THU,15:30-15:45,15:30,0.15,10:15-12:15,13:45-15:45
940GZZLUWYP,Wembley Park,THU,15:45-16:00,15:45,0.14,10:15-12:15,13:45-15:45
940GZZLUWYP,Wembley Park,THU,16:00-16:15,16:00,0.13,10:15-12:15,13:45-15:45
940GZZLUWYP,Wembley Park,THU,16:15-16:30,16:15,0.13,10:15-12:15,13:45-15:45
940GZZLUWYP,Wembley Park,THU,16:30-16:45,16:30,0.13,10:15-12:15,13:45-15:45
940GZZLUWYP,Wembley Park,THU,16:45-17:00,16:45,0.13,10:15-12:15,13:45-15:45
940GZZLUWYP,Wembley Park,THU,17:00-17:15,17:00,0.14,10:15-12:15,13:45-15:45
940GZZLUWYP,Wembley Park,THU,17:15-17:30,17:15,0.14,10:15-12:15,13:45-15:45
940GZZLUWYP,Wembley Park,THU,17:30-17:45,17:30,0.14,10:15-12:15,13:45-15:45
940GZZLUWYP,Wembley Park,THU,17:45-18:00,17:45,0.14,10:15-12:15,13:45-15:45
940GZZLUWYP,Wembley Park,THU,18:00-18:15,18:00,0.14,10:15-12:15,13:45-15:45
940GZZLUWYP,Wembley Park,THU,18:15-18:30,18:15,0.14,10:15-12:15,13:45-15:45
940GZZLUWYP,Wembley Park,THU,18:30-18:45,18:30,0.14,10:15-12:15,13:45-15:45
940GZZLUWYP,Wembley Park,THU,18:45-19:00,18:45,0.14,10:15-12:15,13:45-15:45
940GZZLUWYP,Wembley Park,THU,19:00-19:15,19:00,0.14,10:15-12:15,13:45-15:45
940GZZLUWYP,Wembley Park,THU,19:15-19:30,19:15,0.14,10:15-12:15,13:45-15:45
940GZZLUWYP,Wembley Park,THU,19:30-19:45,19:30,0.13,10:15-12:15,13:45-15:45
940GZZLUWYP,Wembley Park,THU,19:45-20:00,19:45,0.12,10:15-12:15,13:45-15:45
940GZZLUWYP,Wembley Park,THU,20:00-20:15,20:00,0.11,10:15-12:15,13:45-15:45
940GZZLUWYP,Wembley Park,THU,20:15-20:30,20:15,0.1,10:15-12:15,13:45-15:45
940GZZLUWYP,Wembley Park,THU,20:30-20:45,20:30,0.1,10:15-12:15,13:45-15:45
940GZZLUWYP,Wembley Park,THU,20:45-21:00,20:45,0.11,10:15-12:15,13:45-15:45
940GZZLUWYP,Wembley Park,THU,21:00-21:15,21:00,0.11,10:15-12:15,13:45-15:45
940GZZLUWYP,Wembley Park,THU,21:15-21:30,21:15,0.11,10:15-12:15,13:45-15:45
940GZZLUWYP,Wembley Park,THU,21:30-21:45,21:30,0.1,10:15-12:15,13:45-15:45
940GZZLUWYP,Wembley Park,THU,21:45-22:00,21:45,0.1,10:15-12:15,13:45-15:45
940GZZLUWYP,Wembley Park,THU,22:00-22:15,22:00,0.09,10:15-12:15,13:45-15:45
940GZZLUWYP,Wembley Park,THU,22:15-22:30,22:15,0.08,10:15-12:15,13:45-15:45
940GZZLUWYP,Wembley Park,THU,22:30-22:45,22:30,0.07,10:15-12:15,13:45-15:45
940GZZLUWYP,Wembley Park,THU,22:45-23:00,22:45,0.07,10:15-12:15,13:45-15:45
940GZZLUWYP,Wembley Park,THU,23:00-23:15,23:00,0.06,10:15-12:15,13:45-15:45
940GZZLUWYP,Wembley Park,THU,23:15-23:30,23:15,0.06,10:15-12:15,13:45-15:45
940GZZLUWYP,Wembley Park,THU,23:30-23:45,23:30,0.05,10:15-12:15,13:45-15:45
940GZZLUWYP,Wembley Park,THU,23:45-00:00,23:45,0.05,10:15-12:15,13:45-15:45
940GZZLUFPK,Finsbury Park,TUE,00:00-00:15,00:00,0.05,06:45-08:45,15:45-17:45
940GZZLUFPK,Finsbury Park,TUE,00:15-00:30,00:15,0.04,06:45-08:45,15:45-17:45
940GZZLUFPK,Finsbury Park,TUE,00:30-00:45,00:30,0.03,06:45-08:45,15:45-17:45
940GZZLUFPK,Finsbury Park,TUE,00:45-01:00,00:45,0.02,06:45-08:45,15:45-17:45
940GZZLUFPK,Finsbury Park,TUE,01:00-01:15,01:00,0.02,06:45-08:45,15:45-17:45
940GZZLUFPK,Finsbury Park,TUE,01:15-01:30,01:15,0.01,06:45-08:45,15:45-17:45
940GZZLUFPK,Finsbury Park,TUE,01:30-01:45,01:30,0.01,06:45-08:45,15:45-17:45
940GZZLUFPK,Finsbury Park,TUE,01:45-02:00,01:45,0.01,06:45-08:45,15:45-17:45
940GZZLUFPK,Finsbury Park,TUE,02:00-02:15,02:00,0.01,06:45-08:45,15:45-17:45
940GZZLUFPK,Finsbury Park,TUE,02:15-02:30,02:15,0.01,06:45-08:45,15:45-17:45
940GZZLUFPK,Finsbury Park,TUE,02:30-02:45,02:30,0.01,06:45-08:45,15:45-17:45
940GZZLUFPK,Finsbury Park,TUE,02:45-03:00,02:45,0.01,06:45-08:45,15:45-17:45
940GZZLUFPK,Finsbury Park,TUE,03:00-03:15,03:00,0.01,06:45-08:45,15:45-17:45
940GZZLUFPK,Finsbury Park,TUE,03:15-03:30,03:15,0.01,06:45-08:45,15:45-17:45
940GZZLUFPK,Finsbury Park,TUE,03:30-03:45,03:30,0.01,06:45-08:45,15:45-17:45
940GZZLUFPK,Finsbury Park,TUE,03:45-04:00,03:45,0.01,06:45-08:45,15:45-17:45
940GZZLUFPK,Finsbury Park,TUE,04:00-04:15,04:00,0,06:45-08:45,15:45-17:45
940GZZLUFPK,Finsbury Park,TUE,04:15-04:30,04:15,0,06:45-08:45,15:45-17:45
940GZZLUFPK,Finsbury Park,TUE,04:30-04:45,04:30,0,06:45-08:45,15:45-17:45
940GZZLUFPK,Finsbury Park,TUE,04:45-05:00,04:45,0,06:45-08:45,15:45-17:45
940GZZLUFPK,Finsbury Park,TUE,05:00-05:15,05:00,0.01,06:45-08:45,15:45-17:45
940GZZLUFPK,Finsbury Park,TUE,05:15-05:30,05:15,0.01,06:45-08:45,15:45-17:45
940GZZLUFPK,Finsbury Park,TUE,05:30-05:45,05:30,0.02,06:45-08:45,15:45-17:45
940GZZLUFPK,Finsbury Park,TUE,05:45-06:00,05:45,0.04,06:45-08:45,15:45-17:45
940GZZLUFPK,Finsbury Park,TUE,06:00-06:15,06:00,0.06,06:45-08:45,15:45-17:45
940GZZLUFPK,Finsbury Park,TUE,06:15-06:30,06:15,0.09,06:45-08:45,15:45-17:45
940GZZLUFPK,Finsbury Park,TUE,06:30-06:45,06:30,0.12,06:45-08:45,15:45-17:45
940GZZLUFPK,Finsbury Park,TUE,06:45-07:00,06:45,0.15,06:45-08:45,15:45-17:45
940GZZLUFPK,Finsbury Park,TUE,07:00-07:15,07:00,0.19,06:45-08:45,15:45-17:45
940GZZLUFPK,Finsbury Park,TUE,07:15-07:30,07:15,0.23,06:45-08:45,15:45-17:45
940GZZLUFPK,Finsbury Park,TUE,07:30-07:45,07:30,0.28,06:45-08:45,15:45-17:45
940GZZLUFPK,Finsbury Park,TUE,07:45-08:00,07:45,0.29,06:45-08:45,15:45-17:45
940GZZLUFPK,Finsbury Park,TUE,08:00-08:15,08:00,0.27,06:45-08:45,15:45-17:45
940GZZLUFPK,Finsbury Park,TUE,08:15-08:30,08:15,0.22,06:45-08:45,15:45-17:45
940GZZLUFPK,Finsbury Park,TUE,08:30-08:45,08:30,0.15,06:45-08:45,15:45-17:45
940GZZLUFPK,Finsbury Park,TUE,08:45-09:00,08:45,0.08,06:45-08:45,15:45-17:45
940GZZLUFPK,Finsbury Park,TUE,09:00-09:15,09:00,0.03,06:45-08:45,15:45-17:45
940GZZLUFPK,Finsbury Park,TUE,09:15-09:30,09:15,0.02,06:45-08:45,15:45-17:45
940GZZLUFPK,Finsbury Park,TUE,09:30-09:45,09:30,0.05,06:45-08:45,15:45-17:45
940GZZLUFPK,Finsbury Park,TUE,09:45-10:00,09:45,0.09,06:45-08:45,15:45-17:45
940GZZLUFPK,Finsbury Park,TUE,10:00-10:15,10:00,0.12,06:45-08:45,15:45-17:45
940GZZLUFPK,Finsbury Park,TUE,10:15-10:30,10:15,0.15,06:45-08:45,15:45-17:45
940GZZLUFPK,Finsbury Park,TUE,10:30-10:45,10:30,0.16,06:45-08:45,15:45-17:45
940GZZLUFPK,Finsbury Park,TUE,10:45-11:00,10:45,0.16,06:45-08:45,15:45-17:45
940GZZLUFPK,Finsbury Park,TUE,11:00-11:15,11:00,0.15,06:45-08:45,15:45-17:45
940GZZLUFPK,Finsbury Park,TUE,11:15-11:30,11:15,0.14,06:45-08:45,15:45-17:45
940GZZLUFPK,Finsbury Park,TUE,11:30-11:45,11:30,0.14,06:45-08:45,15:45-17:45
940GZZLUFPK,Finsbury Park,TUE,11:45-12:00,11:45,0.14,06:45-08:45,15:45-17:45
940GZZLUFPK,Finsbury Park,TUE,12:00-12:15,12:00,0.14,06:45-08:45,15:45-17:45
940GZZLUFPK,Finsbury Park,TUE,12:15-12:30,12:15,0.14,06:45-08:45,15:45-17:45
940GZZLUFPK,Finsbury Park,TUE,12:30-12:45,12:30,0.15,06:45-08:45,15:45-17:45
940GZZLUFPK,Finsbury Park,TUE,12:45-13:00,12:45,0.15,06:45-08:45,15:45-17:45
940GZZLUFPK,Finsbury Park,TUE,13:00-13:15,13:00,0.15,06:45-08:45,15:45-17:45
940GZZLUFPK,Finsbury Park,TUE,13:15-13:30,13:15,0.15,06:45-08:45,15:45-17:45
940GZZLUFPK,Finsbury Park,TUE,13:30-13:45,13:30,0.15,06:45-08:45,15:45-17:45
940GZZLUFPK,Finsbury Park,TUE,13:45-14:00,13:45,0.16,06:45-08:45,15:45-17:45
940GZZLUFPK,Finsbury Park,TUE,14:00-14:15,14:00,0.16,06:45-08:45,15:45-17:45
940GZZLUFPK,Finsbury Park,TUE,14:15-14:30,14:15,0.16,06:45-08:45,15:45-17:45
940GZZLUFPK,Finsbury Park,TUE,14:30-14:45,14:30,0.16,06:45-08:45,15:45-17:45
940GZZLUFPK,Finsbury Park,TUE,14:45-15:00,14:45,0.16,06:45-08:45,15:45-17:45
940GZZLUFPK,Finsbury Park,TUE,15:00-15:15,15:00,0.17,06:45-08:45,15:45-17:45
940GZZLUFPK,Finsbury Park,TUE,15:15-15:30,15:15,0.18,06:45-08:45,15:45-17:45
940GZZLUFPK,Finsbury Park,TUE,15:30-15:45,15:30,0.18,06:45-08:45,15:45-17:45
940GZZLUFPK,Finsbury Park,TUE,15:45-16:00,15:45,0.19,06:45-08:45,15:45-17:45
940GZZLUFPK,Finsbury Park,TUE,16:00-16:15,16:00,0.21,06:45-08:45,15:45-17:45
940GZZLUFPK,Finsbury Park,TUE,16:15-16:30,16:15,0.23,06:45-08:45,15:45-17:45
940GZZLUFPK,Finsbury Park,TUE,16:30-16:45,16:30,0.26,06:45-08:45,15:45-17:45
940GZZLUFPK,Finsbury Park,TUE,16:45-17:00,16:45,0.28,06:45-08:45,15:45-17:45
940GZZLUFPK,Finsbury Park,TUE,17:00-17:15,17:00,0.28,06:45-08:45,15:45-17:45
940GZZLUFPK,Finsbury Park,TUE,17:15-17:30,17:15,0.25,06:45-08:45,15:45-17:45
940GZZLUFPK,Finsbury Park,TUE,17:30-17:45,17:30,0.19,06:45-08:45,15:45-17:45
940GZZLUFPK,Finsbury Park,TUE,17:45-18:00,17:45,0.12,06:45-08:45,15:45-17:45
940GZZLUFPK,Finsbury Park,TUE,18:00-18:15,18:00,0.07,06:45-08:45,15:45-17:45
940GZZLUFPK,Finsbury Park,TUE,18:15-18:30,18:15,0.03,06:45-08:45,15:45-17:45
940GZZLUFPK,Finsbury Park,TUE,18:30-18:45,18:30,0.02,06:45-08:45,15:45-17:45
940GZZLUFPK,Finsbury Park,TUE,18:45-19:00,18:45,0.03,06:45-08:45,15:45-17:45
940GZZLUFPK,Finsbury Park,TUE,19:00-19:15,19:00,0.04,06:45-08:45,15:45-17:45
940GZZLUFPK,Finsbury Park,TUE,19:15-19:30,19:15,0.06,06:45-08:45,15:45-17:45
940GZZLUFPK,Finsbury Park,TUE,19:30-19:45,19:30,0.08,06:45-08:45,15:45-17:45
940GZZLUFPK,Finsbury Park,TUE,19:45-20:00,19:45,0.11,06:45-08:45,15:45-17:45
940GZZLUFPK,Finsbury Park,TUE,20:00-20:15,20:00,0.14,06:45-08:45,15:45-17:45
940GZZLUFPK,Finsbury Park,TUE,20:15-20:30,20:15,0.17,06:45-08:45,15:45-17:45
940GZZLUFPK,Finsbury Park,TUE,20:30-20:45,20:30,0.17,06:45-08:45,15:45-17:45
940GZZLUFPK,Finsbury Park,TUE,20:45-21:00,20:45,0.17,06:45-08:45,15:45-17:45
940GZZLUFPK,Finsbury Park,TUE,21:00-21:15,21:00,0.16,06:45-08:45,15:45-17:45
940GZZLUFPK,Finsbury Park,TUE,21:15-21:30,21:15,0.15,06:45-08:45,15:45-17:45
940GZZLUFPK,Finsbury Park,TUE,21:30-21:45,21:30,0.15,06:45-08:45,15:45-17:45
940GZZLUFPK,Finsbury Park,TUE,21:45-22:00,21:45,0.15,06:45-08:45,15:45-17:45
940GZZLUFPK,Finsbury Park,TUE,22:00-22:15,22:00,0.14,06:45-08:45,15:45-17:45
940GZZLUFPK,Finsbury Park,TUE,22:15-22:30,22:15,0.14,06:45-08:45,15:45-17:45
940GZZLUFPK,Finsbury Park,TUE,22:30-22:45,22:30,0.14,06:45-08:45,15:45-17:45
940GZZLUFPK,Finsbury Park,TUE,22:45-23:00,22:45,0.13,06:45-08:45,15:45-17:45
940GZZLUFPK,Finsbury Park,TUE,23:00-23:15,23:00,0.11,06:45-08:45,15:45-17:45
940GZZLUFPK,Finsbury Park,TUE,23:15-23:30,23:15,0.1,06:45-08:45,15:45-17:45
940GZZLUFPK,Finsbury Park,TUE,23:30-23:45,23:30,0.09,06:45-08:45,15:45-17:45
940GZZLUFPK,Finsbury Park,TUE,23:45-00:00,23:45,0.07,06:45-08:45,15:45-17:45
940GZZLUFPK,Finsbury Park,SAT,00:00-00:15,00:00,0.16,11:45-13:45,15:30-17:30
940GZZLUFPK,Finsbury Park,SAT,00:15-00:30,00:15,0.13,11:45-13:45,15:30-17:30
940GZZLUFPK,Finsbury Park,SAT,00:30-00:45,00:30,0.11,11:45-13:45,15:30-17:30
940GZZLUFPK,Finsbury Park,SAT,00:45-01:00,00:45,0.09,11:45-13:45,15:30-17:30
940GZZLUFPK,Finsbury Park,SAT,01:00-01:15,01:00,0.08,11:45-13:45,15:30-17:30
940GZZLUFPK,Finsbury Park,SAT,01:15-01:30,01:15,0.07,11:45-13:45,15:30-17:30
940GZZLUFPK,Finsbury Park,SAT,01:30-01:45,01:30,0.05,11:45-13:45,15:30-17:30
940GZZLUFPK,Finsbury Park,SAT,01:45-02:00,01:45,0.04,11:45-13:45,15:30-17:30
940GZZLUFPK,Finsbury Park,SAT,02:00-02:15,02:00,0.04,11:45-13:45,15:30-17:30
940GZZLUFPK,Finsbury Park,SAT,02:15-02:30,02:15,0.03,11:45-13:45,15:30-17:30
940GZZLUFPK,Finsbury Park,SAT,02:30-02:45,02:30,0.03,11:45-13:45,15:30-17:30
940GZZLUFPK,Finsbury Park,SAT,02:45-03:00,02:45,0.02,11:45-13:45,15:30-17:30
940GZZLUFPK,Finsbury Park,SAT,03:00-03:15,03:00,0.02,11:45-13:45,15:30-17:30
940GZZLUFPK,Finsbury Park,SAT,03:15-03:30,03:15,0.02,11:45-13:45,15:30-17:30
940GZZLUFPK,Finsbury Park,SAT,03:30-03:45,03:30,0.02,11:45-13:45,15:30-17:30
940GZZLUFPK,Finsbury Park,SAT,03:45-04:00,03:45,0.02,11:45-13:45,15:30-17:30
940GZZLUFPK,Finsbury Park,SAT,04:00-04:15,04:00,0.01,11:45-13:45,15:30-17:30
940GZZLUFPK,Finsbury Park,SAT,04:15-04:30,04:15,0.01,11:45-13:45,15:30-17:30
940GZZLUFPK,Finsbury Park,SAT,04:30-04:45,04:30,0.01,11:45-13:45,15:30-17:30
940GZZLUFPK,Finsbury Park,SAT,04:45-05:00,04:45,0.02,11:45-13:45,15:30-17:30
940GZZLUFPK,Finsbury Park,SAT,05:00-05:15,05:00,0.02,11:45-13:45,15:30-17:30
940GZZLUFPK,Finsbury Park,SAT,05:15-05:30,05:15,0.02,11:45-13:45,15:30-17:30
940GZZLUFPK,Finsbury Park,SAT,05:30-05:45,05:30,0.03,11:45-13:45,15:30-17:30
940GZZLUFPK,Finsbury Park,SAT,05:45-06:00,05:45,0.04,11:45-13:45,15:30-17:30
940GZZLUFPK,Finsbury Park,SAT,06:00-06:15,06:00,0.05,11:45-13:45,15:30-17:30
940GZZLUFPK,Finsbury Park,SAT,06:15-06:30,06:15,0.06,11:45-13:45,15:30-17:30
940GZZLUFPK,Finsbury Park,SAT,06:30-06:45,06:30,0.07,11:45-13:45,15:30-17:30
940GZZLUFPK,Finsbury Park,SAT,06:45-07:00,06:45,0.08,11:45-13:45,15:30-17:30
940GZZLUFPK,Finsbury Park,SAT,07:00-07:15,07:00,0.09,11:45-13:45,15:30-17:30
940GZZLUFPK,Finsbury Park,SAT,07:15-07:30,07:15,0.1,11:45-13:45,15:30-17:30
940GZZLUFPK,Finsbury Park,SAT,07:30-07:45,07:30,0.12,11:45-13:45,15:30-17:30
940GZZLUFPK,Finsbury Park,SAT,07:45-08:00,07:45,0.13,11:45-13:45,15:30-17:30
940GZZLUFPK,Finsbury Park,SAT,08:00-08:15,08:00,0.14,11:45-13:45,15:30-17:30
940GZZLUFPK,Finsbury Park,SAT,08:15-08:30,08:15,0.15,11:45-13:45,15:30-17:30
940GZZLUFPK,Finsbury Park,SAT,08:30-08:45,08:30,0.16,11:45-13:45,15:30-17:30
940GZZLUFPK,Finsbury Park,SAT,08:45-09:00,08:45,0.17,11:45-13:45,15:30-17:30
940GZZLUFPK,Finsbury Park,SAT,09:00-09:15,09:00,0.18,11:45-13:45,15:30-17:30
940GZZLUFPK,Finsbury Park,SAT,09:15-09:30,09:15,0.19,11:45-13:45,15:30-17:30
940GZZLUFPK,Finsbury Park,SAT,09:30-09:45,09:30,0.2,11:45-13:45,15:30-17:30
940GZZLUFPK,Finsbury Park,SAT,09:45-10:00,09:45,0.21,11:45-13:45,15:30-17:30
940GZZLUFPK,Finsbury Park,SAT,10:00-10:15,10:00,0.22,11:45-13:45,15:30-17:30
940GZZLUFPK,Finsbury Park,SAT,10:15-10:30,10:15,0.23,11:45-13:45,15:30-17:30
940GZZLUFPK,Finsbury Park,SAT,10:30-10:45,10:30,0.24,11:45-13:45,15:30-17:30
940GZZLUFPK,Finsbury Park,SAT,10:45-11:00,10:45,0.24,11:45-13:45,15:30-17:30
940GZZLUFPK,Finsbury Park,SAT,11:00-11:15,11:00,0.25,11:45-13:45,15:30-17:30
940GZZLUFPK,Finsbury Park,SAT,11:15-11:30,11:15,0.26,11:45-13:45,15:30-17:30
940GZZLUFPK,Finsbury Park,SAT,11:30-11:45,11:30,0.26,11:45-13:45,15:30-17:30
940GZZLUFPK,Finsbury Park,SAT,11:45-12:00,11:45,0.27,11:45-13:45,15:30-17:30
940GZZLUFPK,Finsbury Park,SAT,12:00-12:15,12:00,0.27,11:45-13:45,15:30-17:30
940GZZLUFPK,Finsbury Park,SAT,12:15-12:30,12:15,0.28,11:45-13:45,15:30-17:30
940GZZLUFPK,Finsbury Park,SAT,12:30-12:45,12:30,0.29,11:45-13:45,15:30-17:30
940GZZLUFPK,Finsbury Park,SAT,12:45-13:00,12:45,0.29,11:45-13:45,15:30-17:30
940GZZLUFPK,Finsbury Park,SAT,13:00-13:15,13:00,0.3,11:45-13:45,15:30-17:30
940GZZLUFPK,Finsbury Park,SAT,13:15-13:30,13:15,0.3,11:45-13:45,15:30-17:30
940GZZLUFPK,Finsbury Park,SAT,13:30-13:45,13:30,0.3,11:45-13:45,15:30-17:30
940GZZLUFPK,Finsbury Park,SAT,13:45-14:00,13:45,0.31,11:45-13:45,15:30-17:30
940GZZLUFPK,Finsbury Park,SAT,14:00-14:15,14:00,0.31,11:45-13:45,15:30-17:30
940GZZLUFPK,Finsbury Park,SAT,14:15-14:30,14:15,0.31,11:45-13:45,15:30-17:30
940GZZLUFPK,Finsbury Park,SAT,14:30-14:45,14:30,0.31,11:45-13:45,15:30-17:30
940GZZLUFPK,Finsbury Park,SAT,14:45-15:00,14:45,0.31,11:45-13:45,15:30-17:30
940GZZLUFPK,Finsbury Park,SAT,15:00-15:15,15:00,0.31,11:45-13:45,15:30-17:30
940GZZLUFPK,Finsbury Park,SAT,15:15-15:30,15:15,0.31,11:45-13:45,15:30-17:30
940GZZLUFPK,Finsbury Park,SAT,15:30-15:45,15:30,0.31,11:45-13:45,15:30-17:30
940GZZLUFPK,Finsbury Park,SAT,15:45-16:00,15:45,0.32,11:45-13:45,15:30-17:30
940GZZLUFPK,Finsbury Park,SAT,16:00-16:15,16:00,0.32,11:45-13:45,15:30-17:30
940GZZLUFPK,Finsbury Park,SAT,16:15-16:30,16:15,0.32,11:45-13:45,15:30-17:30
940GZZLUFPK,Finsbury Park,SAT,16:30-16:45,16:30,0.32,11:45-13:45,15:30-17:30
940GZZLUFPK,Finsbury Park,SAT,16:45-17:00,16:45,0.32,11:45-13:45,15:30-17:30
940GZZLUFPK,Finsbury Park,SAT,17:00-17:15,17:00,0.32,11:45-13:45,15:30-17:30
940GZZLUFPK,Finsbury Park,SAT,17:15-17:30,17:15,0.32,11:45-13:45,15:30-17:30
940GZZLUFPK,Finsbury Park,SAT,17:30-17:45,17:30,0.31,11:45-13:45,15:30-17:30
940GZZLUFPK,Finsbury Park,SAT,17:45-18:00,17:45,0.31,11:45-13:45,15:30-17:30
940GZZLUFPK,Finsbury Park,SAT,18:00-18:15,18:00,0.3,11:45-13:45,15:30-17:30
940GZZLUFPK,Finsbury Park,SAT,18:15-18:30,18:15,0.3,11:45-13:45,15:30-17:30
940GZZLUFPK,Finsbury Park,SAT,18:30-18:45,18:30,0.29,11:45-13:45,15:30-17:30
940GZZLUFPK,Finsbury Park,SAT,18:45-19:00,18:45,0.29,11:45-13:45,15:30-17:30
940GZZLUFPK,Finsbury Park,SAT,19:00-19:15,19:00,0.28,11:45-13:45,15:30-17:30
940GZZLUFPK,Finsbury Park,SAT,19:15-19:30,19:15,0.28,11:45-13:45,15:30-17:30
940GZZLUFPK,Finsbury Park,SAT,19:30-19:45,19:30,0.27,11:45-13:45,15:30-17:30
940GZZLUFPK,Finsbury Park,SAT,19:45-20:00,19:45,0.26,11:45-13:45,15:30-17:30
940GZZLUFPK,Finsbury Park,SAT,20:00-20:15,20:00,0.25,11:45-13:45,15:30-17:30
940GZZLUFPK,Finsbury Park,SAT,20:15-20:30,20:15,0.24,11:45-13:45,15:30-17:30
940GZZLUFPK,Finsbury Park,SAT,20:30-20:45,20:30,0.24,11:45-13:45,15:30-17:30
940GZZLUFPK,Finsbury Park,SAT,20:45-21:00,20:45,0.23,11:45-13:45,15:30-17:30
940GZZLUFPK,Finsbury Park,SAT,21:00-21:15,21:00,0.22,11:45-13:45,15:30-17:30
940GZZLUFPK,Finsbury Park,SAT,21:15-21:30,21:15,0.22,11:45-13:45,15:30-17:30
940GZZLUFPK,Finsbury Park,SAT,21:30-21:45,21:30,0.21,11:45-13:45,15:30-17:30
940GZZLUFPK,Finsbury Park,SAT,21:45-22:00,21:45,0.21,11:45-13:45,15:30-17:30
940GZZLUFPK,Finsbury Park,SAT,22:00-22:15,22:00,0.21,11:45-13:45,15:30-17:30
940GZZLUFPK,Finsbury Park,SAT,22:15-22:30,22:15,0.21,11:45-13:45,15:30-17:30
940GZZLUFPK,Finsbury Park,SAT,22:30-22:45,22:30,0.21,11:45-13:45,15:30-17:30
940GZZLUFPK,Finsbury Park,SAT,22:45-23:00,22:45,0.21,11:45-13:45,15:30-17:30
940GZZLUFPK,Finsbury Park,SAT,23:00-23:15,23:00,0.22,11:45-13:45,15:30-17:30
940GZZLUFPK,Finsbury Park,SAT,23:15-23:30,23:15,0.22,11:45-13:45,15:30-17:30
940GZZLUFPK,Finsbury Park,SAT,23:30-23:45,23:30,0.23,11:45-13:45,15:30-17:30
940GZZLUFPK,Finsbury Park,SAT,23:45-00:00,23:45,0.24,11:45-13:45,15:30-17:30
940GZZLUFPK,Finsbury Park,WED,00:00-00:15,00:00,0.07,06:45-08:45,15:45-17:45
940GZZLUFPK,Finsbury Park,WED,00:15-00:30,00:15,0.05,06:45-08:45,15:45-17:45
940GZZLUFPK,Finsbury Park,WED,00:30-00:45,00:30,0.04,06:45-08:45,15:45-17:45
940GZZLUFPK,Finsbury Park,WED,00:45-01:00,00:45,0.03,06:45-08:45,15:45-17:45
940GZZLUFPK,Finsbury Park,WED,01:00-01:15,01:00,0.02,06:45-08:45,15:45-17:45
940GZZLUFPK,Finsbury Park,WED,01:15-01:30,01:15,0.02,06:45-08:45,15:45-17:45
940GZZLUFPK,Finsbury Park,WED,01:30-01:45,01:30,0.01,06:45-08:45,15:45-17:45
940GZZLUFPK,Finsbury Park,WED,01:45-02:00,01:45,0.01,06:45-08:45,15:45-17:45
940GZZLUFPK,Finsbury Park,WED,02:00-02:15,02:00,0.01,06:45-08:45,15:45-17:45
940GZZLUFPK,Finsbury Park,WED,02:15-02:30,02:15,0.01,06:45-08:45,15:45-17:45
940GZZLUFPK,Finsbury Park,WED,02:30-02:45,02:30,0.01,06:45-08:45,15:45-17:45
940GZZLUFPK,Finsbury Park,WED,02:45-03:00,02:45,0.01,06:45-08:45,15:45-17:45
940GZZLUFPK,Finsbury Park,WED,03:00-03:15,03:00,0.01,06:45-08:45,15:45-17:45
940GZZLUFPK,Finsbury Park,WED,03:15-03:30,03:15,0.01,06:45-08:45,15:45-17:45
940GZZLUFPK,Finsbury Park,WED,03:30-03:45,03:30,0.01,06:45-08:45,15:45-17:45
940GZZLUFPK,Finsbury Park,WED,03:45-04:00,03:45,0.01,06:45-08:45,15:45-17:45
940GZZLUFPK,Finsbury Park,WED,04:00-04:15,04:00,0,06:45-08:45,15:45-17:45
940GZZLUFPK,Finsbury Park,WED,04:15-04:30,04:15,0,06:45-08:45,15:45-17:45
940GZZLUFPK,Finsbury Park,WED,04:30-04:45,04:30,0,06:45-08:45,15:45-17:45
940GZZLUFPK,Finsbury Park,WED,04:45-05:00,04:45,0,06:45-08:45,15:45-17:45
940GZZLUFPK,Finsbury Park,WED,05:00-05:15,05:00,0.01,06:45-08:45,15:45-17:45
940GZZLUFPK,Finsbury Park,WED,05:15-05:30,05:15,0.01,06:45-08:45,15:45-17:45
940GZZLUFPK,Finsbury Park,WED,05:30-05:45,05:30,0.03,06:45-08:45,15:45-17:45
940GZZLUFPK,Finsbury Park,WED,05:45-06:00,05:45,0.05,06:45-08:45,15:45-17:45
940GZZLUFPK,Finsbury Park,WED,06:00-06:15,06:00,0.08,06:45-08:45,15:45-17:45
940GZZLUFPK,Finsbury Park,WED,06:15-06:30,06:15,0.11,06:45-08:45,15:45-17:45
940GZZLUFPK,Finsbury Park,WED,06:30-06:45,06:30,0.14,06:45-08:45,15:45-17:45
940GZZLUFPK,Finsbury Park,WED,06:45-07:00,06:45,0.18,06:45-08:45,15:45-17:45
940GZZLUFPK,Finsbury Park,WED,07:00-07:15,07:00,0.23,06:45-08:45,15:45-17:45
940GZZLUFPK,Finsbury Park,WED,07:15-07:30,07:15,0.28,06:45-08:45,15:45-17:45
940GZZLUFPK,Finsbury Park,WED,07:30-07:45,07:30,0.33,06:45-08:45,15:45-17:45
940GZZLUFPK,Finsbury Park,WED,07:45-08:00,07:45,0.37,06:45-08:45,15:45-17:45
940GZZLUFPK,Finsbury Park,WED,08:00-08:15,08:00,0.37,06:45-08:45,15:45-17:45
940GZZLUFPK,Finsbury Park,WED,08:15-08:30,08:15,0.32,06:45-08:45,15:45-17:45
940GZZLUFPK,Finsbury Park,WED,08:30-08:45,08:30,0.24,06:45-08:45,15:45-17:45
940GZZLUFPK,Finsbury Park,WED,08:45-09:00,08:45,0.15,06:45-08:45,15:45-17:45
940GZZLUFPK,Finsbury Park,WED,09:00-09:15,09:00,0.08,06:45-08:45,15:45-17:45
940GZZLUFPK,Finsbury Park,WED,09:15-09:30,09:15,0.06,06:45-08:45,15:45-17:45
940GZZLUFPK,Finsbury Park,WED,09:30-09:45,09:30,0.08,06:45-08:45,15:45-17:45
940GZZLUFPK,Finsbury Park,WED,09:45-10:00,09:45,0.12,06:45-08:45,15:45-17:45
940GZZLUFPK,Finsbury Park,WED,10:00-10:15,10:00,0.16,06:45-08:45,15:45-17:45
940GZZLUFPK,Finsbury Park,WED,10:15-10:30,10:15,0.19,06:45-08:45,15:45-17:45
940GZZLUFPK,Finsbury Park,WED,10:30-10:45,10:30,0.2,06:45-08:45,15:45-17:45
940GZZLUFPK,Finsbury Park,WED,10:45-11:00,10:45,0.19,06:45-08:45,15:45-17:45
940GZZLUFPK,Finsbury Park,WED,11:00-11:15,11:00,0.19,06:45-08:45,15:45-17:45
940GZZLUFPK,Finsbury Park,WED,11:15-11:30,11:15,0.18,06:45-08:45,15:45-17:45
940GZZLUFPK,Finsbury Park,WED,11:30-11:45,11:30,0.18,06:45-08:45,15:45-17:45
940GZZLUFPK,Finsbury Park,WED,11:45-12:00,11:45,0.18,06:45-08:45,15:45-17:45
940GZZLUFPK,Finsbury Park,WED,12:00-12:15,12:00,0.19,06:45-08:45,15:45-17:45
940GZZLUFPK,Finsbury Park,WED,12:15-12:30,12:15,0.19,06:45-08:45,15:45-17:45
940GZZLUFPK,Finsbury Park,WED,12:30-12:45,12:30,0.19,06:45-08:45,15:45-17:45
940GZZLUFPK,Finsbury Park,WED,12:45-13:00,12:45,0.19,06:45-08:45,15:45-17:45
940GZZLUFPK,Finsbury Park,WED,13:00-13:15,13:00,0.2,06:45-08:45,15:45-17:45
940GZZLUFPK,Finsbury Park,WED,13:15-13:30,13:15,0.2,06:45-08:45,15:45-17:45
940GZZLUFPK,Finsbury Park,WED,13:30-13:45,13:30,0.2,06:45-08:45,15:45-17:45
940GZZLUFPK,Finsbury Park,WED,13:45-14:00,13:45,0.2,06:45-08:45,15:45-17:45
940GZZLUFPK,Finsbury Park,WED,14:00-14:15,14:00,0.21,06:45-08:45,15:45-17:45
940GZZLUFPK,Finsbury Park,WED,14:15-14:30,14:15,0.21,06:45-08:45,15:45-17:45
940GZZLUFPK,Finsbury Park,WED,14:30-14:45,14:30,0.21,06:45-08:45,15:45-17:45
940GZZLUFPK,Finsbury Park,WED,14:45-15:00,14:45,0.21,06:45-08:45,15:45-17:45
940GZZLUFPK,Finsbury Park,WED,15:00-15:15,15:00,0.22,06:45-08:45,15:45-17:45
940GZZLUFPK,Finsbury Park,WED,15:15-15:30,15:15,0.22,06:45-08:45,15:45-17:45
940GZZLUFPK,Finsbury Park,WED,15:30-15:45,15:30,0.23,06:45-08:45,15:45-17:45
940GZZLUFPK,Finsbury Park,WED,15:45-16:00,15:45,0.24,06:45-08:45,15:45-17:45
940GZZLUFPK,Finsbury Park,WED,16:00-16:15,16:00,0.26,06:45-08:45,15:45-17:45
940GZZLUFPK,Finsbury Park,WED,16:15-16:30,16:15,0.29,06:45-08:45,15:45-17:45
940GZZLUFPK,Finsbury Park,WED,16:30-16:45,16:30,0.32,06:45-08:45,15:45-17:45
940GZZLUFPK,Finsbury Park,WED,16:45-17:00,16:45,0.34,06:45-08:45,15:45-17:45
940GZZLUFPK,Finsbury Park,WED,17:00-17:15,17:00,0.34,06:45-08:45,15:45-17:45
940GZZLUFPK,Finsbury Park,WED,17:15-17:30,17:15,0.31,06:45-08:45,15:45-17:45
940GZZLUFPK,Finsbury Park,WED,17:30-17:45,17:30,0.25,06:45-08:45,15:45-17:45
940GZZLUFPK,Finsbury Park,WED,17:45-18:00,17:45,0.18,06:45-08:45,15:45-17:45
940GZZLUFPK,Finsbury Park,WED,18:00-18:15,18:00,0.11,06:45-08:45,15:45-17:45
940GZZLUFPK,Finsbury Park,WED,18:15-18:30,18:15,0.06,06:45-08:45,15:45-17:45
940GZZLUFPK,Finsbury Park,WED,18:30-18:45,18:30,0.04,06:45-08:45,15:45-17:45
940GZZLUFPK,Finsbury Park,WED,18:45-19:00,18:45,0.04,06:45-08:45,15:45-17:45
940GZZLUFPK,Finsbury Park,WED,19:00-19:15,19:00,0.05,06:45-08:45,15:45-17:45
940GZZLUFPK,Finsbury Park,WED,19:15-19:30,19:15,0.07,06:45-08:45,15:45-17:45
940GZZLUFPK,Finsbury Park,WED,19:30-19:45,19:30,0.1,06:45-08:45,15:45-17:45
940GZZLUFPK,Finsbury Park,WED,19:45-20:00,19:45,0.14,06:45-08:45,15:45-17:45
940GZZLUFPK,Finsbury Park,WED,20:00-20:15,20:00,0.17,06:45-08:45,15:45-17:45
940GZZLUFPK,Finsbury Park,WED,20:15-20:30,20:15,0.2,06:45-08:45,15:45-17:45
940GZZLUFPK,Finsbury Park,WED,20:30-20:45,20:30,0.21,06:45-08:45,15:45-17:45
940GZZLUFPK,Finsbury Park,WED,20:45-21:00,20:45,0.21,06:45-08:45,15:45-17:45
940GZZLUFPK,Finsbury Park,WED,21:00-21:15,21:00,0.2,06:45-08:45,15:45-17:45
940GZZLUFPK,Finsbury Park,WED,21:15-21:30,21:15,0.2,06:45-08:45,15:45-17:45
940GZZLUFPK,Finsbury Park,WED,21:30-21:45,21:30,0.19,06:45-08:45,15:45-17:45
940GZZLUFPK,Finsbury Park,WED,21:45-22:00,21:45,0.19,06:45-08:45,15:45-17:45
940GZZLUFPK,Finsbury Park,WED,22:00-22:15,22:00,0.19,06:45-08:45,15:45-17:45
940GZZLUFPK,Finsbury Park,WED,22:15-22:30,22:15,0.19,06:45-08:45,15:45-17:45
940GZZLUFPK,Finsbury Park,WED,22:30-22:45,22:30,0.18,06:45-08:45,15:45-17:45
940GZZLUFPK,Finsbury Park,WED,22:45-23:00,22:45,0.18,06:45-08:45,15:45-17:45
940GZZLUFPK,Finsbury Park,WED,23:00-23:15,23:00,0.16,06:45-08:45,15:45-17:45
940GZZLUFPK,Finsbury Park,WED,23:15-23:30,23:15,0.15,06:45-08:45,15:45-17:45
940GZZLUFPK,Finsbury Park,WED,23:30-23:45,23:30,0.13,06:45-08:45,15:45-17:45
940GZZLUFPK,Finsbury Park,WED,23:45-00:00,23:45,0.11,06:45-08:45,15:45-17:45
940GZZLUFPK,Finsbury Park,SUN,00:00-00:15,00:00,0.02,11:45-13:45,17:15-19:15
940GZZLUFPK,Finsbury Park,SUN,00:15-00:30,00:15,0.03,11:45-13:45,17:15-19:15
940GZZLUFPK,Finsbury Park,SUN,00:30-00:45,00:30,0.03,11:45-13:45,17:15-19:15
940GZZLUFPK,Finsbury Park,SUN,00:45-01:00,00:45,0.04,11:45-13:45,17:15-19:15
940GZZLUFPK,Finsbury Park,SUN,01:00-01:15,01:00,0.04,11:45-13:45,17:15-19:15
940GZZLUFPK,Finsbury Park,SUN,01:15-01:30,01:15,0.04,11:45-13:45,17:15-19:15
940GZZLUFPK,Finsbury Park,SUN,01:30-01:45,01:30,0.04,11:45-13:45,17:15-19:15
940GZZLUFPK,Finsbury Park,SUN,01:45-02:00,01:45,0.04,11:45-13:45,17:15-19:15
940GZZLUFPK,Finsbury Park,SUN,02:00-02:15,02:00,0.04,11:45-13:45,17:15-19:15
940GZZLUFPK,Finsbury Park,SUN,02:15-02:30,02:15,0.04,11:45-13:45,17:15-19:15
940GZZLUFPK,Finsbury Park,SUN,02:30-02:45,02:30,0.04,11:45-13:45,17:15-19:15
940GZZLUFPK,Finsbury Park,SUN,02:45-03:00,02:45,0.04,11:45-13:45,17:15-19:15
940GZZLUFPK,Finsbury Park,SUN,03:00-03:15,03:00,0.03,11:45-13:45,17:15-19:15
940GZZLUFPK,Finsbury Park,SUN,03:15-03:30,03:15,0.03,11:45-13:45,17:15-19:15
940GZZLUFPK,Finsbury Park,SUN,03:30-03:45,03:30,0.02,11:45-13:45,17:15-19:15
940GZZLUFPK,Finsbury Park,SUN,03:45-04:00,03:45,0.02,11:45-13:45,17:15-19:15
940GZZLUFPK,Finsbury Park,SUN,04:00-04:15,04:00,0.02,11:45-13:45,17:15-19:15
940GZZLUFPK,Finsbury Park,SUN,04:15-04:30,04:15,0.02,11:45-13:45,17:15-19:15
940GZZLUFPK,Finsbury Park,SUN,04:30-04:45,04:30,0.02,11:45-13:45,17:15-19:15
940GZZLUFPK,Finsbury Park,SUN,04:45-05:00,04:45,0.02,11:45-13:45,17:15-19:15
940GZZLUFPK,Finsbury Park,SUN,05:00-05:15,05:00,0.02,11:45-13:45,17:15-19:15
940GZZLUFPK,Finsbury Park,SUN,05:15-05:30,05:15,0.02,11:45-13:45,17:15-19:15
940GZZLUFPK,Finsbury Park,SUN,05:30-05:45,05:30,0.02,11:45-13:45,17:15-19:15
940GZZLUFPK,Finsbury Park,SUN,05:45-06:00,05:45,0.02,11:45-13:45,17:15-19:15
940GZZLUFPK,Finsbury Park,SUN,06:00-06:15,06:00,0.03,11:45-13:45,17:15-19:15
940GZZLUFPK,Finsbury Park,SUN,06:15-06:30,06:15,0.04,11:45-13:45,17:15-19:15
940GZZLUFPK,Finsbury Park,SUN,06:30-06:45,06:30,0.04,11:45-13:45,17:15-19:15
940GZZLUFPK,Finsbury Park,SUN,06:45-07:00,06:45,0.05,11:45-13:45,17:15-19:15
940GZZLUFPK,Finsbury Park,SUN,07:00-07:15,07:00,0.06,11:45-13:45,17:15-19:15
940GZZLUFPK,Finsbury Park,SUN,07:15-07:30,07:15,0.07,11:45-13:45,17:15-19:15
940GZZLUFPK,Finsbury Park,SUN,07:30-07:45,07:30,0.07,11:45-13:45,17:15-19:15
940GZZLUFPK,Finsbury Park,SUN,07:45-08:00,07:45,0.08,11:45-13:45,17:15-19:15
940GZZLUFPK,Finsbury Park,SUN,08:00-08:15,08:00,0.09,11:45-13:45,17:15-19:15
940GZZLUFPK,Finsbury Park,SUN,08:15-08:30,08:15,0.1,11:45-13:45,17:15-19:15
940GZZLUFPK,Finsbury Park,SUN,08:30-08:45,08:30,0.11,11:45-13:45,17:15-19:15
940GZZLUFPK,Finsbury Park,SUN,08:45-09:00,08:45,0.12,11:45-13:45,17:15-19:15
940GZZLUFPK,Finsbury Park,SUN,09:00-09:15,09:00,0.13,11:45-13:45,17:15-19:15
940GZZLUFPK,Finsbury Park,SUN,09:15-09:30,09:15,0.14,11:45-13:45,17:15-19:15
940GZZLUFPK,Finsbury Park,SUN,09:30-09:45,09:30,0.15,11:45-13:45,17:15-19:15
940GZZLUFPK,Finsbury Park,SUN,09:45-10:00,09:45,0.16,11:45-13:45,17:15-19:15
940GZZLUFPK,Finsbury Park,SUN,10:00-10:15,10:00,0.17,11:45-13:45,17:15-19:15
940GZZLUFPK,Finsbury Park,SUN,10:15-10:30,10:15,0.18,11:45-13:45,17:15-19:15
940GZZLUFPK,Finsbury Park,SUN,10:30-10:45,10:30,0.19,11:45-13:45,17:15-19:15
940GZZLUFPK,Finsbury Park,SUN,10:45-11:00,10:45,0.2,11:45-13:45,17:15-19:15
940GZZLUFPK,Finsbury Park,SUN,11:00-11:15,11:00,0.21,11:45-13:45,17:15-19:15
940GZZLUFPK,Finsbury Park,SUN,11:15-11:30,11:15,0.22,11:45-13:45,17:15-19:15
940GZZLUFPK,Finsbury Park,SUN,11:30-11:45,11:30,0.23,11:45-13:45,17:15-19:15
940GZZLUFPK,Finsbury Park,SUN,11:45-12:00,11:45,0.23,11:45-13:45,17:15-19:15
940GZZLUFPK,Finsbury Park,SUN,12:00-12:15,12:00,0.24,11:45-13:45,17:15-19:15
940GZZLUFPK,Finsbury Park,SUN,12:15-12:30,12:15,0.25,11:45-13:45,17:15-19:15
940GZZLUFPK,Finsbury Park,SUN,12:30-12:45,12:30,0.26,11:45-13:45,17:15-19:15
940GZZLUFPK,Finsbury Park,SUN,12:45-13:00,12:45,0.26,11:45-13:45,17:15-19:15
940GZZLUFPK,Finsbury Park,SUN,13:00-13:15,13:00,0.27,11:45-13:45,17:15-19:15
940GZZLUFPK,Finsbury Park,SUN,13:15-13:30,13:15,0.27,11:45-13:45,17:15-19:15
940GZZLUFPK,Finsbury Park,SUN,13:30-13:45,13:30,0.27,11:45-13:45,17:15-19:15
940GZZLUFPK,Finsbury Park,SUN,13:45-14:00,13:45,0.27,11:45-13:45,17:15-19:15
940GZZLUFPK,Finsbury Park,SUN,14:00-14:15,14:00,0.27,11:45-13:45,17:15-19:15
940GZZLUFPK,Finsbury Park,SUN,14:15-14:30,14:15,0.27,11:45-13:45,17:15-19:15
940GZZLUFPK,Finsbury Park,SUN,14:30-14:45,14:30,0.27,11:45-13:45,17:15-19:15
940GZZLUFPK,Finsbury Park,SUN,14:45-15:00,14:45,0.26,11:45-13:45,17:15-19:15
940GZZLUFPK,Finsbury Park,SUN,15:00-15:15,15:00,0.26,11:45-13:45,17:15-19:15
940GZZLUFPK,Finsbury Park,SUN,15:15-15:30,15:15,0.26,11:45-13:45,17:15-19:15
940GZZLUFPK,Finsbury Park,SUN,15:30-15:45,15:30,0.25,11:45-13:45,17:15-19:15
940GZZLUFPK,Finsbury Park,SUN,15:45-16:00,15:45,0.25,11:45-13:45,17:15-19:15
940GZZLUFPK,Finsbury Park,SUN,16:00-16:15,16:00,0.25,11:45-13:45,17:15-19:15
940GZZLUFPK,Finsbury Park,SUN,16:15-16:30,16:15,0.25,11:45-13:45,17:15-19:15
940GZZLUFPK,Finsbury Park,SUN,16:30-16:45,16:30,0.25,11:45-13:45,17:15-19:15
940GZZLUFPK,Finsbury Park,SUN,16:45-17:00,16:45,0.25,11:45-13:45,17:15-19:15
940GZZLUFPK,Finsbury Park,SUN,17:00-17:15,17:00,0.25,11:45-13:45,17:15-19:15
940GZZLUFPK,Finsbury Park,SUN,17:15-17:30,17:15,0.26,11:45-13:45,17:15-19:15
940GZZLUFPK,Finsbury Park,SUN,17:30-17:45,17:30,0.26,11:45-13:45,17:15-19:15
940GZZLUFPK,Finsbury Park,SUN,17:45-18:00,17:45,0.27,11:45-13:45,17:15-19:15
940GZZLUFPK,Finsbury Park,SUN,18:00-18:15,18:00,0.27,11:45-13:45,17:15-19:15
940GZZLUFPK,Finsbury Park,SUN,18:15-18:30,18:15,0.27,11:45-13:45,17:15-19:15
940GZZLUFPK,Finsbury Park,SUN,18:30-18:45,18:30,0.27,11:45-13:45,17:15-19:15
940GZZLUFPK,Finsbury Park,SUN,18:45-19:00,18:45,0.27,11:45-13:45,17:15-19:15
940GZZLUFPK,Finsbury Park,SUN,19:00-19:15,19:00,0.26,11:45-13:45,17:15-19:15
940GZZLUFPK,Finsbury Park,SUN,19:15-19:30,19:15,0.25,11:45-13:45,17:15-19:15
940GZZLUFPK,Finsbury Park,SUN,19:30-19:45,19:30,0.24,11:45-13:45,17:15-19:15
940GZZLUFPK,Finsbury Park,SUN,19:45-20:00,19:45,0.23,11:45-13:45,17:15-19:15
940GZZLUFPK,Finsbury Park,SUN,20:00-20:15,20:00,0.21,11:45-13:45,17:15-19:15
940GZZLUFPK,Finsbury Park,SUN,20:15-20:30,20:15,0.2,11:45-13:45,17:15-19:15
940GZZLUFPK,Finsbury Park,SUN,20:30-20:45,20:30,0.18,11:45-13:45,17:15-19:15
940GZZLUFPK,Finsbury Park,SUN,20:45-21:00,20:45,0.16,11:45-13:45,17:15-19:15
940GZZLUFPK,Finsbury Park,SUN,21:00-21:15,21:00,0.15,11:45-13:45,17:15-19:15
940GZZLUFPK,Finsbury Park,SUN,21:15-21:30,21:15,0.13,11:45-13:45,17:15-19:15
940GZZLUFPK,Finsbury Park,SUN,21:30-21:45,21:30,0.13,11:45-13:45,17:15-19:15
940GZZLUFPK,Finsbury Park,SUN,21:45-22:00,21:45,0.12,11:45-13:45,17:15-19:15
940GZZLUFPK,Finsbury Park,SUN,22:00-22:15,22:00,0.11,11:45-13:45,17:15-19:15
940GZZLUFPK,Finsbury Park,SUN,22:15-22:30,22:15,0.11,11:45-13:45,17:15-19:15
940GZZLUFPK,Finsbury Park,SUN,22:30-22:45,22:30,0.1,11:45-13:45,17:15-19:15
940GZZLUFPK,Finsbury Park,SUN,22:45-23:00,22:45,0.1,11:45-13:45,17:15-19:15
940GZZLUFPK,Finsbury Park,SUN,23:00-23:15,23:00,0.09,11:45-13:45,17:15-19:15
940GZZLUFPK,Finsbury Park,SUN,23:15-23:30,23:15,0.08,11:45-13:45,17:15-19:15
940GZZLUFPK,Finsbury Park,SUN,23:30-23:45,23:30,0.07,11:45-13:45,17:15-19:15
940GZZLUFPK,Finsbury Park,SUN,23:45-00:00,23:45,0.06,11:45-13:45,17:15-19:15
940GZZLUFPK,Finsbury Park,MON,00:00-00:15,00:00,0.05,07:15-09:15,16:30-18:30
940GZZLUFPK,Finsbury Park,MON,00:15-00:30,00:15,0.04,07:15-09:15,16:30-18:30
940GZZLUFPK,Finsbury Park,MON,00:30-00:45,00:30,0.03,07:15-09:15,16:30-18:30
940GZZLUFPK,Finsbury Park,MON,00:45-01:00,00:45,0.02,07:15-09:15,16:30-18:30
940GZZLUFPK,Finsbury Park,MON,01:00-01:15,01:00,0.02,07:15-09:15,16:30-18:30
940GZZLUFPK,Finsbury Park,MON,01:15-01:30,01:15,0.01,07:15-09:15,16:30-18:30
940GZZLUFPK,Finsbury Park,MON,01:30-01:45,01:30,0.01,07:15-09:15,16:30-18:30
940GZZLUFPK,Finsbury Park,MON,01:45-02:00,01:45,0.01,07:15-09:15,16:30-18:30
940GZZLUFPK,Finsbury Park,MON,02:00-02:15,02:00,0.01,07:15-09:15,16:30-18:30
940GZZLUFPK,Finsbury Park,MON,02:15-02:30,02:15,0.01,07:15-09:15,16:30-18:30
940GZZLUFPK,Finsbury Park,MON,02:30-02:45,02:30,0.01,07:15-09:15,16:30-18:30
940GZZLUFPK,Finsbury Park,MON,02:45-03:00,02:45,0.01,07:15-09:15,16:30-18:30
940GZZLUFPK,Finsbury Park,MON,03:00-03:15,03:00,0,07:15-09:15,16:30-18:30
940GZZLUFPK,Finsbury Park,MON,03:15-03:30,03:15,0,07:15-09:15,16:30-18:30
940GZZLUFPK,Finsbury Park,MON,03:30-03:45,03:30,0,07:15-09:15,16:30-18:30
940GZZLUFPK,Finsbury Park,MON,03:45-04:00,03:45,0,07:15-09:15,16:30-18:30
940GZZLUFPK,Finsbury Park,MON,04:00-04:15,04:00,0,07:15-09:15,16:30-18:30
940GZZLUFPK,Finsbury Park,MON,04:15-04:30,04:15,0,07:15-09:15,16:30-18:30
940GZZLUFPK,Finsbury Park,MON,04:30-04:45,04:30,0,07:15-09:15,16:30-18:30
940GZZLUFPK,Finsbury Park,MON,04:45-05:00,04:45,0,07:15-09:15,16:30-18:30
940GZZLUFPK,Finsbury Park,MON,05:00-05:15,05:00,0,07:15-09:15,16:30-18:30
940GZZLUFPK,Finsbury Park,MON,05:15-05:30,05:15,0.01,07:15-09:15,16:30-18:30
940GZZLUFPK,Finsbury Park,MON,05:30-05:45,05:30,0.03,07:15-09:15,16:30-18:30
940GZZLUFPK,Finsbury Park,MON,05:45-06:00,05:45,0.04,07:15-09:15,16:30-18:30
940GZZLUFPK,Finsbury Park,MON,06:00-06:15,06:00,0.07,07:15-09:15,16:30-18:30
940GZZLUFPK,Finsbury Park,MON,06:15-06:30,06:15,0.09,07:15-09:15,16:30-18:30
940GZZLUFPK,Finsbury Park,MON,06:30-06:45,06:30,0.12,07:15-09:15,16:30-18:30
940GZZLUFPK,Finsbury Park,MON,06:45-07:00,06:45,0.16,07:15-09:15,16:30-18:30
940GZZLUFPK,Finsbury Park,MON,07:00-07:15,07:00,0.19,07:15-09:15,16:30-18:30
940GZZLUFPK,Finsbury Park,MON,07:15-07:30,07:15,0.22,07:15-09:15,16:30-18:30
940GZZLUFPK,Finsbury Park,MON,07:30-07:45,07:30,0.26,07:15-09:15,16:30-18:30
940GZZLUFPK,Finsbury Park,MON,07:45-08:00,07:45,0.3,07:15-09:15,16:30-18:30
940GZZLUFPK,Finsbury Park,MON,08:00-08:15,08:00,0.32,07:15-09:15,16:30-18:30
940GZZLUFPK,Finsbury Park,MON,08:15-08:30,08:15,0.31,07:15-09:15,16:30-18:30
940GZZLUFPK,Finsbury Park,MON,08:30-08:45,08:30,0.28,07:15-09:15,16:30-18:30
940GZZLUFPK,Finsbury Park,MON,08:45-09:00,08:45,0.25,07:15-09:15,16:30-18:30
940GZZLUFPK,Finsbury Park,MON,09:00-09:15,09:00,0.22,07:15-09:15,16:30-18:30
940GZZLUFPK,Finsbury Park,MON,09:15-09:30,09:15,0.2,07:15-09:15,16:30-18:30
940GZZLUFPK,Finsbury Park,MON,09:30-09:45,09:30,0.2,07:15-09:15,16:30-18:30
940GZZLUFPK,Finsbury Park,MON,09:45-10:00,09:45,0.21,07:15-09:15,16:30-18:30
940GZZLUFPK,Finsbury Park,MON,10:00-10:15,10:00,0.21,07:15-09:15,16:30-18:30
940GZZLUFPK,Finsbury Park,MON,10:15-10:30,10:15,0.2,07:15-09:15,16:30-18:30
940GZZLUFPK,Finsbury Park,MON,10:30-10:45,10:30,0.19,07:15-09:15,16:30-18:30
940GZZLUFPK,Finsbury Park,MON,10:45-11:00,10:45,0.19,07:15-09:15,16:30-18:30
940GZZLUFPK,Finsbury Park,MON,11:00-11:15,11:00,0.18,07:15-09:15,16:30-18:30
940GZZLUFPK,Finsbury Park,MON,11:15-11:30,11:15,0.18,07:15-09:15,16:30-18:30
940GZZLUFPK,Finsbury Park,MON,11:30-11:45,11:30,0.18,07:15-09:15,16:30-18:30
940GZZLUFPK,Finsbury Park,MON,11:45-12:00,11:45,0.18,07:15-09:15,16:30-18:30
940GZZLUFPK,Finsbury Park,MON,12:00-12:15,12:00,0.19,07:15-09:15,16:30-18:30
940GZZLUFPK,Finsbury Park,MON,12:15-12:30,12:15,0.19,07:15-09:15,16:30-18:30
940GZZLUFPK,Finsbury Park,MON,12:30-12:45,12:30,0.2,07:15-09:15,16:30-18:30
940GZZLUFPK,Finsbury Park,MON,12:45-13:00,12:45,0.2,07:15-09:15,16:30-18:30
940GZZLUFPK,Finsbury Park,MON,13:00-13:15,13:00,0.21,07:15-09:15,16:30-18:30
940GZZLUFPK,Finsbury Park,MON,13:15-13:30,13:15,0.21,07:15-09:15,16:30-18:30
940GZZLUFPK,Finsbury Park,MON,13:30-13:45,13:30,0.21,07:15-09:15,16:30-18:30
940GZZLUFPK,Finsbury Park,MON,13:45-14:00,13:45,0.21,07:15-09:15,16:30-18:30
940GZZLUFPK,Finsbury Park,MON,14:00-14:15,14:00,0.21,07:15-09:15,16:30-18:30
940GZZLUFPK,Finsbury Park,MON,14:15-14:30,14:15,0.21,07:15-09:15,16:30-18:30
940GZZLUFPK,Finsbury Park,MON,14:30-14:45,14:30,0.2,07:15-09:15,16:30-18:30
940GZZLUFPK,Finsbury Park,MON,14:45-15:00,14:45,0.21,07:15-09:15,16:30-18:30
940GZZLUFPK,Finsbury Park,MON,15:00-15:15,15:00,0.21,07:15-09:15,16:30-18:30
940GZZLUFPK,Finsbury Park,MON,15:15-15:30,15:15,0.22,07:15-09:15,16:30-18:30
940GZZLUFPK,Finsbury Park,MON,15:30-15:45,15:30,0.22,07:15-09:15,16:30-18:30
940GZZLUFPK,Finsbury Park,MON,15:45-16:00,15:45,0.23,07:15-09:15,16:30-18:30
940GZZLUFPK,Finsbury Park,MON,16:00-16:15,16:00,0.25,07:15-09:15,16:30-18:30
940GZZLUFPK,Finsbury Park,MON,16:15-16:30,16:15,0.26,07:15-09:15,16:30-18:30
940GZZLUFPK,Finsbury Park,MON,16:30-16:45,16:30,0.28,07:15-09:15,16:30-18:30
940GZZLUFPK,Finsbury Park,MON,16:45-17:00,16:45,0.3,07:15-09:15,16:30-18:30
940GZZLUFPK,Finsbury Park,MON,17:00-17:15,17:00,0.33,07:15-09:15,16:30-18:30
940GZZLUFPK,Finsbury Park,MON,17:15-17:30,17:15,0.35,07:15-09:15,16:30-18:30
940GZZLUFPK,Finsbury Park,MON,17:30-17:45,17:30,0.35,07:15-09:15,16:30-18:30
940GZZLUFPK,Finsbury Park,MON,17:45-18:00,17:45,0.34,07:15-09:15,16:30-18:30
940GZZLUFPK,Finsbury Park,MON,18:00-18:15,18:00,0.31,07:15-09:15,16:30-18:30
940GZZLUFPK,Finsbury Park,MON,18:15-18:30,18:15,0.28,07:15-09:15,16:30-18:30
940GZZLUFPK,Finsbury Park,MON,18:30-18:45,18:30,0.24,07:15-09:15,16:30-18:30
940GZZLUFPK,Finsbury Park,MON,18:45-19:00,18:45,0.21,07:15-09:15,16:30-18:30
940GZZLUFPK,Finsbury Park,MON,19:00-19:15,19:00,0.2,07:15-09:15,16:30-18:30
940GZZLUFPK,Finsbury Park,MON,19:15-19:30,19:15,0.2,07:15-09:15,16:30-18:30
940GZZLUFPK,Finsbury Park,MON,19:30-19:45,19:30,0.19,07:15-09:15,16:30-18:30
940GZZLUFPK,Finsbury Park,MON,19:45-20:00,19:45,0.2,07:15-09:15,16:30-18:30
940GZZLUFPK,Finsbury Park,MON,20:00-20:15,20:00,0.2,07:15-09:15,16:30-18:30
940GZZLUFPK,Finsbury Park,MON,20:15-20:30,20:15,0.2,07:15-09:15,16:30-18:30
940GZZLUFPK,Finsbury Park,MON,20:30-20:45,20:30,0.19,07:15-09:15,16:30-18:30
940GZZLUFPK,Finsbury Park,MON,20:45-21:00,20:45,0.18,07:15-09:15,16:30-18:30
940GZZLUFPK,Finsbury Park,MON,21:00-21:15,21:00,0.17,07:15-09:15,16:30-18:30
940GZZLUFPK,Finsbury Park,MON,21:15-21:30,21:15,0.16,07:15-09:15,16:30-18:30
940GZZLUFPK,Finsbury Park,MON,21:30-21:45,21:30,0.15,07:15-09:15,16:30-18:30
940GZZLUFPK,Finsbury Park,MON,21:45-22:00,21:45,0.15,07:15-09:15,16:30-18:30
940GZZLUFPK,Finsbury Park,MON,22:00-22:15,22:00,0.15,07:15-09:15,16:30-18:30
940GZZLUFPK,Finsbury Park,MON,22:15-22:30,22:15,0.15,07:15-09:15,16:30-18:30
940GZZLUFPK,Finsbury Park,MON,22:30-22:45,22:30,0.14,07:15-09:15,16:30-18:30
940GZZLUFPK,Finsbury Park,MON,22:45-23:00,22:45,0.13,07:15-09:15,16:30-18:30
940GZZLUFPK,Finsbury Park,MON,23:00-23:15,23:00,0.12,07:15-09:15,16:30-18:30
940GZZLUFPK,Finsbury Park,MON,23:15-23:30,23:15,0.11,07:15-09:15,16:30-18:30
940GZZLUFPK,Finsbury Park,MON,23:30-23:45,23:30,0.09,07:15-09:15,16:30-18:30
940GZZLUFPK,Finsbury Park,MON,23:45-00:00,23:45,0.07,07:15-09:15,16:30-18:30
940GZZLUFPK,Finsbury Park,FRI,00:00-00:15,00:00,0.15,07:45-09:45,16:45-18:45
940GZZLUFPK,Finsbury Park,FRI,00:15-00:30,00:15,0.12,07:45-09:45,16:45-18:45
940GZZLUFPK,Finsbury Park,FRI,00:30-00:45,00:30,0.1,07:45-09:45,16:45-18:45
940GZZLUFPK,Finsbury Park,FRI,00:45-01:00,00:45,0.07,07:45-09:45,16:45-18:45
940GZZLUFPK,Finsbury Park,FRI,01:00-01:15,01:00,0.05,07:45-09:45,16:45-18:45
940GZZLUFPK,Finsbury Park,FRI,01:15-01:30,01:15,0.03,07:45-09:45,16:45-18:45
940GZZLUFPK,Finsbury Park,FRI,01:30-01:45,01:30,0.02,07:45-09:45,16:45-18:45
940GZZLUFPK,Finsbury Park,FRI,01:45-02:00,01:45,0.01,07:45-09:45,16:45-18:45
940GZZLUFPK,Finsbury Park,FRI,02:00-02:15,02:00,0.01,07:45-09:45,16:45-18:45
940GZZLUFPK,Finsbury Park,FRI,02:15-02:30,02:15,0.01,07:45-09:45,16:45-18:45
940GZZLUFPK,Finsbury Park,FRI,02:30-02:45,02:30,0.01,07:45-09:45,16:45-18:45
940GZZLUFPK,Finsbury Park,FRI,02:45-03:00,02:45,0.01,07:45-09:45,16:45-18:45
940GZZLUFPK,Finsbury Park,FRI,03:00-03:15,03:00,0.01,07:45-09:45,16:45-18:45
940GZZLUFPK,Finsbury Park,FRI,03:15-03:30,03:15,0.01,07:45-09:45,16:45-18:45
940GZZLUFPK,Finsbury Park,FRI,03:30-03:45,03:30,0.01,07:45-09:45,16:45-18:45
940GZZLUFPK,Finsbury Park,FRI,03:45-04:00,03:45,0.01,07:45-09:45,16:45-18:45
940GZZLUFPK,Finsbury Park,FRI,04:00-04:15,04:00,0,07:45-09:45,16:45-18:45
940GZZLUFPK,Finsbury Park,FRI,04:15-04:30,04:15,0,07:45-09:45,16:45-18:45
940GZZLUFPK,Finsbury Park,FRI,04:30-04:45,04:30,0,07:45-09:45,16:45-18:45
940GZZLUFPK,Finsbury Park,FRI,04:45-05:00,04:45,0,07:45-09:45,16:45-18:45
940GZZLUFPK,Finsbury Park,FRI,05:00-05:15,05:00,0.01,07:45-09:45,16:45-18:45
940GZZLUFPK,Finsbury Park,FRI,05:15-05:30,05:15,0.01,07:45-09:45,16:45-18:45
940GZZLUFPK,Finsbury Park,FRI,05:30-05:45,05:30,0.03,07:45-09:45,16:45-18:45
940GZZLUFPK,Finsbury Park,FRI,05:45-06:00,05:45,0.05,07:45-09:45,16:45-18:45
940GZZLUFPK,Finsbury Park,FRI,06:00-06:15,06:00,0.07,07:45-09:45,16:45-18:45
940GZZLUFPK,Finsbury Park,FRI,06:15-06:30,06:15,0.1,07:45-09:45,16:45-18:45
940GZZLUFPK,Finsbury Park,FRI,06:30-06:45,06:30,0.13,07:45-09:45,16:45-18:45
940GZZLUFPK,Finsbury Park,FRI,06:45-07:00,06:45,0.17,07:45-09:45,16:45-18:45
940GZZLUFPK,Finsbury Park,FRI,07:00-07:15,07:00,0.21,07:45-09:45,16:45-18:45
940GZZLUFPK,Finsbury Park,FRI,07:15-07:30,07:15,0.24,07:45-09:45,16:45-18:45
940GZZLUFPK,Finsbury Park,FRI,07:30-07:45,07:30,0.27,07:45-09:45,16:45-18:45
940GZZLUFPK,Finsbury Park,FRI,07:45-08:00,07:45,0.3,07:45-09:45,16:45-18:45
940GZZLUFPK,Finsbury Park,FRI,08:00-08:15,08:00,0.33,07:45-09:45,16:45-18:45
940GZZLUFPK,Finsbury Park,FRI,08:15-08:30,08:15,0.35,07:45-09:45,16:45-18:45
940GZZLUFPK,Finsbury Park,FRI,08:30-08:45,08:30,0.36,07:45-09:45,16:45-18:45
940GZZLUFPK,Finsbury Park,FRI,08:45-09:00,08:45,0.36,07:45-09:45,16:45-18:45
940GZZLUFPK,Finsbury Park,FRI,09:00-09:15,09:00,0.35,07:45-09:45,16:45-18:45
940GZZLUFPK,Finsbury Park,FRI,09:15-09:30,09:15,0.33,07:45-09:45,16:45-18:45
940GZZLUFPK,Finsbury Park,FRI,09:30-09:45,09:30,0.3,07:45-09:45,16:45-18:45
940GZZLUFPK,Finsbury Park,FRI,09:45-10:00,09:45,0.27,07:45-09:45,16:45-18:45
940GZZLUFPK,Finsbury Park,FRI,10:00-10:15,10:00,0.25,07:45-09:45,16:45-18:45
940GZZLUFPK,Finsbury Park,FRI,10:15-10:30,10:15,0.23,07:45-09:45,16:45-18:45
940GZZLUFPK,Finsbury Park,FRI,10:30-10:45,10:30,0.21,07:45-09:45,16:45-18:45
940GZZLUFPK,Finsbury Park,FRI,10:45-11:00,10:45,0.2,07:45-09:45,16:45-18:45
940GZZLUFPK,Finsbury Park,FRI,11:00-11:15,11:00,0.2,07:45-09:45,16:45-18:45
940GZZLUFPK,Finsbury Park,FRI,11:15-11:30,11:15,0.2,07:45-09:45,16:45-18:45
940GZZLUFPK,Finsbury Park,FRI,11:30-11:45,11:30,0.2,07:45-09:45,16:45-18:45
940GZZLUFPK,Finsbury Park,FRI,11:45-12:00,11:45,0.2,07:45-09:45,16:45-18:45
940GZZLUFPK,Finsbury Park,FRI,12:00-12:15,12:00,0.2,07:45-09:45,16:45-18:45
940GZZLUFPK,Finsbury Park,FRI,12:15-12:30,12:15,0.2,07:45-09:45,16:45-18:45
940GZZLUFPK,Finsbury Park,FRI,12:30-12:45,12:30,0.21,07:45-09:45,16:45-18:45
940GZZLUFPK,Finsbury Park,FRI,12:45-13:00,12:45,0.21,07:45-09:45,16:45-18:45
940GZZLUFPK,Finsbury Park,FRI,13:00-13:15,13:00,0.22,07:45-09:45,16:45-18:45
940GZZLUFPK,Finsbury Park,FRI,13:15-13:30,13:15,0.22,07:45-09:45,16:45-18:45
940GZZLUFPK,Finsbury Park,FRI,13:30-13:45,13:30,0.22,07:45-09:45,16:45-18:45
940GZZLUFPK,Finsbury Park,FRI,13:45-14:00,13:45,0.22,07:45-09:45,16:45-18:45
940GZZLUFPK,Finsbury Park,FRI,14:00-14:15,14:00,0.23,07:45-09:45,16:45-18:45
940GZZLUFPK,Finsbury Park,FRI,14:15-14:30,14:15,0.23,07:45-09:45,16:45-18:45
940GZZLUFPK,Finsbury Park,FRI,14:30-14:45,14:30,0.23,07:45-09:45,16:45-18:45
940GZZLUFPK,Finsbury Park,FRI,14:45-15:00,14:45,0.24,07:45-09:45,16:45-18:45
940GZZLUFPK,Finsbury Park,FRI,15:00-15:15,15:00,0.24,07:45-09:45,16:45-18:45
940GZZLUFPK,Finsbury Park,FRI,15:15-15:30,15:15,0.25,07:45-09:45,16:45-18:45
940GZZLUFPK,Finsbury Park,FRI,15:30-15:45,15:30,0.26,07:45-09:45,16:45-18:45
940GZZLUFPK,Finsbury Park,FRI,15:45-16:00,15:45,0.27,07:45-09:45,16:45-18:45
940GZZLUFPK,Finsbury Park,FRI,16:00-16:15,16:00,0.29,07:45-09:45,16:45-18:45
940GZZLUFPK,Finsbury Park,FRI,16:15-16:30,16:15,0.31,07:45-09:45,16:45-18:45
940GZZLUFPK,Finsbury Park,FRI,16:30-16:45,16:30,0.32,07:45-09:45,16:45-18:45
940GZZLUFPK,Finsbury Park,FRI,16:45-17:00,16:45,0.35,07:45-09:45,16:45-18:45
940GZZLUFPK,Finsbury Park,FRI,17:00-17:15,17:00,0.37,07:45-09:45,16:45-18:45
940GZZLUFPK,Finsbury Park,FRI,17:15-17:30,17:15,0.4,07:45-09:45,16:45-18:45
940GZZLUFPK,Finsbury Park,FRI,17:30-17:45,17:30,0.42,07:45-09:45,16:45-18:45
940GZZLUFPK,Finsbury Park,FRI,17:45-18:00,17:45,0.43,07:45-09:45,16:45-18:45
940GZZLUFPK,Finsbury Park,FRI,18:00-18:15,18:00,0.43,07:45-09:45,16:45-18:45
940GZZLUFPK,Finsbury Park,FRI,18:15-18:30,18:15,0.41,07:45-09:45,16:45-18:45
940GZZLUFPK,Finsbury Park,FRI,18:30-18:45,18:30,0.38,07:45-09:45,16:45-18:45
940GZZLUFPK,Finsbury Park,FRI,18:45-19:00,18:45,0.35,07:45-09:45,16:45-18:45
940GZZLUFPK,Finsbury Park,FRI,19:00-19:15,19:00,0.32,07:45-09:45,16:45-18:45
940GZZLUFPK,Finsbury Park,FRI,19:15-19:30,19:15,0.3,07:45-09:45,16:45-18:45
940GZZLUFPK,Finsbury Park,FRI,19:30-19:45,19:30,0.28,07:45-09:45,16:45-18:45
940GZZLUFPK,Finsbury Park,FRI,19:45-20:00,19:45,0.27,07:45-09:45,16:45-18:45
940GZZLUFPK,Finsbury Park,FRI,20:00-20:15,20:00,0.26,07:45-09:45,16:45-18:45
940GZZLUFPK,Finsbury Park,FRI,20:15-20:30,20:15,0.24,07:45-09:45,16:45-18:45
940GZZLUFPK,Finsbury Park,FRI,20:30-20:45,20:30,0.22,07:45-09:45,16:45-18:45
940GZZLUFPK,Finsbury Park,FRI,20:45-21:00,20:45,0.21,07:45-09:45,16:45-18:45
940GZZLUFPK,Finsbury Park,FRI,21:00-21:15,21:00,0.19,07:45-09:45,16:45-18:45
940GZZLUFPK,Finsbury Park,FRI,21:15-21:30,21:15,0.18,07:45-09:45,16:45-18:45
940GZZLUFPK,Finsbury Park,FRI,21:30-21:45,21:30,0.18,07:45-09:45,16:45-18:45
940GZZLUFPK,Finsbury Park,FRI,21:45-22:00,21:45,0.18,07:45-09:45,16:45-18:45
940GZZLUFPK,Finsbury Park,FRI,22:00-22:15,22:00,0.18,07:45-09:45,16:45-18:45
940GZZLUFPK,Finsbury Park,FRI,22:15-22:30,22:15,0.19,07:45-09:45,16:45-18:45
940GZZLUFPK,Finsbury Park,FRI,22:30-22:45,22:30,0.2,07:45-09:45,16:45-18:45
940GZZLUFPK,Finsbury Park,FRI,22:45-23:00,22:45,0.21,07:45-09:45,16:45-18:45
940GZZLUFPK,Finsbury Park,FRI,23:00-23:15,23:00,0.21,07:45-09:45,16:45-18:45
940GZZLUFPK,Finsbury Park,FRI,23:15-23:30,23:15,0.21,07:45-09:45,16:45-18:45
940GZZLUFPK,Finsbury Park,FRI,23:30-23:45,23:30,0.2,07:45-09:45,16:45-18:45
940GZZLUFPK,Finsbury Park,FRI,23:45-00:00,23:45,0.2,07:45-09:45,16:45-18:45
940GZZLUFPK,Finsbury Park,THU,00:00-00:15,00:00,0.09,06:45-08:45,15:45-17:45
940GZZLUFPK,Finsbury Park,THU,00:15-00:30,00:15,0.07,06:45-08:45,15:45-17:45
940GZZLUFPK,Finsbury Park,THU,00:30-00:45,00:30,0.05,06:45-08:45,15:45-17:45
940GZZLUFPK,Finsbury Park,THU,00:45-01:00,00:45,0.04,06:45-08:45,15:45-17:45
940GZZLUFPK,Finsbury Park,THU,01:00-01:15,01:00,0.03,06:45-08:45,15:45-17:45
940GZZLUFPK,Finsbury Park,THU,01:15-01:30,01:15,0.02,06:45-08:45,15:45-17:45
940GZZLUFPK,Finsbury Park,THU,01:30-01:45,01:30,0.01,06:45-08:45,15:45-17:45
940GZZLUFPK,Finsbury Park,THU,01:45-02:00,01:45,0.01,06:45-08:45,15:45-17:45
940GZZLUFPK,Finsbury Park,THU,02:00-02:15,02:00,0.01,06:45-08:45,15:45-17:45
940GZZLUFPK,Finsbury Park,THU,02:15-02:30,02:15,0.01,06:45-08:45,15:45-17:45
940GZZLUFPK,Finsbury Park,THU,02:30-02:45,02:30,0.01,06:45-08:45,15:45-17:45
940GZZLUFPK,Finsbury Park,THU,02:45-03:00,02:45,0.01,06:45-08:45,15:45-17:45
940GZZLUFPK,Finsbury Park,THU,03:00-03:15,03:00,0.01,06:45-08:45,15:45-17:45
940GZZLUFPK,Finsbury Park,THU,03:15-03:30,03:15,0.01,06:45-08:45,15:45-17:45
940GZZLUFPK,Finsbury Park,THU,03:30-03:45,03:30,0.01,06:45-08:45,15:45-17:45
940GZZLUFPK,Finsbury Park,THU,03:45-04:00,03:45,0.01,06:45-08:45,15:45-17:45
940GZZLUFPK,Finsbury Park,THU,04:00-04:15,04:00,0.01,06:45-08:45,15:45-17:45
940GZZLUFPK,Finsbury Park,THU,04:15-04:30,04:15,0,06:45-08:45,15:45-17:45
940GZZLUFPK,Finsbury Park,THU,04:30-04:45,04:30,0,06:45-08:45,15:45-17:45
940GZZLUFPK,Finsbury Park,THU,04:45-05:00,04:45,0,06:45-08:45,15:45-17:45
940GZZLUFPK,Finsbury Park,THU,05:00-05:15,05:00,0.01,06:45-08:45,15:45-17:45
940GZZLUFPK,Finsbury Park,THU,05:15-05:30,05:15,0.01,06:45-08:45,15:45-17:45
940GZZLUFPK,Finsbury Park,THU,05:30-05:45,05:30,0.03,06:45-08:45,15:45-17:45
940GZZLUFPK,Finsbury Park,THU,05:45-06:00,05:45,0.04,06:45-08:45,15:45-17:45
940GZZLUFPK,Finsbury Park,THU,06:00-06:15,06:00,0.07,06:45-08:45,15:45-17:45
940GZZLUFPK,Finsbury Park,THU,06:15-06:30,06:15,0.1,06:45-08:45,15:45-17:45
940GZZLUFPK,Finsbury Park,THU,06:30-06:45,06:30,0.14,06:45-08:45,15:45-17:45
940GZZLUFPK,Finsbury Park,THU,06:45-07:00,06:45,0.18,06:45-08:45,15:45-17:45
940GZZLUFPK,Finsbury Park,THU,07:00-07:15,07:00,0.22,06:45-08:45,15:45-17:45
940GZZLUFPK,Finsbury Park,THU,07:15-07:30,07:15,0.27,06:45-08:45,15:45-17:45
940GZZLUFPK,Finsbury Park,THU,07:30-07:45,07:30,0.32,06:45-08:45,15:45-17:45
940GZZLUFPK,Finsbury Park,THU,07:45-08:00,07:45,0.36,06:45-08:45,15:45-17:45
940GZZLUFPK,Finsbury Park,THU,08:00-08:15,08:00,0.36,06:45-08:45,15:45-17:45
940GZZLUFPK,Finsbury Park,THU,08:15-08:30,08:15,0.31,06:45-08:45,15:45-17:45
940GZZLUFPK,Finsbury Park,THU,08:30-08:45,08:30,0.24,06:45-08:45,15:45-17:45
940GZZLUFPK,Finsbury Park,THU,08:45-09:00,08:45,0.15,06:45-08:45,15:45-17:45
940GZZLUFPK,Finsbury Park,THU,09:00-09:15,09:00,0.07,06:45-08:45,15:45-17:45
940GZZLUFPK,Finsbury Park,THU,09:15-09:30,09:15,0.03,06:45-08:45,15:45-17:45
940GZZLUFPK,Finsbury Park,THU,09:30-09:45,09:30,0.05,06:45-08:45,15:45-17:45
940GZZLUFPK,Finsbury Park,THU,09:45-10:00,09:45,0.1,06:45-08:45,15:45-17:45
940GZZLUFPK,Finsbury Park,THU,10:00-10:15,10:00,0.14,06:45-08:45,15:45-17:45
940GZZLUFPK,Finsbury Park,THU,10:15-10:30,10:15,0.18,06:45-08:45,15:45-17:45
940GZZLUFPK,Finsbury Park,THU,10:30-10:45,10:30,0.2,06:45-08:45,15:45-17:45
940GZZLUFPK,Finsbury Park,THU,10:45-11:00,10:45,0.2,06:45-08:45,15:45-17:45
940GZZLUFPK,Finsbury Park,THU,11:00-11:15,11:00,0.2,06:45-08:45,15:45-17:45
940GZZLUFPK,Finsbury Park,THU,11:15-11:30,11:15,0.19,06:45-08:45,15:45-17:45
940GZZLUFPK,Finsbury Park,THU,11:30-11:45,11:30,0.18,06:45-08:45,15:45-17:45
940GZZLUFPK,Finsbury Park,THU,11:45-12:00,11:45,0.18,06:45-08:45,15:45-17:45
940GZZLUFPK,Finsbury Park,THU,12:00-12:15,12:00,0.19,06:45-08:45,15:45-17:45
940GZZLUFPK,Finsbury Park,THU,12:15-12:30,12:15,0.19,06:45-08:45,15:45-17:45
940GZZLUFPK,Finsbury Park,THU,12:30-12:45,12:30,0.19,06:45-08:45,15:45-17:45
940GZZLUFPK,Finsbury Park,THU,12:45-13:00,12:45,0.2,06:45-08:45,15:45-17:45
940GZZLUFPK,Finsbury Park,THU,13:00-13:15,13:00,0.2,06:45-08:45,15:45-17:45
940GZZLUFPK,Finsbury Park,THU,13:15-13:30,13:15,0.2,06:45-08:45,15:45-17:45
940GZZLUFPK,Finsbury Park,THU,13:30-13:45,13:30,0.2,06:45-08:45,15:45-17:45
940GZZLUFPK,Finsbury Park,THU,13:45-14:00,13:45,0.2,06:45-08:45,15:45-17:45
940GZZLUFPK,Finsbury Park,THU,14:00-14:15,14:00,0.21,06:45-08:45,15:45-17:45
940GZZLUFPK,Finsbury Park,THU,14:15-14:30,14:15,0.21,06:45-08:45,15:45-17:45
940GZZLUFPK,Finsbury Park,THU,14:30-14:45,14:30,0.21,06:45-08:45,15:45-17:45
940GZZLUFPK,Finsbury Park,THU,14:45-15:00,14:45,0.21,06:45-08:45,15:45-17:45
940GZZLUFPK,Finsbury Park,THU,15:00-15:15,15:00,0.22,06:45-08:45,15:45-17:45
940GZZLUFPK,Finsbury Park,THU,15:15-15:30,15:15,0.22,06:45-08:45,15:45-17:45
940GZZLUFPK,Finsbury Park,THU,15:30-15:45,15:30,0.23,06:45-08:45,15:45-17:45
940GZZLUFPK,Finsbury Park,THU,15:45-16:00,15:45,0.24,06:45-08:45,15:45-17:45
940GZZLUFPK,Finsbury Park,THU,16:00-16:15,16:00,0.27,06:45-08:45,15:45-17:45
940GZZLUFPK,Finsbury Park,THU,16:15-16:30,16:15,0.29,06:45-08:45,15:45-17:45
940GZZLUFPK,Finsbury Park,THU,16:30-16:45,16:30,0.33,06:45-08:45,15:45-17:45
940GZZLUFPK,Finsbury Park,THU,16:45-17:00,16:45,0.35,06:45-08:45,15:45-17:45
940GZZLUFPK,Finsbury Park,THU,17:00-17:15,17:00,0.34,06:45-08:45,15:45-17:45
940GZZLUFPK,Finsbury Park,THU,17:15-17:30,17:15,0.32,06:45-08:45,15:45-17:45
940GZZLUFPK,Finsbury Park,THU,17:30-17:45,17:30,0.27,06:45-08:45,15:45-17:45
940GZZLUFPK,Finsbury Park,THU,17:45-18:00,17:45,0.22,06:45-08:45,15:45-17:45
940GZZLUFPK,Finsbury Park,THU,18:00-18:15,18:00,0.16,06:45-08:45,15:45-17:45
940GZZLUFPK,Finsbury Park,THU,18:15-18:30,18:15,0.11,06:45-08:45,15:45-17:45
940GZZLUFPK,Finsbury Park,THU,18:30-18:45,18:30,0.08,06:45-08:45,15:45-17:45
940GZZLUFPK,Finsbury Park,THU,18:45-19:00,18:45,0.06,06:45-08:45,15:45-17:45
940GZZLUFPK,Finsbury Park,THU,19:00-19:15,19:00,0.05,06:45-08:45,15:45-17:45
940GZZLUFPK,Finsbury Park,THU,19:15-19:30,19:15,0.05,06:45-08:45,15:45-17:45
940GZZLUFPK,Finsbury Park,THU,19:30-19:45,19:30,0.08,06:45-08:45,15:45-17:45
940GZZLUFPK,Finsbury Park,THU,19:45-20:00,19:45,0.11,06:45-08:45,15:45-17:45
940GZZLUFPK,Finsbury Park,THU,20:00-20:15,20:00,0.14,06:45-08:45,15:45-17:45
940GZZLUFPK,Finsbury Park,THU,20:15-20:30,20:15,0.18,06:45-08:45,15:45-17:45
940GZZLUFPK,Finsbury Park,THU,20:30-20:45,20:30,0.2,06:45-08:45,15:45-17:45
940GZZLUFPK,Finsbury Park,THU,20:45-21:00,20:45,0.22,06:45-08:45,15:45-17:45
940GZZLUFPK,Finsbury Park,THU,21:00-21:15,21:00,0.22,06:45-08:45,15:45-17:45
940GZZLUFPK,Finsbury Park,THU,21:15-21:30,21:15,0.21,06:45-08:45,15:45-17:45
940GZZLUFPK,Finsbury Park,THU,21:30-21:45,21:30,0.21,06:45-08:45,15:45-17:45
940GZZLUFPK,Finsbury Park,THU,21:45-22:00,21:45,0.2,06:45-08:45,15:45-17:45
940GZZLUFPK,Finsbury Park,THU,22:00-22:15,22:00,0.21,06:45-08:45,15:45-17:45
940GZZLUFPK,Finsbury Park,THU,22:15-22:30,22:15,0.21,06:45-08:45,15:45-17:45
940GZZLUFPK,Finsbury Park,THU,22:30-22:45,22:30,0.21,06:45-08:45,15:45-17:45
940GZZLUFPK,Finsbury Park,THU,22:45-23:00,22:45,0.21,06:45-08:45,15:45-17:45
940GZZLUFPK,Finsbury Park,THU,23:00-23:15,23:00,0.2,06:45-08:45,15:45-17:45
940GZZLUFPK,Finsbury Park,THU,23:15-23:30,23:15,0.18,06:45-08:45,15:45-17:45
940GZZLUFPK,Finsbury Park,THU,23:30-23:45,23:30,0.16,06:45-08:45,15:45-17:45
940GZZLUFPK,Finsbury Park,THU,23:45-00:00,23:45,0.14,06:45-08:45,15:45-17:45
